thread_id,source,repo_or_category,title,tags,created_at,last_activity_at,author,author_trust_level,op_has_code,n_posts,n_replies,n_participants,n_replies_by_others,first_reply_at,views,likes,reactions,state,closed_at,labels,url,hours_to_first_reply,quarter,op_words,post_type,lifecycle_stage,tools,pain_point,job_to_be_done,severity,workaround_present,resolution_status,multi_site_context,harmonization_context,evidence_quote,confidence,resolution_final,unmet
f22478,forums,Implementers,Year_of_birth not showing in ATLAS,,2024-10-01 14:28:31.853000+00:00,2024-10-01 14:28:31.926000+00:00,u_d4fa816e56,1,False,1,0,1,0,,93,0,,open,,,https://forums.ohdsi.org/t/year-of-birth-not-showing-in-atlas/22478,,2024Q4,97,question,infrastructure_deployment,"Atlas,WebAPI,Achilles",Year of birth data is not displayed in the Atlas person report despite being present in the OMOP database.,Troubleshoot why year of birth appears in the database but not in Atlas reports.,major,False,no_reply,False,False,it is not showed any data regarding the year_of_birth,high,no_reply,True
f22479,forums,CDM Builders,CPT4 Vocab access and use,"vocabularies,vocab",2024-10-01 14:47:08.480000+00:00,2024-10-06 20:43:51.706000+00:00,u_885a9f2a7c,1,False,5,4,2,2,2024-10-01 15:40:06.758000+00:00,386,0,,open,,,https://forums.ohdsi.org/t/cpt4-vocab-access-and-use/22479,0.882855,2024Q4,174,question,vocabulary_mapping,"Athena,Java","CPT4 source code descriptions are not available via CSV or XLS, and API key access requirements create barriers to vocabulary implementation.",Map procedural codes using CPT4 vocabulary into the OMOP database.,major,True,partially,False,True,I don't see a csv or xls that features a source_code_description,medium,partially,True
f22483,forums,Uncategorized,Titer value mapping in measurement table(Antinuclear antibodies),,2024-10-02 06:45:45.375000+00:00,2024-10-10 19:18:22.039000+00:00,u_0eea302cd8,1,False,11,10,4,9,2024-10-05 00:04:38.931000+00:00,212,1,,open,,,https://forums.ohdsi.org/t/titer-value-mapping-in-measurement-table-antinuclear-antibodies/22483,65.31487666666666,2024Q4,185,question,"etl_cdm_conversion,vocabulary_mapping",OMOP-CDM,"Titer-based test results (e.g., 1:40, 1:160) cannot be directly stored in the measurement table, making it unclear how to preserve clinical significance in the CDM.",Convert source titer test results into OMOP measurement records while preserving clinical meaning.,major,True,partially,False,True,Would it be possible to represent such values in a format like 1/40 or 1/160 within the OMOP-CDM?,medium,partially,True
f22496,forums,CDM Builders,Episode table and procedure occurrence,,2024-10-04 08:36:51.059000+00:00,2024-10-07 08:19:33.763000+00:00,u_311106ee60,1,False,3,2,2,1,2024-10-06 20:51:57.630000+00:00,180,0,,open,,,https://forums.ohdsi.org/t/episode-table-and-procedure-occurrence/22496,60.251825277777776,2024Q4,95,question,etl_cdm_conversion,OMOP-CDM,"It is unclear whether surgical procedures should be recorded in the episode table, procedure occurrence table, or both to avoid duplication.",Build a CDM for prostate cancer patients with correct representation of surgical procedures.,minor,False,resolved,False,True,Is the surgery going to be inserted a second time in the episode table or it will be emiited in one of the two tables?,high,resolved,False
f22497,forums,CDM Builders,Gleason score best practice,,2024-10-04 08:55:01.331000+00:00,2024-10-07 08:18:22.117000+00:00,u_311106ee60,1,False,3,2,2,1,2024-10-04 22:37:42.170000+00:00,256,1,,open,,,https://forums.ohdsi.org/t/gleason-score-best-practice/22497,13.711344166666667,2024Q4,77,question,etl_cdm_conversion,OMOP-CDM,There is ambiguity about whether to code Gleason scores using measurement_concept_id with value_as_concept_id or as a concept directly in measurement_concept_id.,Establish the correct approach for coding Gleason score measurements in prostate cancer CDM records.,minor,False,resolved,False,True,What is the best practice regarding Gleason measurements?,high,resolved,False
f22512,forums,OHDSI in Korea,Cohort definition 관련 문의드립니다,,2024-10-06 06:42:39.587000+00:00,2024-10-08 16:11:10.105000+00:00,u_f03a1cc9a8,1,False,9,8,3,5,2024-10-06 20:22:37.210000+00:00,273,1,,open,,,https://forums.ohdsi.org/t/cohort-definition/22512,13.666006388888889,2024Q4,126,question,cohort_definition,Atlas,"Cohort definition for SGLT2 inhibitor users returns zero patients despite apparently correct criteria setup, with unclear which criteria component is misconfigured.",Define a cohort of 65+ type 2 diabetes patients taking SGLT2 inhibitors to study dementia risk.,major,False,unresolved,False,False,sglt2 에서의 값이 0이 나옵니다,medium,unresolved,True
f22524,forums,Vocabulary Users,Failed to create delta from `v20240229` to v20240830[Current],,2024-10-07 13:03:26.466000+00:00,2025-03-12 16:50:11.623000+00:00,u_a450c2e954,0,True,4,3,3,3,2025-03-12 15:32:50.186000+00:00,152,0,,open,,,https://forums.ohdsi.org/t/failed-to-create-delta-from-v20240229-to-v20240830-current/22524,3746.4899222222225,2024Q4,100,bug,vocabulary_mapping,"Athena,OMOP-CDM","Delta generation from Athena fails specifically for CPT4 vocabulary, blocking version upgrades and leaving report submissions incomplete.",Upgrade vocabulary from v20240229 to v20240830 in an OMOP database.,major,True,unresolved,False,True,The Delta bundle could not be generated for the CPT4 vocabulary,high,unresolved,True
f22525,forums,Vocabulary Users,Cancer-related cause of death,,2024-10-07 13:28:03.914000+00:00,2024-10-07 15:06:20.464000+00:00,u_7601c0cb98,1,False,2,1,2,1,2024-10-07 15:06:20.464000+00:00,141,0,,open,,,https://forums.ohdsi.org/t/cancer-related-cause-of-death/22525,1.6379305555555557,2024Q4,213,question,etl_cdm_conversion,OMOP-CDM,"OMOP lacks standard concepts to distinguish between cancer-caused death, treatment-caused death, and unknown causation, limiting disease-specific survival analysis.",Represent cancer-related and treatment-related deaths in an OMOP database for disease-specific survival research.,major,False,no_reply,False,True,I do not see how I could encode this,medium,no_reply,True
f22527,forums,Researchers,Call for data partners / collaborators on pediatric vaccination study for WHO SAGE evidence collection,estimationmethods,2024-10-07 16:09:50.193000+00:00,2024-10-07 16:09:50.265000+00:00,u_14eff9a123,0,False,1,0,1,0,,217,1,,open,,,https://forums.ohdsi.org/t/call-for-data-partners-collaborators-on-pediatric-vaccination-study-for-who-sage-evidence-collection/22527,,2024Q4,448,job_or_event,"network_study_execution,characterization",OHDSI,,Conduct a network study evaluating pneumococcal conjugate vaccine dosing schedules for WHO SAGE recommendations.,none,False,unclear,True,False,,high,no_reply,True
f22528,forums,General,Drug_era and condition_era reports in Atlas,,2024-10-07 19:58:56.332000+00:00,2024-10-13 19:03:02.778000+00:00,u_431b2119f1,1,False,2,1,2,1,2024-10-13 19:03:02.778000+00:00,94,0,,open,,,https://forums.ohdsi.org/t/drug-era-and-condition-era-reports-in-atlas/22528,143.0684572222222,2024Q4,81,question,"infrastructure_deployment,data_quality","Atlas,Achilles","Era tables are populated but Achilles reports for drug_era and condition_era do not appear in Atlas, providing no visibility into derived data.",Verify that era table reports display correctly in Atlas and Achilles.,major,False,unresolved,False,False,when I run achilles i don't see any reports in atlas for drug_era and condition_era,medium,unresolved,True
f22529,forums,General,"Weekly OHDSI Digest - October 7, 2024",,2024-10-07 20:04:43.730000+00:00,2024-10-07 20:04:43.821000+00:00,u_8f4021bf34,2,False,1,0,1,0,,96,0,,open,,,https://forums.ohdsi.org/t/weekly-ohdsi-digest-october-7-2024/22529,,2024Q4,1026,announcement,community_process,,,,none,False,unclear,False,False,,high,no_reply,True
f22531,forums,Developers,How to Modify Atlas Code Locally as Developer in Broadsea and Reflect Changes in Browser?,atlas,2024-10-08 02:55:19.815000+00:00,2024-10-08 02:55:19.891000+00:00,u_a94a72e342,1,False,1,0,1,0,,105,0,,open,,,https://forums.ohdsi.org/t/how-to-modify-atlas-code-locally-as-developer-in-broadsea-and-reflect-changes-in-browser/22531,,2024Q4,93,question,"infrastructure_deployment,learning_onboarding","Broadsea,Atlas","Modifying Atlas code in Broadsea containers does not reflect in the browser, making local development and testing difficult.",Set up a local development environment to contribute to Atlas code with live hot-reload.,major,False,no_reply,False,False,the changes aren't showing up,low,no_reply,True
f22537,forums,Developers,OMOP CDM Playground and HADES Tutorials in the Browser,,2024-10-09 23:07:00.076000+00:00,2024-10-23 13:31:02.396000+00:00,u_c2e416a616,1,False,4,3,3,2,2024-10-10 10:30:42.173000+00:00,330,1,,open,,,https://forums.ohdsi.org/t/omop-cdm-playground-and-hades-tutorials-in-the-browser/22537,11.395026944444444,2024Q4,100,discussion,learning_onboarding,"Eunomia,HADES",,,none,True,unclear,False,False,,medium,unclear,False
f22539,forums,Developers,No result for plausibleUnitConceptIds query after 40 hours,,2024-10-10 14:03:39.387000+00:00,2024-10-10 23:31:33.826000+00:00,u_2765219db6,1,False,2,1,2,1,2024-10-10 23:31:33.826000+00:00,130,0,,open,,,https://forums.ohdsi.org/t/no-result-for-plausibleunitconceptids-query-after-40-hours/22539,9.465121944444444,2024Q4,249,bug,data_quality,DataQualityDashboard,"The plausibleUnitConceptIds data quality check query runs for 40+ hours on large measurement tables and does not complete, blocking quality reports.",Optimize DQD queries to complete in reasonable time on billion-row measurement tables.,blocker,False,unresolved,False,True,query doesn't return a result after FORTY HOURS,high,unresolved,True
f22543,forums,Implementers,Handling Inconsistent Discharge Dates in Visit Occurrence Table,cdm,2024-10-10 15:29:21.751000+00:00,2024-10-15 18:10:51.364000+00:00,u_c30e842c78,0,True,4,3,2,2,2024-10-10 23:03:29.757000+00:00,147,0,,open,,,https://forums.ohdsi.org/t/handling-inconsistent-discharge-dates-in-visit-occurrence-table/22543,7.568890555555556,2024Q4,105,question,"etl_cdm_conversion,data_quality",OMOP-CDM,"About 11% of inpatient visit records have discharge dates earlier than admission dates, creating data integrity issues with unclear handling approach.",Handle inconsistent visit dates in ETL to create valid OMOP records.,major,True,partially,False,True,around 11% of the data has a discharge date earlier than the admission date,high,partially,True
f22551,forums,Vocabulary Users,Duplicate concept codes within a vocabulary and all are valid,,2024-10-14 13:53:20.483000+00:00,2024-10-14 19:38:17.507000+00:00,u_16fd5befb9,1,False,3,2,3,2,2024-10-14 16:48:10.059000+00:00,208,0,,open,,,https://forums.ohdsi.org/t/duplicate-concept-codes-within-a-vocabulary-and-all-are-valid/22551,2.9137711111111106,2024Q4,267,question,vocabulary_mapping,Vocabulary,"Duplicate concept codes within SMQ vocabulary break the vocabulary_id-concept_code uniqueness assumption, complicating concept lookup and mapping.",Map source codes to standard vocabulary concepts when vocabulary uniqueness constraints are violated.,major,False,unresolved,False,True,106 pairs of concepts...differ only in...broad or narrow,high,unresolved,True
f22554,forums,General,"Weekly OHDSI Digest - October 14, 2024",,2024-10-14 19:15:10.165000+00:00,2024-10-14 19:15:10.260000+00:00,u_8f4021bf34,2,False,1,0,1,0,,92,0,,open,,,https://forums.ohdsi.org/t/weekly-ohdsi-digest-october-14-2024/22554,,2024Q4,887,announcement,community_process,,,,none,False,unclear,False,False,,high,no_reply,True
f22555,forums,General,Resources for the local use of the OMOP-CDM,,2024-10-15 10:02:44.279000+00:00,2025-03-14 21:25:52.580000+00:00,u_278461d6b3,2,False,7,6,3,3,2024-10-15 15:10:16.587000+00:00,422,4,,open,,,https://forums.ohdsi.org/t/resources-for-the-local-use-of-the-omop-cdm/22555,5.125641111111111,2024Q4,182,discussion,"community_process,learning_onboarding","OMOP-CDM,OHDSI","Most OHDSI community focus is on federated research, and there is no dedicated forum for sharing approaches to local OMOP-CDM use.",Discover and share best practices for using OMOP-CDM for local analysis and data quality.,minor,True,partially,False,False,"uses for local purposes, rather than for federated purposes",high,partially,True
f22557,forums,CDM Builders,Best Approach for Combining Harmonized Data from Two ETLs,,2024-10-15 14:12:01.293000+00:00,2024-12-11 08:24:51.134000+00:00,u_311106ee60,1,False,3,2,2,1,2024-11-22 18:33:33.790000+00:00,354,1,,open,,,https://forums.ohdsi.org/t/best-approach-for-combining-harmonized-data-from-two-etls/22557,916.3590269444444,2024Q4,100,question,etl_cdm_conversion,ETL,It is unclear whether harmonized data from multiple hospitals should be merged into a single schema or kept separate for joint analysis.,Harmonize and combine OMOP-CDM data from two hospitals for joint analysis.,major,False,partially,True,True,what the best approach is to combine the results of these two ETLs,high,partially,True
f22559,forums,Vocabulary Users,4203722 (Patient encounter procedure) is broad for mapping,vocabularies,2024-10-15 21:00:07.740000+00:00,2024-12-06 18:58:09.631000+00:00,u_79fe907c87,1,False,7,6,3,5,2024-10-17 14:52:39.540000+00:00,245,0,,open,,,https://forums.ohdsi.org/t/4203722-patient-encounter-procedure-is-broad-for-mapping/22559,41.875499999999995,2024Q4,122,question,vocabulary_mapping,Vocabulary,"Gender-specific screening procedures map to the same broad gender-neutral concept, losing specificity needed for research.",Map gender-specific screening procedures to more specific standard concepts.,major,True,resolved,False,True,Is it possible to map those concepts to more specific standard concept?,high,resolved,False
f22562,forums,Researchers,Atlas Cohort Definition: Using Death as an Exception for Continuous Observation Requirements,"atlas,cohort",2024-10-16 11:17:16.314000+00:00,2024-10-29 08:46:24.703000+00:00,u_ae8ffeefaf,2,False,4,3,2,1,2024-10-17 21:24:20.703000+00:00,237,1,,open,,,https://forums.ohdsi.org/t/atlas-cohort-definition-using-death-as-an-exception-for-continuous-observation-requirements/22562,34.11788583333333,2024Q4,158,feature_request,cohort_definition,Atlas,"Atlas cohort definitions cannot treat death as an exception to continuous observation requirements, preventing proper inclusion of mortality as a study outcome.",Define cohorts that capture treatment outcomes including death as a valid end to required observation periods.,major,True,resolved,False,False,would also like to include people who died before reaching the full 365 days,high,resolved,False
f22566,forums,Implementers,Does OHDSI support Apache Doris?,,2024-10-17 02:52:14.743000+00:00,2025-01-31 20:26:03.300000+00:00,u_5843b8820e,1,False,4,3,2,2,2024-10-18 12:59:33.896000+00:00,173,0,,open,,,https://forums.ohdsi.org/t/does-ohdsi-support-apache-doris/22566,34.121986944444444,2024Q4,22,question,infrastructure_deployment,"Doris,CommonDataModel",It is unclear whether Doris database is supported by OHDSI tools for creating and querying OMOP CDM instances.,Deploy OMOP CDM in Doris database.,major,True,partially,False,True,Can I create a CDM database in Doris,high,partially,True
f22571,forums,Implementers,Help with Observation table ,cdm,2024-10-18 14:54:26.227000+00:00,2024-10-22 12:08:28.615000+00:00,u_5180c6f3bc,0,False,3,2,3,2,2024-10-18 22:13:50.836000+00:00,184,0,,open,,,https://forums.ohdsi.org/t/help-with-observation-table/22571,7.3235025,2024Q4,77,question,etl_cdm_conversion,OMOP-CDM,It is unclear how to properly link related observation records using observation_event_id and obs_event_field_concept_id.,Link related observations in the observation table.,minor,False,resolved,False,True,is the accepted convention to just make B point to A using observation_event_id,high,resolved,False
f22575,forums,General,"Combined Health Equities, OMOP + FHIR & Women of OHDSI WG Agenda - 24Oct24",,2024-10-18 21:40:40.015000+00:00,2024-10-18 21:40:40.083000+00:00,u_9b1b02090e,2,False,1,0,1,0,,112,0,,open,,,https://forums.ohdsi.org/t/combined-health-equities-omop-fhir-women-of-ohdsi-wg-agenda-24oct24/22575,,2024Q4,386,announcement,community_process,"FHIR,OMOP",,,none,False,unclear,False,False,,high,no_reply,True
f22578,forums,General,GIS WG Agenda for 2024 Global Symposium - updated agenda!,,2024-10-21 14:26:09.973000+00:00,2025-09-10 14:04:12.788000+00:00,u_40cff4e6f3,1,False,1,0,1,0,,156,0,,open,,,https://forums.ohdsi.org/t/gis-wg-agenda-for-2024-global-symposium-updated-agenda/22578,,2024Q4,39,job_or_event,community_process,GIS,,,none,False,unclear,False,False,,high,no_reply,True
f22581,forums,Researchers,Rheumatology Working Group for OHDSI,workinggroup,2024-10-21 18:57:21.572000+00:00,2024-11-26 16:26:07.878000+00:00,u_36e4c54f5e,0,False,3,2,3,2,2024-11-20 15:57:04.828000+00:00,377,3,,open,,,https://forums.ohdsi.org/t/rheumatology-working-group-for-ohdsi/22581,716.9953488888889,2024Q4,207,job_or_event,community_process,OHDSI,,Create and validate rheumatology phenotypes for observational research.,none,False,unclear,False,False,,high,unclear,False
f22583,forums,Developers,Add to usagi extra vocabularies,,2024-10-22 09:40:26.409000+00:00,2024-10-22 09:40:26.483000+00:00,u_d4fa816e56,1,False,1,0,1,0,,108,0,,open,,,https://forums.ohdsi.org/t/add-to-usagi-extra-vocabularies/22583,,2024Q4,119,question,"vocabulary_mapping,etl_cdm_conversion","Usagi,OMOP-CDM","Standard OMOP vocabularies do not include rare disease codes (HPO, ORPHA), and Usagi cannot currently load custom vocabularies for fuzzy matching.",Map rare disease source codes using fuzzy matching in Usagi.,major,False,no_reply,False,True,Has anyone tried anything similar?,medium,no_reply,True
f22584,forums,Vocabulary Users,Vocab Request - Additional Type Concepts for Claims Provenance,,2024-10-22 12:56:09.225000+00:00,2025-01-27 22:38:34.893000+00:00,u_f82e10d220,1,True,15,14,4,8,2024-10-30 14:58:41.999000+00:00,496,6,,open,,,https://forums.ohdsi.org/t/vocab-request-additional-type-concepts-for-claims-provenance/22584,194.04243722222222,2024Q4,539,feature_request,vocabulary_mapping,Vocabulary,"Standard type vocabulary lacks concepts to encode both claim type AND adjudication status simultaneously, forcing workarounds or custom columns.",Encode claim adjudication status and type together in OMOP records for research and cost table accuracy.,major,True,resolved,False,True,aren't any vocabulary entities that combine this information,high,resolved,False
f22591,forums,Implementers,Error while running SkeletonComparativeEffectStudy program generated by Atlas,,2024-10-22 23:44:59.749000+00:00,2024-10-22 23:44:59.827000+00:00,u_c580f17ac3,0,True,1,0,1,0,,79,0,,open,,,https://forums.ohdsi.org/t/error-while-running-skeletoncomparativeeffectstudy-program-generated-by-atlas/22591,,2024Q4,26,bug,estimation,"Atlas,SkeletonComparativeEffectStudy",R package generated by Atlas Estimation fails to execute with unspecified errors.,Run a comparative effectiveness study using Atlas-generated R package.,blocker,False,no_reply,False,False,I am getting following error while executing the codeToRun.R,low,no_reply,True
f22594,forums,CDM Builders,Creating new CDM in R for DuckDB,"cdm,atlas",2024-10-24 11:24:14.303000+00:00,2024-10-24 11:24:14.385000+00:00,u_43824eb837,0,True,1,0,1,0,,222,0,,open,,,https://forums.ohdsi.org/t/creating-new-cdm-in-r-for-duckdb/22594,,2024Q4,73,question,infrastructure_deployment,"CommonDataModel,DuckDB,R",CSV import warnings occur when using CommonDataModel package to instantiate CDM in DuckDB.,Set up a new OMOP CDM instance in DuckDB using R.,minor,False,no_reply,False,True,running into csv import warnings,low,no_reply,True
f22598,forums,General,ARES v0.4 Released,,2024-10-24 13:38:46.061000+00:00,2024-10-24 13:38:46.144000+00:00,u_7978f7920b,4,False,1,0,1,0,,169,0,,open,,,https://forums.ohdsi.org/t/ares-v0-4-released/22598,,2024Q4,518,announcement,"infrastructure_deployment,results_sharing_dissemination","Ares,WebAPI",,,none,False,unclear,False,False,,high,no_reply,True
f22603,forums,Vocabulary Users,What is the purpose of Standard Concepts being mapped to themselves,,2024-10-25 20:22:26.648000+00:00,2024-10-25 23:13:00.567000+00:00,u_8338630150,2,False,4,3,2,2,2024-10-25 20:53:03.513000+00:00,176,1,,open,,,https://forums.ohdsi.org/t/what-is-the-purpose-of-standard-concepts-being-mapped-to-themselves/22603,0.5102402777777778,2024Q4,25,question,"vocabulary_mapping,learning_onboarding",Vocabulary,,Understand vocabulary mapping conventions.,none,False,resolved,False,True,,high,resolved,False
f22605,forums,Researchers,Introductory Walkthrough PatientLevelPrediction,documentation,2024-10-27 10:13:23.530000+00:00,2024-10-29 08:34:44.490000+00:00,u_90c5124d44,1,False,3,2,2,1,2024-10-28 11:46:02.518000+00:00,217,0,,open,,,https://forums.ohdsi.org/t/introductory-walkthrough-patientlevelprediction/22605,25.544163333333334,2024Q4,70,question,"prediction_ml,learning_onboarding","PatientLevelPrediction,Eunomia,HADES",PatientLevelPrediction package has undergone many enhancements but available tutorials are outdated and lack examples with dummy datasets.,Learn and apply the current PatientLevelPrediction package.,minor,False,partially,False,False,the package has undergone some great enhancements since the latest tutorial,high,partially,True
f22610,forums,Developers,Support for Trino/Presto in DatabaseConnector/Achilles and Atlas,,2024-10-28 15:29:02.446000+00:00,2026-02-26 13:13:30.968000+00:00,u_593d8494f6,1,False,2,1,2,1,2026-02-26 13:13:30.968000+00:00,273,0,,open,,,https://forums.ohdsi.org/t/support-for-trino-presto-in-databaseconnector-achilles-and-atlas/22610,11661.74125611111,2024Q4,170,feature_request,infrastructure_deployment,"DatabaseConnector,Achilles,Atlas,Trino","Trino/Presto is not supported by OHDSI database connectors, preventing its use for querying diverse data sources through OHDSI tools.",Query OMOP CDM in Trino database using OHDSI tools.,major,False,unresolved,False,True,what it would take to add Trino support,high,unresolved,True
f22612,forums,Developers,CohortDiagnostics monthly development meeting,,2024-10-28 16:41:33.642000+00:00,2025-02-26 17:04:40.238000+00:00,u_8ebf43a0ed,2,False,2,1,1,0,,160,1,,open,,,https://forums.ohdsi.org/t/cohortdiagnostics-monthly-development-meeting/22612,,2024Q4,227,job_or_event,community_process,CohortDiagnostics,,,none,False,unclear,False,False,,high,no_reply,True
f22613,forums,General,"Weekly OHDSI Digest - October 28, 2024",,2024-10-28 16:58:20.163000+00:00,2024-10-28 16:58:20.266000+00:00,u_8f4021bf34,2,False,1,0,1,0,,94,0,,open,,,https://forums.ohdsi.org/t/weekly-ohdsi-digest-october-28-2024/22613,,2024Q4,1106,announcement,community_process,,,,none,False,unclear,False,False,,high,no_reply,True
f22615,forums,CDM Builders,Mapping FHIR CareTeam Resource to OMOP,,2024-10-28 17:31:06.941000+00:00,2024-10-30 15:17:51.257000+00:00,u_d6f7684c9b,1,False,4,3,2,2,2024-10-28 19:46:37.853000+00:00,209,1,,open,,,https://forums.ohdsi.org/t/mapping-fhir-careteam-resource-to-omop/22615,2.2585866666666665,2024Q4,113,question,etl_cdm_conversion,"FHIR,OMOP-CDM",It is unclear how to map FHIR CareTeam resource to OMOP CDM domain tables.,Map FHIR CareTeam to OMOP CDM.,major,False,unresolved,False,True,seeking guidance on the appropriate OMOP table for this mapping,medium,unresolved,True
f22619,forums,Vocabulary Users,Vocab WG Oct 29 meeting [labs and conditions postcoordination],,2024-10-28 20:00:48.580000+00:00,2024-12-17 12:30:07.757000+00:00,u_8b1a42a943,2,False,4,3,3,2,2024-12-06 16:26:53.077000+00:00,215,2,,open,,,https://forums.ohdsi.org/t/vocab-wg-oct-29-meeting-labs-and-conditions-postcoordination/22619,932.4345825,2024Q4,98,announcement,"vocabulary_mapping,community_process","Vocabulary,SNOMED,ICD10CM",,,none,False,unclear,False,True,,high,unclear,False
f22624,forums,Vocabulary Users,"OMOP Domain for Assessment Scales (LOINC Survey Class, SNOMED Staging and Scales)",,2024-10-29 17:33:08.709000+00:00,2025-02-06 16:33:17.395000+00:00,u_238dbe1436,2,False,17,16,5,7,2024-10-29 20:30:47.328000+00:00,323,1,,open,,,https://forums.ohdsi.org/t/omop-domain-for-assessment-scales-loinc-survey-class-snomed-staging-and-scales/22624,2.9607275,2024Q4,64,feature_request,vocabulary_mapping,"LOINC,SNOMED,Vocabulary","Assessment scales are split across Measurement and Observation domains based on vocabulary source, preventing unified analysis.",Use assessment scales in research regardless of vocabulary source.,major,False,unresolved,False,True,all assessments...to the same domain,medium,unresolved,True
f22628,forums,Implementers,"Handling date of diagnosis, date of symptom onset, body site of symptom onset -- for an ALS clinical dataset",,2024-10-30 01:18:12.228000+00:00,2024-10-30 01:18:12.311000+00:00,u_e19b798036,1,False,1,0,1,0,,165,0,,open,,,https://forums.ohdsi.org/t/handling-date-of-diagnosis-date-of-symptom-onset-body-site-of-symptom-onset-for-an-als-clinical-dataset/22628,,2024Q4,438,question,etl_cdm_conversion,OMOP-CDM,OMOP lacks clear conventions for encoding date of symptom onset separate from diagnosis date and body site of disease onset.,"Represent ALS diagnosis date, symptom onset date, and site of onset in OMOP records for disease-specific research.",major,False,no_reply,False,True,how to represent a date value in the observation table,low,no_reply,True
f22629,forums,Implementers,Setup guide for ATLAS,"atlas,webapi",2024-10-30 10:53:50.086000+00:00,2024-11-19 14:19:28.718000+00:00,u_491fa774e6,1,True,6,5,2,2,2024-10-30 12:32:49.986000+00:00,477,0,,open,,,https://forums.ohdsi.org/t/setup-guide-for-atlas/22629,1.6499722222222222,2024Q4,125,question,infrastructure_deployment,"WebAPI,Atlas,Maven","Maven dependency resolution fails during WebAPI build, blocking ATLAS installation, with errors indicating connection issues to OHDSI repository.",Install and configure ATLAS with WebAPI on a Linux server.,blocker,True,partially,False,False,Non-resolvable import POM...Could not transfer artifact,high,partially,True
f22636,forums,Developers,Trying to deploy ohdsi broadsea,,2024-10-30 21:32:27.102000+00:00,2024-11-16 15:15:59.696000+00:00,u_cbfefcc82e,1,False,3,2,3,2,2024-11-13 20:55:50.746000+00:00,239,0,,open,,,https://forums.ohdsi.org/t/trying-to-deploy-ohdsi-broadsea/22636,335.38990111111116,2024Q4,106,question,infrastructure_deployment,"Broadsea,Docker,AWS","Deploying Broadsea to AWS for team access requires either clone/Docker setup per user, or clear instructions are lacking for URL-based access.",Deploy Broadsea to AWS EC2 accessible via URL to development team.,major,True,partially,False,False,Is there a way I could deploy the Broadsea...accessible to the devs,high,partially,True
f22637,forums,Uncategorized,Request for Help with Accessing Observational Data for Research,metadata,2024-10-30 22:24:10.056000+00:00,2024-10-30 22:24:10.168000+00:00,u_4333e98541,0,False,1,0,1,0,,106,0,,open,,,https://forums.ohdsi.org/t/request-for-help-with-accessing-observational-data-for-research/22637,,2024Q4,94,question,learning_onboarding,,,Access observational data on drug efficacy for research.,none,False,no_reply,False,False,,low,no_reply,True
f22640,forums,Developers,ATLAS and Hydra: Best practice?,,2024-10-31 06:13:34.383000+00:00,2024-11-01 05:51:20.292000+00:00,u_277289cad9,1,False,5,4,4,3,2024-10-31 06:17:56.902000+00:00,233,3,,open,,,https://forums.ohdsi.org/t/atlas-and-hydra-best-practice/22640,0.07292194444444444,2024Q4,109,question,"prediction_ml,infrastructure_deployment","Atlas,Hydra,PatientLevelPrediction,Strategus",Hydra packages outdated PatientLevelPrediction versions and best practices for updating study packages are unclear.,Run patient-level prediction study with current tool versions.,major,True,resolved,False,False,My ATLAS was packaging it with 5.0.4,high,resolved,False
f22651,forums,General,"Weekly OHDSI Digest - November 4, 2024",,2024-11-04 20:11:33.470000+00:00,2024-11-04 20:11:33.603000+00:00,u_8f4021bf34,2,False,1,0,1,0,,66,0,,open,,,https://forums.ohdsi.org/t/weekly-ohdsi-digest-november-4-2024/22651,,2024Q4,891,announcement,community_process,,,,none,False,unclear,False,False,,high,no_reply,True
f22654,forums,OHDSI in China,Apply Athena API,webapi,2024-11-05 01:22:25.188000+00:00,2024-11-05 01:22:25.282000+00:00,u_e15cc49790,1,False,1,0,1,0,,231,0,,open,,,https://forums.ohdsi.org/t/apply-athena-api/22654,,2024Q4,143,question,learning_onboarding,Athena,,Obtain API access to Athena for developing a medical terminology system.,none,False,no_reply,False,False,,high,no_reply,True
f22656,forums,Vocabulary Users,Visit concepts - snomed-ct procedures,,2024-11-05 14:22:17.062000+00:00,2024-11-05 23:00:04.846000+00:00,u_238dbe1436,2,False,8,7,3,4,2024-11-05 15:35:15.047000+00:00,132,4,,open,,,https://forums.ohdsi.org/t/visit-concepts-snomed-ct-procedures/22656,1.2161069444444443,2024Q4,94,feature_request,vocabulary_mapping,"Athena,Vocabulary",Some high-volume patient encounters (like telephone encounters) lack corresponding OMOP visit concepts.,Represent encounter procedures as visit concepts in OMOP CDM.,major,False,unresolved,False,True,high volume encounters for which no OMOP visit concept exists,high,unresolved,True
f22659,forums,General,Not able to login as LDAP user into Atlas,security,2024-11-05 16:15:15.076000+00:00,2024-11-05 16:25:09.879000+00:00,u_f50f9b2248,1,False,2,1,1,0,,204,0,,open,,,https://forums.ohdsi.org/t/not-able-to-login-as-ldap-user-into-atlas/22659,,2024Q4,178,bug,infrastructure_deployment,"Atlas,WebAPI,Broadsea",LDAP authentication fails with Bad credentials error in Atlas/WebAPI after recent upgrade.,Enable LDAP user authentication in Atlas/WebAPI.,blocker,False,unresolved,False,False,Bad credentials error,high,no_reply,True
f22664,forums,Vocabulary Users,Possible duplicate TNM measurement values in the NAACCR vocabulary and possible missing TNM pathological M value?,,2024-11-06 13:21:24.030000+00:00,2024-11-06 23:35:45.675000+00:00,u_b885773692,0,False,2,1,2,1,2024-11-06 23:35:45.675000+00:00,106,0,,open,,,https://forums.ohdsi.org/t/possible-duplicate-tnm-measurement-values-in-the-naaccr-vocabulary-and-possible-missing-tnm-pathological-m-value/22664,10.239345833333333,2024Q4,114,bug,vocabulary_mapping,"Athena,Vocabulary",Duplicate TNM pathological M value concepts in NAACCR vocabulary with incorrect classifications; missing pM0 concept.,Correct TNM pathological M value mappings in OMOP vocabularies.,major,False,unresolved,False,True,pM1a with concept id 35919199 and also pM1a with concept id 35919220,high,unresolved,True
f22669,forums,Uncategorized,Clearer definitions + examples for the mandatory tables,,2024-11-07 08:12:53.237000+00:00,2024-11-14 13:55:59.103000+00:00,u_319fbde016,1,False,5,4,2,2,2024-11-07 14:45:12.989000+00:00,312,1,,open,,,https://forums.ohdsi.org/t/clearer-definitions-examples-for-the-mandatory-tables/22669,6.53882,2024Q4,472,question,"learning_onboarding,etl_cdm_conversion",CommonDataModel,Observation_period table definition is unclear and the relationship to visit_occurrence is confusing.,Understand how to define observation periods and model them in OMOP CDM.,major,False,partially,False,True,table Observation period to me is not very clear what kind of data,high,partially,True
f22672,forums,Vocabulary Users,Transplant Waitlist Status in ATLAS,atlas,2024-11-07 16:18:48.931000+00:00,2024-11-13 13:51:14.759000+00:00,u_6571950d21,1,False,3,2,2,1,2024-11-08 12:38:06.822000+00:00,263,2,,open,,,https://forums.ohdsi.org/t/transplant-waitlist-status-in-atlas/22672,20.32163638888889,2024Q4,104,question,cohort_definition,"Atlas,HADES",Unclear how to represent transplant organ waitlist statuses in Atlas cohort definitions.,Add transplant waitlist statuses as cohort entry criteria in Atlas.,minor,False,resolved,False,False,trouble figuring out how to add a waitlist status for transplant organ,high,resolved,False
f22678,forums,Vocabulary Users,Mapping classfication concept to standard concept,vocabularies,2024-11-09 22:48:43.001000+00:00,2024-11-10 19:03:06.516000+00:00,u_67be85d0cd,0,False,2,1,2,1,2024-11-10 19:03:06.516000+00:00,122,1,,open,,,https://forums.ohdsi.org/t/mapping-classfication-concept-to-standard-concept/22678,20.239865277777778,2024Q4,84,question,vocabulary_mapping,"Athena,Vocabulary",Confusion about the difference between maps to and Non-standard to Standard map (OMOP) relationships.,Correctly map ATC classification concepts to OMOP standard concepts for ETL.,minor,False,resolved,False,True,what is the difference between those 2 relationships,high,resolved,False
f22681,forums,General,"Weekly OHDSI Digest - November 11, 2024",,2024-11-11 18:46:31.039000+00:00,2024-11-11 18:46:31.129000+00:00,u_8f4021bf34,2,False,1,0,1,0,,76,0,,open,,,https://forums.ohdsi.org/t/weekly-ohdsi-digest-november-11-2024/22681,,2024Q4,1038,announcement,community_process,,,,none,False,no_reply,False,False,,high,no_reply,True
f22689,forums,General,OHDSI Getting Started Office hours,,2024-11-12 15:53:50.696000+00:00,2025-04-22 15:42:15.363000+00:00,u_4f6d298bed,3,False,4,3,3,3,2025-01-14 15:02:41.004000+00:00,187,2,,open,,,https://forums.ohdsi.org/t/ohdsi-getting-started-office-hours/22689,1511.1473077777778,2024Q4,88,announcement,"learning_onboarding,community_process",,,,none,False,no_reply,False,False,,high,no_reply,True
f22691,forums,Implementers,"Error ""java.lang.UnsupportedOperationException: executeLargeUpdate not implemented"" in R",,2024-11-12 18:19:38.229000+00:00,2024-11-12 18:19:38.296000+00:00,u_7a89bc6b5d,1,False,1,0,1,0,,86,0,,open,,,https://forums.ohdsi.org/t/error-java-lang-unsupportedoperationexception-executelargeupdate-not-implemented-in-r/22691,,2024Q4,67,bug,infrastructure_deployment,"R,DatabaseConnector,SqlRender,SQL Server",SQL JDBC driver error when creating tables using R; Python/pyodbc works fine.,Create OMOP tables using R and DatabaseConnector.,blocker,True,unresolved,False,False,executeLargeUpdate not implemented,high,no_reply,True
f22693,forums,General,Nov 2024 OHDSI Evidence Network Monthly Meeting,,2024-11-12 21:23:37.968000+00:00,2024-11-14 16:44:37.919000+00:00,u_6590a1d640,2,False,2,1,1,0,,101,0,,open,,,https://forums.ohdsi.org/t/nov-2024-ohdsi-evidence-network-monthly-meeting/22693,,2024Q4,76,job_or_event,community_process,,,,none,False,no_reply,False,False,,high,no_reply,True
f22695,forums,Implementers,Standard Method for Recording Antihypertensive Drug Intake,"cdm,vocabularies",2024-11-13 09:11:56.667000+00:00,2024-11-13 12:47:27.360000+00:00,u_2753f59dd9,1,True,2,1,2,1,2024-11-13 12:47:27.360000+00:00,120,0,,open,,,https://forums.ohdsi.org/t/standard-method-for-recording-antihypertensive-drug-intake/22695,3.5918591666666666,2024Q4,84,question,etl_cdm_conversion,"Athena,Vocabulary",Only classification concepts are available for antihypertensive drugs; standard drug concepts cannot be used for binary intake data.,Map binary drug intake data (yes/no) to OMOP for registries without detailed drug information.,major,False,unresolved,False,True,only concepts I found are Classification concepts which cannot be used,high,unresolved,True
f22697,forums,Implementers,Broadsea - Active Directory Integration,webapi,2024-11-13 17:45:28.512000+00:00,2024-12-02 01:55:07.605000+00:00,u_0f23f307f0,1,False,5,4,3,3,2024-11-25 06:11:49.153000+00:00,361,1,,open,,,https://forums.ohdsi.org/t/broadsea-active-directory-integration/22697,276.43906694444445,2024Q4,344,bug,infrastructure_deployment,"Broadsea,WebAPI,Atlas,Docker",Active Directory LDAP authentication fails despite proper configuration and successful ldap/ldapsearch commands.,Configure and enable Active Directory authentication in Broadsea-deployed WebAPI/Atlas.,blocker,True,unresolved,False,False,Attempts to log in from Atlas keep returning Bad credentials,high,unresolved,True
f22700,forums,Uncategorized,Disability Data and ICF Vocabulary Mappings,,2024-11-13 20:40:53.258000+00:00,2024-11-13 20:40:53.327000+00:00,u_bcf8f768e1,2,False,1,0,1,0,,132,1,,open,,,https://forums.ohdsi.org/t/disability-data-and-icf-vocabulary-mappings/22700,,2024Q4,79,question,vocabulary_mapping,Vocabulary,,Identify and participate in community work on disability/ICF vocabulary integration in OMOP CDM.,none,False,no_reply,False,True,,medium,no_reply,True
f22715,forums,Developers,Achilles 1.7.2 - exportAres pandas dataframe error during Achilles::exportToAres(),,2024-11-15 17:26:07.533000+00:00,2024-11-15 17:26:07.623000+00:00,u_93e4058f16,1,False,1,0,1,0,,113,0,,open,,,https://forums.ohdsi.org/t/achilles-1-7-2-exportares-pandas-dataframe-error-during-achilles-exporttoares/22715,,2024Q4,182,bug,data_quality,"Achilles,Ares,Snowflake",exportToAres() fails with error when aggregating data from Snowflake.,Export Achilles quality check results to Ares for visualization.,blocker,False,unresolved,False,False,no rows to aggregate,high,no_reply,True
f22723,forums,CDM Builders,Call for Participation in HL7 January 2025 Ballot Cycle - FHIR to OMOP Implementation Guide,"cdm,vocabularies",2024-11-18 15:16:57.411000+00:00,2024-11-18 15:16:57.504000+00:00,u_9b1b02090e,2,False,1,0,1,0,,295,0,,open,,,https://forums.ohdsi.org/t/call-for-participation-in-hl7-january-2025-ballot-cycle-fhir-to-omop-implementation-guide/22723,,2024Q4,236,job_or_event,community_process,,,,none,False,no_reply,False,False,,high,no_reply,True
f22724,forums,Implementers,Observation_event_id vs fact_relationship,cdm,2024-11-18 16:46:38.719000+00:00,2024-11-18 16:46:38.782000+00:00,u_b18e0722ca,2,False,1,0,1,0,,81,0,,open,,,https://forums.ohdsi.org/t/observation-event-id-vs-fact-relationship/22724,,2024Q4,9,question,,CommonDataModel,,Understand whether observation_event_id and fact_relationship serve overlapping purposes.,none,False,no_reply,False,False,,low,no_reply,True
f22727,forums,General,"Weekly OHDSI Digest - November 18, 2024",,2024-11-18 18:19:02.802000+00:00,2024-11-18 18:19:02.912000+00:00,u_8f4021bf34,2,False,1,0,1,0,,70,0,,open,,,https://forums.ohdsi.org/t/weekly-ohdsi-digest-november-18-2024/22727,,2024Q4,991,announcement,community_process,,,,none,False,no_reply,False,False,,high,no_reply,True
f22728,forums,General,Nov. 19 Community Call - OHDSI Evidence Network in Action: The Semaglutide Study,,2024-11-18 18:28:03.697000+00:00,2024-11-18 18:28:03.761000+00:00,u_ded4baaf3b,2,False,1,0,1,0,,108,0,,open,,,https://forums.ohdsi.org/t/nov-19-community-call-ohdsi-evidence-network-in-action-the-semaglutide-study/22728,,2024Q4,183,job_or_event,"network_study_execution,community_process",,,,none,False,no_reply,True,False,,high,no_reply,True
f22732,forums,General,Updates on DICOM and Genomics Extensions for OMOP - 2024,,2024-11-19 11:19:33.109000+00:00,2024-11-21 14:13:10.768000+00:00,u_f0c0304c4c,0,False,5,4,4,3,2024-11-19 19:28:21.073000+00:00,157,1,,open,,,https://forums.ohdsi.org/t/updates-on-dicom-and-genomics-extensions-for-omop-2024/22732,8.146656666666667,2024Q4,53,question,community_process,CommonDataModel,,Learn about latest progress on DICOM and genomics extensions for OMOP CDM.,none,False,partially,False,False,,medium,partially,True
f22733,forums,Implementers,Problem lists,,2024-11-19 15:10:48.689000+00:00,2024-11-21 17:30:06.676000+00:00,u_97a622a7d4,2,False,6,5,4,4,2024-11-19 19:16:33.536000+00:00,263,5,,open,,,https://forums.ohdsi.org/t/problem-lists/22733,4.095790833333333,2024Q4,98,question,etl_cdm_conversion,CommonDataModel,"Problem lists from EHR (active chronic problems) may not be captured in OMOP, potentially missing conditions in analyses.",Properly represent clinical problem lists in OMOP CDM to capture active chronic conditions.,major,True,resolved,False,True,"conditions tend to be recorded less often, therefore analyses may miss",high,resolved,False
f22735,forums,Implementers,Infra pre-requisite for adopting OMOP CDM?,,2024-11-19 16:22:21.423000+00:00,2025-01-14 03:30:36.856000+00:00,u_94c42c5a04,0,False,9,8,4,4,2024-11-19 19:25:15.796000+00:00,304,1,,open,,,https://forums.ohdsi.org/t/infra-pre-requisite-for-adopting-omop-cdm/22735,3.048436944444444,2024Q4,95,question,infrastructure_deployment,,Unclear whether PHI-secure cloud infrastructure is required for OMOP CDM conversion; cost concerns for institutions.,Determine infrastructure requirements for OMOP CDM implementation at health systems.,major,False,partially,False,False,"prior to the conversion, we have to hold all data in cloud space",medium,partially,True
f22744,forums,CDM Builders,Mapping family history of type 2 diabetes,,2024-11-21 10:07:34.363000+00:00,2024-11-25 13:21:06.177000+00:00,u_739a84e5aa,1,False,3,2,2,1,2024-11-21 19:09:45.135000+00:00,184,0,,open,,,https://forums.ohdsi.org/t/mapping-family-history-of-type-2-diabetes/22744,9.036325555555555,2024Q4,193,question,etl_cdm_conversion,CommonDataModel,Complex multi-category family history data is difficult to map to OMOP observation and measurement domains.,Map multi-category family history data to OMOP CDM for research.,major,False,partially,False,True,how can we incorporate family history into OMOP,high,partially,True
f22748,forums,Uncategorized,2034 (or sooner) targets / goals,,2024-11-21 17:43:12.434000+00:00,2024-11-21 17:43:12.524000+00:00,u_9c94568ef1,2,False,1,0,1,0,,119,1,,open,,,https://forums.ohdsi.org/t/2034-or-sooner-targets-goals/22748,,2024Q4,724,discussion,community_process,,,,none,False,no_reply,False,False,,high,no_reply,True
f22758,forums,Implementers,GitHub - OHDSI/ETL-Synthea: A package supporting the conversion from Synthea CSV,,2024-11-25 16:22:52.209000+00:00,2024-11-26 06:24:56.864000+00:00,u_f53bb24603,0,False,2,1,2,1,2024-11-26 06:24:56.864000+00:00,99,0,,open,,,https://forums.ohdsi.org/t/github-ohdsi-etl-synthea-a-package-supporting-the-conversion-from-synthea-csv/22758,14.034626388888888,2024Q4,38,question,etl_cdm_conversion,"Synthea,R,Python",ETL-Synthea only has R implementation; no Python or Java equivalent available.,Convert Synthea CSV to OMOP CDM using programming language other than R.,minor,True,resolved,False,True,is there a python or java equivalent,high,resolved,False
f22762,forums,General,Nov. 26 Community Call: Global Symposium Best Community Contribution Honorees,,2024-11-25 20:04:05.320000+00:00,2024-11-25 20:04:05.397000+00:00,u_ded4baaf3b,2,False,1,0,1,0,,73,0,,open,,,https://forums.ohdsi.org/t/nov-26-community-call-global-symposium-best-community-contribution-honorees/22762,,2024Q4,183,job_or_event,community_process,,,,none,False,no_reply,False,False,,high,no_reply,True
f22763,forums,General,"Weekly OHDSI Digest - November 25, 2024",,2024-11-25 21:22:29.978000+00:00,2024-11-25 21:22:30.056000+00:00,u_8f4021bf34,2,False,1,0,1,0,,66,0,,open,,,https://forums.ohdsi.org/t/weekly-ohdsi-digest-november-25-2024/22763,,2024Q4,751,announcement,community_process,,,,none,False,no_reply,False,False,,high,no_reply,True
f22852,forums,Developers,"Query related to OHDSI - Concepts in Data Sources , Download in Automated Way",,2024-11-27 13:17:01.723000+00:00,2024-11-27 13:17:01.832000+00:00,u_57d4e2bf7f,0,False,1,0,1,0,,80,0,,open,,,https://forums.ohdsi.org/t/query-related-to-ohdsi-concepts-in-data-sources-download-in-automated-way/22852,,2024Q4,78,question,learning_onboarding,,Manual download of concept data from OHDSI Phenotype Library is tedious.,Automate extraction of Concepts in Data Sources data from OHDSI Phenotype Library.,minor,False,no_reply,False,False,downloading the data manually,medium,no_reply,True
f22855,forums,Uncategorized,ATLAS API Search endpoint,,2024-11-27 15:11:55.546000+00:00,2024-11-27 19:38:21.017000+00:00,u_d8d1ed25c5,0,False,7,6,2,2,2024-11-27 17:37:49.291000+00:00,271,0,,open,,,https://forums.ohdsi.org/t/atlas-api-search-endpoint/22855,2.4315958333333336,2024Q4,100,bug,community_process,"Atlas,WebAPI",ATLAS API vocabulary search endpoint returns 401 authorization errors.,Use ATLAS API to perform concept searches programmatically.,major,False,partially,False,False,getting 401 errors,high,partially,True
f22867,forums,Implementers,Achilles missing analysis_id,,2024-11-28 10:10:10.862000+00:00,2024-11-28 10:10:10.933000+00:00,u_d4fa816e56,1,False,1,0,1,0,,76,0,,open,,,https://forums.ohdsi.org/t/achilles-missing-analysis-id/22867,,2024Q4,166,bug,data_quality,"Achilles,Atlas,PostgreSQL",Achilles does not generate certain quality check results despite CDM fields being populated.,Generate complete Achilles quality analyses for all OMOP CDM fields.,major,False,unresolved,False,False,some analysis_id's are missing,high,no_reply,True
f22872,forums,Vocabulary Users,Request to add new Unit Concept,,2024-11-29 08:55:43.691000+00:00,2025-03-04 14:29:07.507000+00:00,u_2549025989,1,False,5,4,2,3,2024-12-02 10:02:44.216000+00:00,212,0,,open,,,https://forums.ohdsi.org/t/request-to-add-new-unit-concept/22872,73.11681250000001,2024Q4,25,feature_request,vocabulary_mapping,"Athena,Vocabulary",Unit concept RU/ml not available in OMOP vocabularies.,Add RU/ml unit concept to OMOP standard vocabularies for diagnostic test mapping.,minor,False,resolved,False,True,I need to use the unit RU/ml and couldn't find it,high,resolved,False
f22881,forums,Implementers,How to create a synonym (not using the synonym table),atlas,2024-12-02 14:19:14.582000+00:00,2024-12-06 17:34:54.677000+00:00,u_866ba6e4ba,1,False,6,5,3,3,2024-12-02 20:44:54.896000+00:00,180,0,,open,,,https://forums.ohdsi.org/t/how-to-create-a-synonym-not-using-the-synonym-table/22881,6.427865,2024Q4,45,question,,CommonDataModel,,Display shortened concept names instead of full names in OMOP-derived analyses.,none,False,partially,False,False,,medium,partially,True
f22883,forums,General,Dec. 3 Community Call: Recent OHDSI/OMOP Publications,,2024-12-02 17:34:49.300000+00:00,2025-01-14 15:00:27.699000+00:00,u_ded4baaf3b,2,False,3,2,2,1,2025-01-14 14:42:43.352000+00:00,149,1,,open,,,https://forums.ohdsi.org/t/dec-3-community-call-recent-ohdsi-omop-publications/22883,1029.1316811111112,2024Q4,212,job_or_event,community_process,,,,none,False,no_reply,False,False,,high,no_reply,True
f22885,forums,General,"Weekly OHDSI Digest - December 2, 2024",,2024-12-02 21:27:47.568000+00:00,2024-12-02 21:27:47.650000+00:00,u_8f4021bf34,2,False,1,0,1,0,,61,0,,open,,,https://forums.ohdsi.org/t/weekly-ohdsi-digest-december-2-2024/22885,,2024Q4,706,announcement,community_process,,,,none,False,no_reply,False,False,,high,no_reply,True
f22886,forums,Vocabulary Users,DMARDs drugs,,2024-12-03 08:08:17.348000+00:00,2024-12-13 14:37:01.166000+00:00,u_cfc8f196e7,1,False,4,3,2,2,2024-12-10 08:03:43.563000+00:00,142,0,,open,,,https://forums.ohdsi.org/t/dmards-drugs/22886,167.92394861111111,2024Q4,46,question,"vocabulary_mapping,cohort_definition","Athena,Atlas,Vocabulary",Unclear which OMOP concept to use for DMARD (Disease-Modifying Antirheumatic Drug) drug category.,Find or create concept set for DMARDs to build psoriatic arthritis cohorts.,minor,False,unresolved,False,True,unclear which Concept id should be used for DMARD,high,unresolved,True
f22895,forums,Vocabulary Users,ATC to RxNorm mappings,,2024-12-05 13:37:34.594000+00:00,2024-12-16 15:29:47.746000+00:00,u_1f91332d60,1,False,4,3,3,2,2024-12-05 20:14:43.775000+00:00,445,1,,open,,,https://forums.ohdsi.org/t/atc-to-rxnorm-mappings/22895,6.619216944444444,2024Q4,120,question,"vocabulary_mapping,etl_cdm_conversion","Athena,Vocabulary",Multiple relationship types for ATC-RxNorm mapping make it unclear which to use for ETL.,Map ATC5 drug concepts to RxNorm standard concepts for ETL implementation.,minor,False,resolved,False,True,which relationship will best map the source concepts,high,resolved,False
f22896,forums,CDM Builders,Question on mapping PROMs and rehabilitation measurements,"cdm,vocabularies,workinggroup",2024-12-05 13:50:57.146000+00:00,2024-12-10 07:29:53.771000+00:00,u_743095db89,1,False,5,4,3,2,2024-12-05 20:12:25.358000+00:00,282,1,,open,,,https://forums.ohdsi.org/t/question-on-mapping-proms-and-rehabilitation-measurements/22896,6.357836666666667,2024Q4,104,question,vocabulary_mapping,"Vocabulary,CommonDataModel",Lack of standardized vocabularies for rehabilitation PROMs and measurements; complicated mapping to OMOP domains.,Map Patient-Reported Outcomes and rehabilitation measures to OMOP CDM domains.,major,False,unresolved,False,True,unavailability of standardized vocabularies and complicated mapping,high,unresolved,True
f22897,forums,General,Oncology Line of Therapy,,2024-12-05 15:44:18.739000+00:00,2025-06-24 09:54:55.852000+00:00,u_866ba6e4ba,1,False,7,6,4,3,2024-12-05 16:07:55.983000+00:00,455,0,,open,,,https://forums.ohdsi.org/t/oncology-line-of-therapy/22897,0.39367888888888886,2024Q4,78,question,"characterization,estimation","Atlas,R",ATLAS does not support Episode table for cohort development; finding line of therapy numbers requires custom SQL/R.,Define and query treatment regimens organized by line of therapy in oncology cohorts.,major,True,partially,False,False,ATLAS doesn't quite do this,high,partially,True
f22913,forums,Researchers,Overuse of health care (low value care),,2024-12-09 16:09:33.459000+00:00,2024-12-09 16:09:33.526000+00:00,u_13455103b2,0,False,1,0,1,0,,73,0,,open,,,https://forums.ohdsi.org/t/overuse-of-health-care-low-value-care/22913,,2024Q4,100,discussion,community_process,,,,none,False,no_reply,False,False,,high,no_reply,True
f22914,forums,General,Dec. 10 Community Call: How did OHDSI do in 2024?,,2024-12-09 18:23:49.522000+00:00,2024-12-09 18:23:49.577000+00:00,u_ded4baaf3b,2,False,1,0,1,0,,58,0,,open,,,https://forums.ohdsi.org/t/dec-10-community-call-how-did-ohdsi-do-in-2024/22914,,2024Q4,103,job_or_event,community_process,,,,none,False,no_reply,False,False,,high,no_reply,True
f22916,forums,General,"Weekly OHDSI Digest - December 9, 2024",,2024-12-09 21:50:36.521000+00:00,2024-12-09 21:50:36.625000+00:00,u_8f4021bf34,2,False,1,0,1,0,,45,0,,open,,,https://forums.ohdsi.org/t/weekly-ohdsi-digest-december-9-2024/22916,,2024Q4,834,announcement,community_process,,,,none,False,no_reply,False,False,,high,no_reply,True
f22922,forums,Implementers,OHDSI_in_a_box download link is down,atlas,2024-12-10 14:57:30.458000+00:00,2025-03-12 13:59:40.574000+00:00,u_5c422a404f,1,False,3,2,2,1,2025-01-09 16:51:28.908000+00:00,246,0,,open,,,https://forums.ohdsi.org/t/ohdsi-in-a-box-download-link-is-down/22922,721.8995694444445,2024Q4,69,bug,"infrastructure_deployment,learning_onboarding",Docker,Download link for OHDSI_in_a_box is broken; blocks users from implementing ATLAS.,Access OHDSI_in_a_box installation package to deploy ATLAS.,major,True,resolved,False,False,download link is down,high,resolved,False
f22925,forums,General,Overuse of health care,,2024-12-10 15:26:27.487000+00:00,2024-12-17 19:05:04.744000+00:00,u_13455103b2,0,False,3,2,2,1,2024-12-16 14:17:41.937000+00:00,199,2,,open,,,https://forums.ohdsi.org/t/overuse-of-health-care/22925,142.8540138888889,2024Q4,100,discussion,community_process,,,,none,False,no_reply,False,False,,high,no_reply,True
f22932,forums,Implementers,DQD test failure explanation is non-intuitive,,2024-12-11 22:03:15.822000+00:00,2024-12-14 01:42:43.474000+00:00,u_23b4aefa4b,1,False,4,3,2,2,2024-12-12 02:58:34.853000+00:00,180,1,,open,,,https://forums.ohdsi.org/t/dqd-test-failure-explanation-is-non-intuitive/22932,4.921953055555555,2024Q4,84,bug,data_quality,DataQualityDashboard,DataQualityDashboard test result message is confusing (shows 0% failure but marked as FAIL).,Validate OMOP CDM referential integrity using DataQualityDashboard.,minor,False,resolved,False,False,FAIL but has non-intuitive wording,high,resolved,False
f22933,forums,General,Atlas-demo.ohdsi.org error,,2024-12-11 22:51:15.313000+00:00,2024-12-12 13:51:57.849000+00:00,u_7a89bc6b5d,1,False,3,2,2,1,2024-12-12 13:33:48.291000+00:00,79,0,,open,,,https://forums.ohdsi.org/t/atlas-demo-ohdsi-org-error/22933,14.709160555555556,2024Q4,53,bug,infrastructure_deployment,Atlas,Atlas-demo initialization failure prevents access to existing cohort definitions.,Access Atlas demo environment to create and manage cohort definitions.,blocker,False,resolved,False,False,initialization failure,high,resolved,False
f22936,forums,Vocabulary Users,DRG to CPT4 in relationship table,vocabularies,2024-12-12 15:46:54.853000+00:00,2024-12-16 18:49:36.729000+00:00,u_5ef306becb,1,False,3,2,2,1,2024-12-12 17:49:49.813000+00:00,195,1,,open,,,https://forums.ohdsi.org/t/drg-to-cpt4-in-relationship-table/22936,2.0486,2024Q4,28,feature_request,vocabulary_mapping,"Athena,Vocabulary",Vocabulary does not currently support relationships between DRG and CPT4 codes.,Map DRG codes to CPT4 codes for procedure coding in OMOP.,minor,False,no_reply,False,True,It would be very useful if vocabulary could add the relationship,high,no_reply,True
f22937,forums,CDM Builders,Patient reported drugs that have missing dates in the source data,,2024-12-12 18:31:47.975000+00:00,2024-12-12 22:44:04.223000+00:00,u_170cb0c2a0,1,False,2,1,2,1,2024-12-12 22:44:04.223000+00:00,147,1,,open,,,https://forums.ohdsi.org/t/patient-reported-drugs-that-have-missing-dates-in-the-source-data/22937,4.204513333333333,2024Q4,150,question,"etl_cdm_conversion,data_quality","CommonDataModel,Themis","Patient-reported drugs lack dates in source data, preventing distinction from prescribed drugs in Drug Exposure.",Distinguish between patient-reported and prescription drugs in the OMOP Drug Exposure table.,major,True,partially,False,True,patient reported drugs in our source system do not have dates,high,partially,True
f22941,forums,General,Dec 2024 OHDSI Evidence Network Monthly Meeting,,2024-12-13 18:51:50.314000+00:00,2024-12-13 18:51:50.375000+00:00,u_6590a1d640,2,False,1,0,1,0,,55,0,,open,,,https://forums.ohdsi.org/t/dec-2024-ohdsi-evidence-network-monthly-meeting/22941,,2024Q4,359,announcement,"network_study_execution,community_process",,,,none,False,no_reply,True,False,,high,no_reply,True
f22948,forums,CDM Builders,PI-RADS score correct mapping,,2024-12-16 09:43:55.531000+00:00,2024-12-17 13:01:18.016000+00:00,u_311106ee60,1,False,2,1,2,1,2024-12-17 13:01:18.016000+00:00,79,0,,open,,,https://forums.ohdsi.org/t/pi-rads-score-correct-mapping/22948,27.289579166666666,2024Q4,85,question,"vocabulary_mapping,etl_cdm_conversion","Athena,Vocabulary,SNOMED","Cannot find appropriate concept in Athena for PI-RADS score, a critical prostate cancer metric.",Map PI-RADS scores to standard OMOP concepts for prostate cancer characterization.,major,True,resolved,False,True,couldn't find one. I was very surprised,high,resolved,False
f22953,forums,Implementers,Setup of ohdsi(Atlas) on my Ubuntu server,"atlas,webapi",2024-12-16 11:54:26.567000+00:00,2024-12-16 11:54:26.626000+00:00,u_78005790df,0,False,1,0,1,0,,123,0,,open,,,https://forums.ohdsi.org/t/setup-of-ohdsi-atlas-on-my-ubuntu-server/22953,,2024Q4,27,question,infrastructure_deployment,"Atlas,WebAPI",Encountering many issues while following official documentation for Atlas installation.,Install and set up Atlas on an Ubuntu server.,blocker,False,no_reply,False,False,having many issue while installation so i need help,medium,no_reply,True
f22954,forums,General,Dec. 17 Community Call: Holiday-Themed Goodbye to 2024,,2024-12-16 17:32:01.539000+00:00,2024-12-16 17:32:01.597000+00:00,u_ded4baaf3b,2,False,1,0,1,0,,59,0,,open,,,https://forums.ohdsi.org/t/dec-17-community-call-holiday-themed-goodbye-to-2024/22954,,2024Q4,54,announcement,community_process,,,,none,False,no_reply,False,False,,high,no_reply,True
f22955,forums,General,"Weekly OHDSI Digest - December 16, 2024",,2024-12-16 20:01:03.356000+00:00,2024-12-16 20:01:03.436000+00:00,u_8f4021bf34,2,False,1,0,1,0,,43,0,,open,,,https://forums.ohdsi.org/t/weekly-ohdsi-digest-december-16-2024/22955,,2024Q4,711,announcement,community_process,,,,none,False,no_reply,False,False,,high,no_reply,True
f22956,forums,Vocabulary Users,Expected vocabulary changes during February 2025 release,,2024-12-17 16:29:46.193000+00:00,2025-03-26 09:09:06.018000+00:00,u_dea3b89267,2,False,9,8,4,3,2025-01-15 13:08:58.235000+00:00,468,3,,open,,,https://forums.ohdsi.org/t/expected-vocabulary-changes-during-february-2025-release/22956,692.653345,2024Q4,137,announcement,vocabulary_mapping,"Vocabulary,SNOMED",,,none,False,no_reply,False,True,,high,no_reply,True
f22961,forums,General,Cost table spec improvement and interest in health economics,,2024-12-18 16:08:49.287000+00:00,2025-02-10 10:37:22.138000+00:00,u_9c94568ef1,2,False,9,8,6,7,2024-12-21 21:18:26.675000+00:00,502,7,,open,,,https://forums.ohdsi.org/t/cost-table-spec-improvement-and-interest-in-health-economics/22961,77.16038555555555,2024Q4,60,discussion,estimation,CommonDataModel,Health economics research needs better specification and conventions for COST table in OMOP.,Develop specifications and conventions for populating the COST table in health economics research.,major,True,partially,True,True,looking for OHDSIers from community who could give feedback,high,partially,True
f22993,forums,Vocabulary Users,Resolving Issues with Deprecated Concepts in Vocabulary Updates,"cdm,vocabularies",2024-12-27 15:52:36.894000+00:00,2025-02-12 15:20:56.374000+00:00,u_8a50fcf062,1,True,3,2,2,1,2024-12-30 07:03:32.321000+00:00,414,4,,open,,,https://forums.ohdsi.org/t/resolving-issues-with-deprecated-concepts-in-vocabulary-updates/22993,63.18206305555555,2024Q4,249,question,"vocabulary_mapping,etl_cdm_conversion","Vocabulary,RxNorm","Deprecated concept_ids lack replacement relationships, preventing scalable vocabulary updates.",Update deprecated concepts across millions of OMOP CDM rows when replacements do not exist.,major,False,partially,False,True,deprecated without replacement. The final step in our update,high,partially,True
f23004,forums,General,Error Integrating HADES with Existing application,hades,2024-12-31 07:20:17.377000+00:00,2024-12-31 07:20:17.454000+00:00,u_5c6a6388ea,1,False,1,0,1,0,,83,0,,open,,,https://forums.ohdsi.org/t/error-integrating-hades-with-existing-application/23004,,2024Q4,75,question,infrastructure_deployment,HADES,Cannot integrate HADES into existing applications due to X-Frame-Options security restriction.,Integrate HADES packages with existing web applications.,blocker,False,no_reply,False,False,X-Frame-Options set to deny. Could you confirm feasibility,high,no_reply,True
f23008,forums,Implementers,ATLAS login setup,,2025-01-01 16:01:01.004000+00:00,2025-01-01 16:01:01.072000+00:00,u_491fa774e6,1,True,1,0,1,0,,281,0,,open,,,https://forums.ohdsi.org/t/atlas-login-setup/23008,,2025Q1,118,question,"infrastructure_deployment,governance_privacy","Atlas,WebAPI",Documentation does not explain how to set up user authentication and password configuration for Atlas.,Configure user authentication and login for a deployed Atlas instance.,blocker,False,no_reply,False,False,no mention about how to create and add profiles,high,no_reply,True
f23013,forums,Researchers,NEI - OHDSI Challange,,2025-01-02 23:31:20.887000+00:00,2025-01-02 23:31:20.949000+00:00,u_5c917b9414,2,True,1,0,1,0,,85,0,,open,,,https://forums.ohdsi.org/t/nei-ohdsi-challange/23013,,2025Q1,147,discussion,"community_process,network_study_execution",,Researchers want to collaborate on NEI-OHDSI Challenge but lack a coordination platform.,Find and coordinate collaboration opportunities for NEI-OHDSI Challenge submissions.,minor,False,no_reply,True,False,I'm still not sure this application benefits from our,medium,no_reply,True
f23026,forums,General,"Weekly OHDSI Digest- January 6, 2025",,2025-01-06 21:26:49.850000+00:00,2025-01-06 21:26:49.911000+00:00,u_8f4021bf34,2,False,1,0,1,0,,49,1,,open,,,https://forums.ohdsi.org/t/weekly-ohdsi-digest-january-6-2025/23026,,2025Q1,1007,announcement,community_process,,,,none,False,no_reply,False,False,,high,no_reply,True
f23027,forums,Implementers,I'm customizing v5.4 person_id field integer to bigint will I have any problem running achilles?,cdm,2025-01-07 14:27:45.124000+00:00,2025-03-27 08:27:54.964000+00:00,u_edb9196f16,1,False,3,2,3,2,2025-01-17 10:18:18.677000+00:00,191,0,,open,,,https://forums.ohdsi.org/t/im-customizing-v5-4-person-id-field-integer-to-bigint-will-i-have-any-problem-running-achilles/23027,235.8426536111111,2025Q1,85,question,etl_cdm_conversion,"Achilles,CommonDataModel",Source keys exceeding 32-bit integer limits cannot be used as person_id without CDM customization.,Use source keys larger than 2^31-1 as person_id in OMOP CDM.,major,True,resolved,False,True,source key as person_id but it is 64 bit,high,resolved,False
f23028,forums,General,2025 Kickoff Community Call: Where Can OHDSI Go Together in 2025?,,2025-01-07 14:47:39.701000+00:00,2025-01-07 14:47:39.754000+00:00,u_ded4baaf3b,2,False,1,0,1,0,,52,0,,open,,,https://forums.ohdsi.org/t/2025-kickoff-community-call-where-can-ohdsi-go-together-in-2025/23028,,2025Q1,69,announcement,community_process,,,,none,False,no_reply,False,False,,high,no_reply,True
f23029,forums,General,Guideline-driven evidence generation opportunities,,2025-01-07 15:47:55.758000+00:00,2025-04-13 03:06:33.353000+00:00,u_3b2a65d584,4,False,67,66,28,43,2025-01-07 19:25:15.049000+00:00,2918,28,,open,,,https://forums.ohdsi.org/t/guideline-driven-evidence-generation-opportunities/23029,3.6220252777777775,2025Q1,171,discussion,"network_study_execution,community_process,characterization",,Clinical guidelines reveal evidence gaps that real-world data could fill but community needs coordination.,Identify and conduct OHDSI network studies to fill evidence gaps in clinical guidelines.,major,False,partially,True,False,evidence gaps can be filled reliably through proper analysis,high,partially,True
f23035,forums,Implementers,Implementing custom vocabularies that have exclusions,"vocabularies,conceptsets",2025-01-08 12:44:35.996000+00:00,2025-01-14 20:40:10.305000+00:00,u_d3835dc6be,1,False,7,6,4,4,2025-01-08 17:17:13.842000+00:00,311,0,,open,,,https://forums.ohdsi.org/t/implementing-custom-vocabularies-that-have-exclusions/23035,4.543846111111111,2025Q1,428,question,"vocabulary_mapping,etl_cdm_conversion",CommonDataModel,Custom source vocabularies with complex subsets do not map cleanly to OMOP standard concepts.,Map custom source codes representing ICD10CM subsets to appropriate OMOP standard concepts.,major,True,partially,False,True,source codes do not always have direct correspondence to OMOP,high,partially,True
f23050,forums,General,Themis is moving!,,2025-01-10 20:52:25.716000+00:00,2025-01-11 00:38:13.021000+00:00,u_4f6d298bed,3,False,2,1,2,1,2025-01-11 00:38:13.021000+00:00,81,1,,open,,,https://forums.ohdsi.org/t/themis-is-moving/23050,3.763140277777778,2025Q1,182,announcement,community_process,,,,none,False,no_reply,False,False,,high,no_reply,True
f23051,forums,CDM Builders,Themis is moving!,,2025-01-10 20:52:58.428000+00:00,2025-01-10 20:52:58.467000+00:00,u_4f6d298bed,3,False,1,0,1,0,,84,0,,open,,,https://forums.ohdsi.org/t/themis-is-moving/23051,,2025Q1,180,announcement,community_process,,,,none,False,no_reply,False,False,,high,no_reply,True
f23056,forums,Researchers,Support with data for RWE Data Based Clinical Trial Feasibility,,2025-01-11 11:15:04.594000+00:00,2025-01-11 11:15:04.637000+00:00,u_86e03212eb,0,False,1,0,1,0,,49,0,,open,,,https://forums.ohdsi.org/t/support-with-data-for-rwe-data-based-clinical-trial-feasibility/23056,,2025Q1,100,discussion,"characterization,data_quality",,Research on chronic disease prevalence requires RWE data from multiple countries and time frames.,Obtain real-world evidence data on chronic disease prevalence and incidence across countries.,minor,False,no_reply,True,False,"in need of RWE data, which can back up hypothetical",medium,no_reply,True
f23061,forums,General,How To Find Latest Occurrence of a Condition?,atlas,2025-01-11 23:10:52.781000+00:00,2025-01-13 15:01:52.590000+00:00,u_5ec1d7e320,2,False,2,1,2,1,2025-01-13 15:01:52.590000+00:00,88,1,,open,,,https://forums.ohdsi.org/t/how-to-find-latest-occurrence-of-a-condition/23061,39.84994694444445,2025Q1,126,question,cohort_definition,Atlas,Atlas does not clearly support defining cohort start date as the latest condition occurrence.,Define a cohort whose start date is the most recent occurrence of a condition.,minor,True,partially,False,False,I want to define a cohort such that cohort start date,medium,partially,True
f23077,forums,CDM Builders,Themis 2025 meetings,,2025-01-13 19:42:28.479000+00:00,2025-01-13 19:42:28.519000+00:00,u_4f6d298bed,3,False,1,0,1,0,,80,0,,open,,,https://forums.ohdsi.org/t/themis-2025-meetings/23077,,2025Q1,50,announcement,community_process,,,,none,False,no_reply,False,False,,high,no_reply,True
f23078,forums,General,"Weekly OHDSI Digest - January 13, 2025",,2025-01-13 20:13:52.976000+00:00,2025-01-13 20:13:53.016000+00:00,u_8f4021bf34,2,False,1,0,1,0,,50,0,,open,,,https://forums.ohdsi.org/t/weekly-ohdsi-digest-january-13-2025/23078,,2025Q1,918,announcement,community_process,,,,none,False,no_reply,False,False,,high,no_reply,True
f23087,forums,Vocabulary Users,UK dm+d Maintenance,vocabularies,2025-01-14 20:46:30.006000+00:00,2025-03-03 12:09:32.081000+00:00,u_61dd1bc5e5,1,False,5,4,3,3,2025-01-15 09:45:24.462000+00:00,395,2,,open,,,https://forums.ohdsi.org/t/uk-dm-d-maintenance/23087,12.981793333333332,2025Q1,96,question,vocabulary_mapping,Vocabulary,"UK dm+d vocabulary has not been updated since May 2023, limiting its utility.",Maintain and update UK dm+d vocabulary to current standards.,major,False,partially,False,True,last update to the vocabulary was in 22-May-2023,high,partially,True
f23089,forums,Developers,Error handling in MethodEvaluation package,,2025-01-15 08:29:06.723000+00:00,2025-01-20 12:47:34.793000+00:00,u_277289cad9,1,True,2,1,2,1,2025-01-20 12:47:34.793000+00:00,146,1,,open,,,https://forums.ohdsi.org/t/error-handling-in-methodevaluation-package/23089,124.30779722222222,2025Q1,119,bug,,MethodEvaluation,packageOhdsiBenchmarkResults() fails due to insufficient error handling with empty subsets.,Execute MethodEvaluation benchmarking without errors on study data.,blocker,False,resolved,False,False,insufficient error handling leads to function not running,high,resolved,False
f23093,forums,OHDSI in Europe,OHDSI for atopic dermatitis registries,,2025-01-15 14:18:52.378000+00:00,2025-01-15 14:18:52.416000+00:00,u_f3ff279250,1,False,1,0,1,0,,161,2,,open,,,https://forums.ohdsi.org/t/ohdsi-for-atopic-dermatitis-registries/23093,,2025Q1,53,announcement,"etl_cdm_conversion,community_process",,,,none,False,no_reply,True,True,,high,no_reply,True
f23098,forums,Vocabulary Users,Mapping HRV metrics to standard concepts,"cdm,vocabularies",2025-01-16 12:09:42.862000+00:00,2025-01-18 07:43:56.050000+00:00,u_7a646c4e8f,1,False,5,4,4,3,2025-01-17 07:26:39.324000+00:00,332,1,,open,,,https://forums.ohdsi.org/t/mapping-hrv-metrics-to-standard-concepts/23098,19.282350555555556,2025Q1,775,question,"vocabulary_mapping,etl_cdm_conversion","Usagi,Athena,Vocabulary",Heart rate variability metrics lack appropriate standard concepts in OMOP vocabularies.,Map ECG-derived heart rate variability measurements to OMOP standard concepts.,major,True,partially,False,True,we are currently focused on matching some HRV metrics,high,partially,True
f23100,forums,Implementers,Unable to connect to an instance of the WebAPI,,2025-01-16 17:11:47.172000+00:00,2025-01-16 17:11:47.226000+00:00,u_ee2338c0b3,2,True,1,0,1,0,,120,0,,open,,,https://forums.ohdsi.org/t/unable-to-connect-to-an-instance-of-the-webapi/23100,,2025Q1,112,bug,infrastructure_deployment,"Atlas,WebAPI,Achilles","After running Achilles, Atlas cannot connect to WebAPI with app instantiation error.",Restore Atlas connection to WebAPI after data changes.,blocker,False,unresolved,False,False,cannot use Atlas it keeps giving me the following error,high,no_reply,True
f23102,forums,General,Atlas/WebAPI Working Group Updates (New Meeting time),,2025-01-16 19:49:50.761000+00:00,2025-10-28 17:45:44.085000+00:00,u_c919d1b15d,2,False,5,4,1,0,,205,0,,open,,,https://forums.ohdsi.org/t/atlas-webapi-working-group-updates-new-meeting-time/23102,,2025Q1,69,announcement,community_process,"Atlas,WebAPI",,,none,False,no_reply,False,False,,high,no_reply,True
f23103,forums,Vocabulary Users,"Vocabulary WG meetings 2025: OKRs, way we work, release and more",,2025-01-16 22:26:51.121000+00:00,2025-01-16 22:26:51.159000+00:00,u_8b1a42a943,2,False,1,0,1,0,,58,1,,open,,,https://forums.ohdsi.org/t/vocabulary-wg-meetings-2025-okrs-way-we-work-release-and-more/23103,,2025Q1,121,announcement,community_process,Vocabulary,,,none,False,no_reply,False,True,,high,no_reply,True
f23104,forums,Developers,Unable to connect to an instance of the WebAPI,,2025-01-17 01:28:58.916000+00:00,2025-02-08 20:38:40.466000+00:00,u_ee2338c0b3,2,True,6,5,2,3,2025-01-17 15:20:44.658000+00:00,239,0,,open,,,https://forums.ohdsi.org/t/unable-to-connect-to-an-instance-of-the-webapi/23104,13.86270611111111,2025Q1,125,bug,infrastructure_deployment,"Atlas,WebAPI,Achilles","After running Achilles, Atlas cannot connect to WebAPI with app instantiation error.",Restore Atlas connection to WebAPI after data changes.,blocker,False,partially,False,False,cannot use Atlas it keeps giving me error,high,partially,True
f23105,forums,CDM Builders,Organised cancer screening programme with,,2025-01-17 06:53:21.317000+00:00,2025-01-20 08:43:20.720000+00:00,u_24018f2b5c,0,False,3,2,2,1,2025-01-18 01:07:25.830000+00:00,147,0,,open,,,https://forums.ohdsi.org/t/organised-cancer-screening-programme-with/23105,18.234586944444445,2025Q1,417,discussion,"characterization,etl_cdm_conversion",CommonDataModel,Current CDM Episode-table concepts do not adequately represent phases of organized cancer screening.,Use OMOP Episodes to structure and analyze organized cancer screening program data.,major,False,partially,True,True,Episodes-concepts could be something that could be used,high,partially,True
f23108,forums,Vocabulary Users,Mapping radiotherapy dose/fractions when split by body region,vocabularies,2025-01-17 10:42:08.500000+00:00,2025-06-04 19:19:51.995000+00:00,u_b754b8ac7f,1,False,4,3,4,3,2025-02-10 20:30:52.898000+00:00,345,0,,open,,,https://forums.ohdsi.org/t/mapping-radiotherapy-dose-fractions-when-split-by-body-region/23108,585.8123327777778,2025Q1,319,question,"etl_cdm_conversion,characterization","CommonDataModel,NAACCR",Cannot clearly map multi-region radiotherapy dose and fractions without losing region information.,Map oncology radiotherapy per-region dose and fractions to OMOP standard concepts.,major,True,partially,False,True,not sure how to handle the dose and fractions per region,high,partially,True
f23121,forums,General,"Weekly OHDSI Digest- January 20, 2025",,2025-01-20 21:19:13.964000+00:00,2025-01-20 21:19:14.012000+00:00,u_8f4021bf34,2,False,1,0,1,0,,52,0,,open,,,https://forums.ohdsi.org/t/weekly-ohdsi-digest-january-20-2025/23121,,2025Q1,780,announcement,community_process,,,,none,False,no_reply,False,False,,high,no_reply,True
f23123,forums,Developers,Custom balancing in CohortMethod,estimationmethods,2025-01-21 09:32:31.217000+00:00,2026-01-30 09:47:25.890000+00:00,u_277289cad9,1,True,6,5,3,4,2025-01-21 12:53:01.617000+00:00,438,1,,open,,,https://forums.ohdsi.org/t/custom-balancing-in-cohortmethod/23123,3.3417777777777777,2025Q1,128,question,estimation,"CohortMethod,HADES",CohortMethod does not easily support custom balancing methods like EBAL.,Implement custom covariate balancing methods in CohortMethod for causal inference.,major,False,partially,False,False,I have questions regarding how I can implement custom balancing,high,partially,True
f23128,forums,Implementers,Does anyone have experience with Carrot?,cdm,2025-01-21 16:40:54.893000+00:00,2025-01-21 16:40:54.933000+00:00,u_f33dad717f,1,False,1,0,1,0,,127,0,,open,,,https://forums.ohdsi.org/t/does-anyone-have-experience-with-carrot/23128,,2025Q1,55,discussion,etl_cdm_conversion,Carrot,Limited documentation makes it difficult to assess utility of Carrot tools for OMOP.,Evaluate whether Carrot Mapper and Carrot Transform are beneficial for OMOP ETL.,minor,False,no_reply,False,True,hard to judge if these tools would be of advantage,medium,no_reply,True
f23131,forums,OHDSI in Korea,[공유] 건강보험심사평가원 cdm 상시 개방 예정 관련,,2025-01-21 19:31:37.784000+00:00,2025-01-21 19:31:37.832000+00:00,u_899e49305b,2,False,1,0,1,0,,246,2,,open,,,https://forums.ohdsi.org/t/cdm/23131,,2025Q1,164,announcement,"community_process,infrastructure_deployment",CommonDataModel,,,none,False,no_reply,True,True,,high,no_reply,True
f23135,forums,Implementers,Transformation of Optum Market Clarity data into OMOP format. Code Available?,,2025-01-22 18:35:04.390000+00:00,2025-01-22 18:35:04.434000+00:00,u_9ed1a29b0b,1,False,1,0,1,0,,69,0,,open,,,https://forums.ohdsi.org/t/transformation-of-optum-market-clarity-data-into-omop-format-code-available/23135,,2025Q1,16,question,etl_cdm_conversion,,Need to find existing ETL code for Optum Market Clarity data transformation.,Transform Optum Market Clarity data into OMOP format.,major,False,no_reply,False,True,Is there preexisting code for doing available on Github?,high,no_reply,True
f23136,forums,General,Registry-based randomised controlled trials,,2025-01-22 20:26:55.829000+00:00,2025-01-22 20:26:55.869000+00:00,u_3d1022c6fd,1,False,1,0,1,0,,55,0,,open,,,https://forums.ohdsi.org/t/registry-based-randomised-controlled-trials/23136,,2025Q1,132,discussion,"network_study_execution,characterization,estimation",,Lack of examples for conducting Randomized Registry Clinical Trials using real-world data.,Design and conduct Randomized Registry Clinical Trials using OMOP data.,major,False,no_reply,True,False,I would like to know if there are any examples,medium,no_reply,True
f23137,forums,Vocabulary Users,Snomed CT AU Vocabulary inquiry,,2025-01-22 21:28:42.360000+00:00,2025-02-13 07:54:45.267000+00:00,u_93e4058f16,1,False,22,21,6,14,2025-01-23 11:41:05.803000+00:00,379,5,,open,,,https://forums.ohdsi.org/t/snomed-ct-au-vocabulary-inquiry/23137,14.206511944444443,2025Q1,263,feature_request,vocabulary_mapping,"Athena,Vocabulary,SNOMED",SNOMED CT-AU has additional concepts beyond versions in Athena but no plans to add it.,Add SNOMED Clinical Terminology from Australia to Athena vocabulary downloads.,minor,True,unresolved,False,True,Is there consideration by OHDSI Athena of adding Australia,high,unresolved,True
f23139,forums,Uncategorized,Stillborn,cdm,2025-01-23 07:56:06.786000+00:00,2025-02-04 20:22:04.342000+00:00,u_5c473950e1,1,True,7,6,3,3,2025-01-24 14:05:07.019000+00:00,264,3,,open,,,https://forums.ohdsi.org/t/stillborn/23139,30.150064722222222,2025Q1,54,question,"etl_cdm_conversion,data_quality",CommonDataModel,Cannot represent stillborn fetus data in OMOP because they lack observation periods.,Include diagnoses and clinical data for stillborn fetuses in OMOP CDM.,major,True,partially,False,True,cannot include it in person table because no observation period,high,partially,True
f23147,forums,Researchers,Covariate Matching Based on Record Count,"cdm,atlas,estimationmethods",2025-01-24 14:17:07.830000+00:00,2025-01-24 14:17:07.929000+00:00,u_14eb57261b,1,True,1,0,1,0,,118,0,,open,,,https://forums.ohdsi.org/t/covariate-matching-based-on-record-count/23147,,2025Q1,162,question,estimation,"CohortMethod,HADES","CohortMethod operates at person level, preventing record-level covariate matching.",Perform covariate matching based on record count instead of person count.,major,False,no_reply,False,False,I would like to retain all records from the first cohort,high,no_reply,True
f23163,forums,General,"Weekly OHDSI Digest - January 27, 2025",,2025-01-27 18:58:23.175000+00:00,2025-01-27 18:58:23.221000+00:00,u_8f4021bf34,2,False,1,0,1,0,,48,0,,open,,,https://forums.ohdsi.org/t/weekly-ohdsi-digest-january-27-2025/23163,,2025Q1,612,announcement,community_process,,,,none,False,no_reply,False,False,,high,no_reply,True
f23175,forums,Vocabulary Users,Error in ICD-10 mapping to SNOMED for D00.0?,,2025-01-29 09:36:52.691000+00:00,2025-01-29 18:41:50.794000+00:00,u_bf5b652103,0,False,3,2,3,2,2025-01-29 10:25:23.058000+00:00,214,1,,open,,,https://forums.ohdsi.org/t/error-in-icd-10-mapping-to-snomed-for-d00-0/23175,0.8084352777777778,2025Q1,73,bug,vocabulary_mapping,"Vocabulary,SNOMED",ICD-10 D00.0 incorrectly maps to malignant neoplasm instead of in situ concept.,Correctly map ICD-10 codes for carcinoma in situ to in situ SNOMED concepts.,major,False,partially,False,True,ICD-10 code D00.0 maps to SNOMED concept 4113107,high,partially,True
f23180,forums,General,Materials for OHDSI presentation to new organization,,2025-01-29 19:25:24.529000+00:00,2025-01-29 19:25:24.569000+00:00,u_df81d089ca,1,False,1,0,1,0,,121,0,,open,,,https://forums.ohdsi.org/t/materials-for-ohdsi-presentation-to-new-organization/23180,,2025Q1,351,discussion,"learning_onboarding,community_process","Atlas,Athena,Synthea,Broadsea",Creating effective OHDSI training materials for diverse internal stakeholder groups is time-consuming and not standardized across implementations.,"Develop reusable, role-based OHDSI presentation materials for onboarding new organizations to the platform and tools.",minor,True,unclear,False,False,"In order to focus on those 'how OHDSI can help you' presentations, I would like to provide more general background materials",high,no_reply,True
f23184,forums,Implementers,New Project - Synthea2OMOP-ETL,,2025-01-31 02:32:43.128000+00:00,2025-01-31 02:32:43.175000+00:00,u_5b9ece9490,2,True,1,0,1,0,,452,1,,open,,,https://forums.ohdsi.org/t/new-project-synthea2omop-etl/23184,,2025Q1,563,announcement,"etl_cdm_conversion,vocabulary_mapping","Synthea,SqlRender,DatabaseConnector,Python,SQL",,,none,False,no_reply,False,True,,high,no_reply,True
f23185,forums,Developers,New Project - Broadsea Configurator,,2025-01-31 02:40:10.220000+00:00,2025-01-31 02:40:10.256000+00:00,u_5b9ece9490,2,True,1,0,1,0,,120,1,,open,,,https://forums.ohdsi.org/t/new-project-broadsea-configurator/23185,,2025Q1,267,announcement,infrastructure_deployment,"Broadsea,Docker,Postgres",,,none,False,no_reply,False,False,,high,no_reply,True
f23192,forums,General,Phenotype Pheburary 2025,phenotype-phebruary,2025-02-01 12:52:31.335000+00:00,2025-02-14 23:09:15.815000+00:00,u_e13632bec5,4,False,10,9,2,1,2025-02-03 14:31:29.261000+00:00,805,1,,open,,,https://forums.ohdsi.org/t/phenotype-pheburary-2025/23192,49.64942388888889,2025Q1,469,announcement,"cohort_definition,characterization,community_process","Atlas,CohortDiagnostics",,,none,False,unclear,False,False,,high,unclear,False
f23197,forums,General,"Weekly OHDSI Digest - February 3, 2025",,2025-02-04 00:00:11.349000+00:00,2025-02-04 00:00:11.397000+00:00,u_8f4021bf34,2,False,1,0,1,0,,66,0,,open,,,https://forums.ohdsi.org/t/weekly-ohdsi-digest-february-3-2025/23197,,2025Q1,1074,announcement,"community_process,learning_onboarding",,,,none,False,no_reply,False,False,,high,no_reply,True
f23214,forums,Implementers,New IRIS Dialect and ACHILLES_RESULTS,,2025-02-06 17:38:17.665000+00:00,2025-04-11 12:51:42.372000+00:00,u_fc7ec5d882,1,True,15,14,3,10,2025-02-14 10:06:21.364000+00:00,719,4,,open,,,https://forums.ohdsi.org/t/new-iris-dialect-and-achilles-results/23214,184.46769416666666,2025Q1,254,question,"data_quality,infrastructure_deployment","Achilles,SqlRender,DatabaseConnector,IRIS,R",Running Achilles against InterSystems IRIS database results in CTE errors and missing ACHILLES_RESULTS table output.,Get Achilles data quality tool working with InterSystems IRIS database dialect to characterize OMOP CDM data.,major,False,unclear,False,False,CTE errors loading the analysis...ACHILLES_RESULTS missing entirely,high,unclear,False
f23220,forums,Implementers,CSV validator to evaluate OMOP compliance,,2025-02-07 14:20:08.340000+00:00,2025-04-04 14:26:16.942000+00:00,u_778deddb51,1,False,2,1,2,1,2025-04-04 14:26:16.942000+00:00,153,0,,open,,,https://forums.ohdsi.org/t/csv-validator-to-evaluate-omop-compliance/23220,1344.1023894444445,2025Q1,94,question,"data_quality,etl_cdm_conversion",Achilles,Need a schema-based CSV validator to check OMOP CDM compliance before database loading without FK validation.,Validate OMOP compliance of CSV files prior to loading into database.,minor,True,resolved,False,True,Is there a multiplatform schema-based validator to check if a CSV dataset is OMOP-compliant?,high,resolved,False
f23221,forums,General,Error in R when trying to execute ATLAS patient-level-prediction,"atlas,patientprediction",2025-02-07 14:22:07.781000+00:00,2025-02-11 18:14:11.785000+00:00,u_84f7536860,1,False,7,6,3,3,2025-02-07 14:55:25.270000+00:00,427,0,,open,,,https://forums.ohdsi.org/t/error-in-r-when-trying-to-execute-atlas-patient-level-prediction/23221,0.5548580555555556,2025Q1,61,bug,prediction_ml,"Atlas,PatientLevelPrediction,R",ATLAS patient-level-prediction R package execution fails due to versioning mismatch between generated code and PLP library.,Run patient-level prediction models exported from ATLAS using the patient-level-prediction R package.,major,True,resolved,False,False,I can't seem to get around the attached error.,high,resolved,False
f23224,forums,Implementers,How to change threshold values for test harness?,,2025-02-07 18:02:20.426000+00:00,2025-02-08 15:35:37.048000+00:00,u_23b4aefa4b,1,False,2,1,2,1,2025-02-08 15:35:37.048000+00:00,83,0,,open,,,https://forums.ohdsi.org/t/how-to-change-threshold-values-for-test-harness/23224,21.554617222222223,2025Q1,31,question,data_quality,DataQualityDashboard,DataQualityDashboard test harness has hardcoded threshold values causing many test failures for specific data characteristics.,Modify data quality threshold values in test harness to match local data characteristics.,minor,True,resolved,False,False,I have a lot of test failures because of a date check being LT 19500101.,high,resolved,False
f23229,forums,Vocabulary Users,Korean Vocab EDI issue,,2025-02-09 18:09:13.281000+00:00,2025-02-21 12:35:19.480000+00:00,u_b83b67c84a,2,False,9,8,5,7,2025-02-10 04:42:32.162000+00:00,183,2,,open,,,https://forums.ohdsi.org/t/korean-vocab-edi-issue/23229,10.555244722222223,2025Q1,22,bug,vocabulary_mapping,"Athena,Vocabulary",Korean vocabulary concepts have Korean symbols in English name fields instead of proper English concept names.,Ensure OHDSI standard vocabulary has proper English names and language metadata for all international concepts.,minor,False,resolved,False,True,English name is like this having Korean symbols.,high,resolved,False
f23238,forums,General,"Weekly OHDSI Digest - February 10, 2025",,2025-02-10 20:08:46.164000+00:00,2025-02-10 20:08:46.206000+00:00,u_8f4021bf34,2,False,1,0,1,0,,52,0,,open,,,https://forums.ohdsi.org/t/weekly-ohdsi-digest-february-10-2025/23238,,2025Q1,952,announcement,"community_process,learning_onboarding",,,,none,False,no_reply,False,False,,high,no_reply,True
f23239,forums,General,"Join the Scientific Review Committee for the OHDSI Global Symposium, Oct. 7-9",,2025-02-10 21:07:05.568000+00:00,2025-02-10 21:07:05.619000+00:00,u_8f4021bf34,2,False,1,0,1,0,,45,0,,open,,,https://forums.ohdsi.org/t/join-the-scientific-review-committee-for-the-ohdsi-global-symposium-oct-7-9/23239,,2025Q1,102,job_or_event,community_process,,,,none,False,no_reply,False,False,,high,no_reply,True
f23243,forums,General,[Atlas] customize medication use by ATC,,2025-02-11 19:00:27.700000+00:00,2025-02-11 19:00:27.746000+00:00,u_859f1aceb5,1,True,1,0,1,0,,65,0,,open,,,https://forums.ohdsi.org/t/atlas-customize-medication-use-by-atc/23243,,2025Q1,81,question,"characterization,cohort_definition","Atlas,SQL",Need to customize medication analysis SQL code to work at ATC drug classification level instead of individual drugs.,Analyze medication use at ATC drug classification level instead of individual drug exposure records.,minor,False,no_reply,False,False,I would appreciate any suggestion on how to modify the code to analyze drug use at the ATC level.,high,no_reply,True
f23248,forums,General,Feb 2025 Evidence Network Monthly Meeting,,2025-02-12 17:54:18.551000+00:00,2025-02-12 17:54:18.595000+00:00,u_6590a1d640,2,False,1,0,1,0,,60,0,,open,,,https://forums.ohdsi.org/t/feb-2025-evidence-network-monthly-meeting/23248,,2025Q1,77,announcement,"network_study_execution,community_process",Atlas,,,none,False,no_reply,True,False,,high,no_reply,True
f23251,forums,OHDSI in Korea,Feedernet estimation 작동 관련 문의드립니다,,2025-02-13 02:10:19.665000+00:00,2025-02-13 19:34:25.190000+00:00,u_e3e0c9cf50,0,False,2,1,2,1,2025-02-13 19:34:25.190000+00:00,103,0,,open,,,https://forums.ohdsi.org/t/feedernet-estimation/23251,17.401534722222223,2025Q1,34,bug,"estimation,network_study_execution",,Federated network study execution fails during research file processing with error message.,Execute federated network estimation studies across multiple participating sites.,major,False,unclear,True,False,,medium,unclear,False
f23252,forums,Developers,Handling covariate matrix,,2025-02-13 05:35:25.323000+00:00,2025-02-13 19:53:06.400000+00:00,u_277289cad9,1,False,2,1,2,1,2025-02-13 19:53:06.400000+00:00,133,1,,open,,,https://forums.ohdsi.org/t/handling-covariate-matrix/23252,14.29474361111111,2025Q1,170,question,"prediction_ml,estimation","Cyclops,FeatureExtraction,PatientLevelPrediction,R",Covariate matrix structure and one-hot encoding conventions in OHDSI predictive modeling packages are unclear.,Understand how covariate matrices are constructed and handled in OHDSI predictive modeling packages.,minor,False,resolved,False,False,It is rather unclear how features are originally handled in the cyclops library.,medium,resolved,False
f23267,forums,General,New feature in concept sets Lock/snapshot,,2025-02-14 16:38:13.432000+00:00,2025-02-14 17:21:07.763000+00:00,u_00bdaa7fa9,1,False,2,1,2,1,2025-02-14 17:21:07.763000+00:00,158,2,,open,,,https://forums.ohdsi.org/t/new-feature-in-concept-sets-lock-snapshot/23267,0.7150919444444445,2025Q1,411,feature_request,"characterization,community_process",Atlas,"Concept sets can be accidentally modified or changed by vocabulary updates, compromising consistency for studies.",Lock and snapshot concept sets to maintain consistent definitions throughout study duration and across vocabulary updates.,major,True,unclear,False,False,There be a means of locking concepts against edits as this ensures that definitions remain consistent,high,unclear,False
f23268,forums,General,Capr error and Phenotype Feb idea (cohorts by code; may be faster),,2025-02-14 17:37:33.399000+00:00,2025-05-07 23:43:58.312000+00:00,u_9c94568ef1,2,True,6,5,4,4,2025-02-14 20:27:32.752000+00:00,311,6,,open,,,https://forums.ohdsi.org/t/capr-error-and-phenotype-feb-idea-cohorts-by-code-may-be-faster/23268,2.833153611111111,2025Q1,194,question,"cohort_definition,characterization","Capr,Atlas,CohortConstructor,R",Capr package has bug in as.json function preventing creation of R code equivalent to Atlas JSON cohort definitions.,Create R code using Capr that generates identical cohort definitions to those created in Atlas GUI.,minor,True,resolved,False,False,Capr::as.jason seem to be the key problem.,high,resolved,False
f23272,forums,Implementers,Question about dosage info for combination drugs,,2025-02-16 00:08:20.123000+00:00,2025-02-24 20:27:46.450000+00:00,u_be6a42a8e4,1,True,5,4,2,2,2025-02-16 15:05:36.129000+00:00,224,1,,open,,,https://forums.ohdsi.org/t/question-about-dosage-info-for-combination-drugs/23272,14.954446111111112,2025Q1,175,question,etl_cdm_conversion,"CommonDataModel,Usagi,Vocabulary",OMOP CDM guidance is unclear when mapping combination drugs with incomplete dosage information to standards.,Map combination drug source records to appropriate OMOP standard drug concepts with proper dosage fields.,minor,False,resolved,False,True,I don't have information on how the total 55 mg dose is split between the two ingredients.,high,resolved,False
f23275,forums,Vocabulary Users,Montreal Classification for Inflammatory Bowel Disease,,2025-02-17 14:58:55.997000+00:00,2025-02-17 14:58:56.043000+00:00,u_f3d9d612be,1,False,1,0,1,0,,102,0,,open,,,https://forums.ohdsi.org/t/montreal-classification-for-inflammatory-bowel-disease/23275,,2025Q1,26,question,vocabulary_mapping,"Athena,Vocabulary",Need mapping guidance for Montreal Classification disease staging system for Crohn's disease in OHDSI vocabulary.,Map Montreal Classification disease staging concepts to appropriate OHDSI standard vocabulary terms.,minor,False,no_reply,False,True,Looking for a way to map the montreal classification for crohn's disease?,high,no_reply,True
f23277,forums,Developers,Batches Not Supported,,2025-02-17 17:48:54.149000+00:00,2025-02-17 17:48:54.189000+00:00,u_593d8494f6,1,False,1,0,1,0,,149,0,,open,,,https://forums.ohdsi.org/t/batches-not-supported/23277,,2025Q1,171,bug,"infrastructure_deployment,network_study_execution","Atlas,WebAPI,DatabaseConnector,SqlRender,Trino,Achilles",OHDSI tools do not support Trino database backend due to lack of batch query support in JDBC driver.,Enable Atlas and cohort characterization tools to work with Trino as CDM database store backend.,major,False,unresolved,False,False,Batches not supported: java.sql.SQLFeatureNotSupportedException,high,no_reply,True
f23278,forums,General,"Weekly OHDSI Digest - February 17, 2025",,2025-02-17 20:18:03.425000+00:00,2025-02-17 20:18:03.474000+00:00,u_8f4021bf34,2,False,1,0,1,0,,57,0,,open,,,https://forums.ohdsi.org/t/weekly-ohdsi-digest-february-17-2025/23278,,2025Q1,787,announcement,"community_process,learning_onboarding",CohortDiagnostics,,,none,False,no_reply,False,False,,high,no_reply,True
f23281,forums,Vocabulary Users,Finding the standard unit_concept_id for kcal/hr*kg,,2025-02-18 09:51:39.330000+00:00,2025-04-14 13:20:31.642000+00:00,u_651654af8e,1,True,5,4,3,2,2025-02-18 10:51:16.561000+00:00,219,1,,open,,,https://forums.ohdsi.org/t/finding-the-standard-unit-concept-id-for-kcal-hr-kg/23281,0.9936752777777779,2025Q1,128,question,vocabulary_mapping,"Athena,Vocabulary",OHDSI standard vocabulary lacks appropriate unit concept for physical exertion measured in kcal/(hr·kg).,Find or create appropriate standard vocabulary units for fitness and exertion measurements.,minor,True,resolved,False,True,I am struggling to find an appropriate standard unit for kcal/(hr·kg).,high,resolved,False
f23284,forums,Uncategorized,Deadline to Join 2025 Scientific Review Committee March 3rd. Join now!,,2025-02-18 16:21:10.011000+00:00,2025-02-18 16:21:10.049000+00:00,u_8f4021bf34,2,False,1,0,1,0,,48,0,,open,,,https://forums.ohdsi.org/t/deadline-to-join-2025-scientific-review-committee-march-3rd-join-now/23284,,2025Q1,102,job_or_event,community_process,,,,none,False,no_reply,False,False,,high,no_reply,True
f23293,forums,General,"Job Opportunity: Senior Clinical Informaticist, RWD at Freenome",,2025-02-20 17:09:12.909000+00:00,2025-02-20 17:09:12.954000+00:00,u_da35c0eb1f,1,False,1,0,1,0,,74,0,,open,,,https://forums.ohdsi.org/t/job-opportunity-senior-clinical-informaticist-rwd-at-freenome/23293,,2025Q1,52,job_or_event,community_process,,,,none,False,no_reply,False,False,,high,no_reply,True
f23294,forums,General,Data Quality-Handling Missing Birthdate Components in plausibleAfterBirth Check,cdm,2025-02-20 20:54:01.880000+00:00,2025-02-28 22:59:13.259000+00:00,u_e5529baea7,1,True,5,4,3,3,2025-02-20 23:19:20.021000+00:00,161,1,,open,,,https://forums.ohdsi.org/t/data-quality-handling-missing-birthdate-components-in-plausibleafterbirth-check/23294,2.4217058333333332,2025Q1,81,bug,"data_quality,etl_cdm_conversion","DataQualityDashboard,Snowflake,R","DataQualityDashboard fails when birth date components are missing, unable to handle null month/day/datetime.",Run data quality checks on OMOP CDM datasets with incomplete birthdate data.,major,False,unresolved,False,True,Can't parse '00101' as date with format 'YYYYMMDD',high,unresolved,True
f23295,forums,Vocabulary Users,Vocabularies office hours,,2025-02-20 22:28:23.238000+00:00,2025-02-20 22:28:23.283000+00:00,u_8b1a42a943,2,False,1,0,1,0,,116,0,,open,,,https://forums.ohdsi.org/t/vocabularies-office-hours/23295,,2025Q1,98,announcement,"vocabulary_mapping,community_process,learning_onboarding",Vocabulary,,,none,False,no_reply,False,False,,high,no_reply,True
f23304,forums,Vocabulary Users,Question about Kirsten rat sarcoma viral oncogene homolog concept,,2025-02-24 13:01:46.378000+00:00,2025-02-24 14:27:55.467000+00:00,u_b83b67c84a,2,False,2,1,2,1,2025-02-24 14:27:55.467000+00:00,103,0,,open,,,https://forums.ohdsi.org/t/question-about-kirsten-rat-sarcoma-viral-oncogene-homolog-concept/23304,1.4358580555555556,2025Q1,44,question,vocabulary_mapping,"Athena,Vocabulary,Atlas",KRAS vocabulary concept definition is unclear regarding specific mutations and diagnostic testing methods.,Clarify OHDSI vocabulary concept definitions for specific genetic mutations and testing methodologies.,minor,False,resolved,False,True,Does this specifically refer to identification of specific KRAS mutations?,high,resolved,False
f23305,forums,Implementers,CPRD using ETL-CDMBuilder,,2025-02-24 13:03:54.808000+00:00,2025-02-24 13:03:54.855000+00:00,u_311106ee60,1,False,1,0,1,0,,86,0,,open,,,https://forums.ohdsi.org/t/cprd-using-etl-cdmbuilder/23305,,2025Q1,38,bug,etl_cdm_conversion,CDMBuilder,"ETL-CDMBuilder fails when processing CPRD dataset, preventing successful OMOP transformation.",Successfully execute ETL process to convert CPRD data to OMOP CDM format.,major,False,no_reply,False,True,,medium,no_reply,True
f23306,forums,General,Women of OHDSI 2025,,2025-02-24 13:54:21.735000+00:00,2025-02-24 13:54:21.779000+00:00,u_40d7ee4928,0,False,1,0,1,0,,136,2,,open,,,https://forums.ohdsi.org/t/women-of-ohdsi-2025/23306,,2025Q1,131,announcement,"community_process,learning_onboarding",,,,none,False,no_reply,False,False,,high,no_reply,True
f23311,forums,General,"Weekly OHDSI Digest - February 24, 2025",,2025-02-24 21:00:16.984000+00:00,2025-02-24 21:00:17.028000+00:00,u_8f4021bf34,2,False,1,0,1,0,,82,0,,open,,,https://forums.ohdsi.org/t/weekly-ohdsi-digest-february-24-2025/23311,,2025Q1,1064,announcement,"community_process,learning_onboarding",,,,none,False,no_reply,False,False,,high,no_reply,True
f23313,forums,General,OHDSI Community: Time to make a new edition of the Book of OHDSI,book,2025-02-24 21:22:07.909000+00:00,2025-02-24 21:22:07.961000+00:00,u_b72d5cdc46,4,False,1,0,1,0,,91,2,,open,,,https://forums.ohdsi.org/t/ohdsi-community-time-to-make-a-new-edition-of-the-book-of-ohdsi/23313,,2025Q1,211,discussion,"community_process,learning_onboarding",,"The Book of OHDSI is outdated and missing newer achievements, methods, and use cases from the community.","Update the Book of OHDSI to reflect current platform capabilities, achievements, and community contributions.",minor,False,unclear,False,False,The Book of OHDSI is now a little over 6 years old.,high,no_reply,True
f23333,forums,Uncategorized,Language to Support Local OMOP in light of NIH Funding Changes,,2025-02-27 13:31:14.680000+00:00,2025-02-27 13:31:14.726000+00:00,u_e0136b2158,2,False,1,0,1,0,,58,0,,open,,,https://forums.ohdsi.org/t/language-to-support-local-omop-in-light-of-nih-funding-changes/23333,,2025Q1,85,discussion,"governance_privacy,infrastructure_deployment,community_process",,NIH funding changes create budget justification challenges for local OMOP implementation projects.,Develop budget and funding justifications for OMOP implementation amid changing NIH funding landscape.,minor,False,unclear,False,False,We're locally working on drafting budget justifications for OMOP implementation given changes in funding.,high,no_reply,True
f23337,forums,Uncategorized,Stage 1 concept_ids using a query,,2025-02-27 21:02:12.546000+00:00,2025-03-03 14:00:24.712000+00:00,u_866ba6e4ba,1,False,4,3,2,1,2025-03-02 16:08:25.797000+00:00,118,0,,open,,,https://forums.ohdsi.org/t/stage-1-concept-ids-using-a-query/23337,67.10368083333333,2025Q1,38,question,vocabulary_mapping,"Athena,Vocabulary,SQL",Cannot programmatically retrieve cancer staging concept IDs without manually creating concept sets in Atlas.,Dynamically query OHDSI vocabulary to retrieve all stage-related concept IDs for cancer staging.,minor,False,resolved,False,True,How can I the get all the Stage 1 concept_ids without a concept set?,high,resolved,False
f23340,forums,Vocabulary Users,Term choice for SNOMED Veterinary,,2025-02-28 15:12:41.205000+00:00,2025-03-04 14:37:23.359000+00:00,u_ec0810b48e,1,False,2,1,2,1,2025-03-04 14:37:23.359000+00:00,112,0,,open,,,https://forums.ohdsi.org/t/term-choice-for-snomed-veterinary/23340,95.41170944444444,2025Q1,232,question,vocabulary_mapping,"Athena,Vocabulary","OHDSI vocabulary displays non-preferred SNOMED Veterinary terms, causing confusion in veterinary data mapping.",Ensure OHDSI vocabulary displays preferred SNOMED Veterinary terms and includes language metadata.,minor,False,resolved,False,True,"Athena is display as Old-dog encephalitis, despite Canine distemper being the preferred term.",high,resolved,False
f23343,forums,Uncategorized,Goal13: every disease will have natural history summary characterization,,2025-02-28 20:19:01.106000+00:00,2025-02-28 20:19:01.144000+00:00,u_9c94568ef1,2,True,1,0,1,0,,60,0,,open,,,https://forums.ohdsi.org/t/goal13-every-disease-will-have-natural-history-summary-characterization/23343,,2025Q1,149,discussion,"characterization,community_process","Characterization,R",Need comprehensive natural history characterization for diseases across multiple global sites to understand heterogeneity.,Create comprehensive real-world evidence summaries characterizing disease natural history and treatment pathways globally.,minor,False,unclear,True,False,Every disease will have a comprehensive real-world evidence summary.,high,no_reply,True
f23344,forums,Uncategorized,OMOP and Microsoft technologies,,2025-02-28 20:23:20.887000+00:00,2025-03-03 15:56:35.143000+00:00,u_9c94568ef1,2,False,2,1,2,1,2025-03-03 15:56:35.143000+00:00,95,2,,open,,,https://forums.ohdsi.org/t/omop-and-microsoft-technologies/23344,67.55396,2025Q1,61,discussion,"infrastructure_deployment,community_process",,,,none,False,unclear,False,False,,high,unclear,False
f23349,forums,Uncategorized,Deadline is tomorrow March 3- join the scientific review committee for the 2025 global symposium,,2025-03-02 12:40:37.321000+00:00,2025-03-03 16:05:14.030000+00:00,u_8f4021bf34,2,False,2,1,2,1,2025-03-03 16:05:14.030000+00:00,99,1,,open,,,https://forums.ohdsi.org/t/deadline-is-tomorrow-march-3-join-the-scientific-review-committee-for-the-2025-global-symposium/23349,27.410196944444444,2025Q1,102,job_or_event,community_process,,,,none,False,unclear,False,False,,high,unclear,False
f23372,forums,Vocabulary Users,Vocabulary Release v20250227 Date = 30-AUG-24,,2025-03-03 18:27:32.476000+00:00,2025-03-06 13:42:06.293000+00:00,u_a39866ff40,2,False,3,2,2,1,2025-03-04 14:37:57.317000+00:00,137,0,,open,,,https://forums.ohdsi.org/t/vocabulary-release-v20250227-date-30-aug-24/23372,20.173566944444445,2025Q1,27,bug,vocabulary_mapping,"Athena,Vocabulary",Vocabulary release metadata shows incorrect date 2024 instead of current 2025.,Ensure vocabulary release metadata accurately reflects current release dates in Athena and downloads.,minor,False,resolved,False,True,The VOCABULARY.CSV file shows the date as V 5.0 30-AUG-2024.,high,resolved,False
f23373,forums,General,"Weekly OHDSI Digest - March 3, 2025",,2025-03-03 19:19:46.604000+00:00,2025-03-03 19:19:46.658000+00:00,u_8f4021bf34,2,False,1,0,1,0,,39,0,,open,,,https://forums.ohdsi.org/t/weekly-ohdsi-digest-march-3-2025/23373,,2025Q1,887,announcement,"community_process,learning_onboarding",Vocabulary,,,none,False,no_reply,False,False,,high,no_reply,True
f23382,forums,Vocabulary Users,Vocabulary release v20250227,,2025-03-04 15:21:33.544000+00:00,2025-03-04 15:21:33.587000+00:00,u_dea3b89267,2,False,1,0,1,0,,278,4,,open,,,https://forums.ohdsi.org/t/vocabulary-release-v20250227/23382,,2025Q1,193,announcement,"vocabulary_mapping,community_process","Athena,Vocabulary",,,none,False,no_reply,False,True,,high,no_reply,True
f23383,forums,Vocabulary Users,Can't log into Athena,,2025-03-04 15:49:32.839000+00:00,2025-03-06 10:49:04.625000+00:00,u_6248d2c486,1,False,2,1,2,1,2025-03-06 10:49:04.625000+00:00,305,1,,open,,,https://forums.ohdsi.org/t/cant-log-into-athena/23383,42.99216277777778,2025Q1,36,bug,infrastructure_deployment,Athena,Cannot log into Athena - password not working and password reset emails not being sent.,Access OHDSI Athena vocabulary browser for concept mapping and exploration.,blocker,False,unresolved,False,False,It won't accept my password and password reset email doesn't send.,high,unresolved,True
f23391,forums,General,OMOP CDM WG Meeting 5 March 2025,cdm,2025-03-05 14:19:58.220000+00:00,2025-03-05 14:19:58.271000+00:00,u_6590a1d640,2,False,1,0,1,0,,63,0,,open,,,https://forums.ohdsi.org/t/omop-cdm-wg-meeting-5-march-2025/23391,,2025Q1,81,announcement,"community_process,vocabulary_mapping",Atlas,,,none,False,no_reply,False,True,,high,no_reply,True
f23392,forums,General,HADES R Codes Validation,,2025-03-05 15:11:15.264000+00:00,2025-03-05 15:11:15.301000+00:00,u_7c10acdb83,1,False,1,0,1,0,,68,0,,open,,,https://forums.ohdsi.org/t/hades-r-codes-validation/23392,,2025Q1,30,question,learning_onboarding,"HADES,R",Unclear where HADES R package validation results and validation data are documented.,Access HADES R package validation results and test data documentation.,minor,False,no_reply,False,False,Which data is used for HADES R package validation?,medium,no_reply,True
f23393,forums,Implementers,Ldap security configuration using Broadsea 3.5,,2025-03-05 15:43:40.252000+00:00,2025-03-19 21:51:53.052000+00:00,u_6e6a9e90eb,1,False,5,4,3,2,2025-03-06 12:37:26.056000+00:00,222,0,,open,,,https://forums.ohdsi.org/t/ldap-security-configuration-using-broadsea-3-5/23393,20.896056666666667,2025Q1,151,question,"infrastructure_deployment,governance_privacy","Broadsea,Atlas,WebAPI,Docker",LDAP authentication configuration in Broadsea 3.5 Atlas is not working despite proper environment and config setup.,Configure and enable LDAP authentication for Atlas deployment in Broadsea for user access control.,major,False,unclear,False,False,Ldap is not working.,high,unclear,False
f23397,forums,General,How to create thousands of concept sets for ATLAS?,,2025-03-05 21:00:34.327000+00:00,2025-03-24 14:42:50.407000+00:00,u_866ba6e4ba,1,False,5,4,4,4,2025-03-06 03:32:00.315000+00:00,203,0,,open,,,https://forums.ohdsi.org/t/how-to-create-thousands-of-concept-sets-for-atlas/23397,6.523885555555556,2025Q1,69,question,cohort_definition,"Atlas,Capr,Vocabulary",Creating thousands of granular concept sets for ATLAS is time-consuming and lacks clear automation approach.,Build thousands of low-grain concept sets programmatically to populate a custom data model.,major,True,resolved,False,True,"I do need thousands of labs, drugs, procedures, etc.",high,resolved,False
f23411,forums,Developers,Code recommender during Phenotype Evaluation,,2025-03-10 08:37:53.460000+00:00,2025-03-10 08:37:53.518000+00:00,u_0d418080c4,1,False,1,0,1,0,,241,4,,open,,,https://forums.ohdsi.org/t/code-recommender-during-phenotype-evaluation/23411,,2025Q1,362,announcement,"cohort_definition,characterization",CohortDiagnostics,,,none,False,no_reply,False,False,,high,no_reply,True
f23413,forums,General,International Womens Day Photo Plead,workinggroup,2025-03-10 14:42:11.726000+00:00,2025-03-10 14:42:11.778000+00:00,u_09dfb93564,2,False,1,0,1,0,,81,0,,open,,,https://forums.ohdsi.org/t/international-womens-day-photo-plead/23413,,2025Q1,65,announcement,community_process,,,,none,False,no_reply,False,False,,high,no_reply,True
f23414,forums,General,OHDSI Industry Group Study-a-thon (In Person),,2025-03-10 15:59:41.238000+00:00,2025-03-10 15:59:41.277000+00:00,u_eb6cf68746,1,False,1,0,1,0,,99,0,,open,,,https://forums.ohdsi.org/t/ohdsi-industry-group-study-a-thon-in-person/23414,,2025Q1,137,job_or_event,"network_study_execution,community_process",CommonDataModel,,,none,False,no_reply,True,False,,high,no_reply,True
f23416,forums,General,"Weekly OHDSI Digest - March 10, 2025",,2025-03-10 19:01:12.025000+00:00,2025-03-10 19:01:12.065000+00:00,u_8f4021bf34,2,False,1,0,1,0,,61,0,,open,,,https://forums.ohdsi.org/t/weekly-ohdsi-digest-march-10-2025/23416,,2025Q1,837,announcement,"learning_onboarding,community_process",,,,none,False,no_reply,False,False,,high,no_reply,True
f23418,forums,General,How can I determine how many patients are enrolled at any given point in time?,,2025-03-10 21:29:25.547000+00:00,2025-03-13 15:13:02.457000+00:00,u_00bdaa7fa9,1,False,11,10,6,7,2025-03-10 23:31:51.393000+00:00,285,0,,open,,,https://forums.ohdsi.org/t/how-can-i-determine-how-many-patients-are-enrolled-at-any-given-point-in-time/23418,2.040512777777778,2025Q1,68,question,characterization,OMOP,Determining how many patients were enrolled at a given point in time from OMOP data is unclear.,Query the CDM to count enrolled patients at specific time points.,major,True,resolved,False,False,Is is not possible to get that number?,high,resolved,False
f23420,forums,Vocabulary Users,How to publicly display SNOMED (or other vocabs) info,,2025-03-11 07:51:18.236000+00:00,2025-03-17 14:09:40.533000+00:00,u_278461d6b3,2,False,6,5,3,3,2025-03-11 12:29:33.282000+00:00,245,3,,open,,,https://forums.ohdsi.org/t/how-to-publicly-display-snomed-or-other-vocabs-info/23420,4.637512777777777,2025Q1,124,question,"results_sharing_dissemination,vocabulary_mapping","Athena,SNOMED",Creating public dashboard of mapped vocabulary codes while respecting license requirements is unclear.,Display local vocabulary mappings publicly with proper license compliance.,minor,False,resolved,False,True,I'm afraid that I may be breaking some licenses,high,resolved,False
f23423,forums,Implementers,Local OMOP Support Boilerplate given NIH Funding Cuts,,2025-03-11 15:00:06.155000+00:00,2025-03-24 15:07:10.682000+00:00,u_e0136b2158,2,False,4,3,1,0,,168,2,,open,,,https://forums.ohdsi.org/t/local-omop-support-boilerplate-given-nih-funding-cuts/23423,,2025Q1,101,announcement,community_process,OMOP,,,none,False,no_reply,False,False,,high,no_reply,True
f23424,forums,General,March 2025 Evidence Network Meeting,,2025-03-11 18:39:53.549000+00:00,2025-03-17 13:23:33.699000+00:00,u_6590a1d640,2,False,2,1,1,0,,76,0,,open,,,https://forums.ohdsi.org/t/march-2025-evidence-network-meeting/23424,,2025Q1,81,job_or_event,"network_study_execution,community_process",Strategus,,,none,False,no_reply,True,False,,high,no_reply,True
f23426,forums,Uncategorized,Mapping procedure codes from CCI/CIHI: ICD10PCS heirarchical or SNOMED?,,2025-03-11 21:05:09.294000+00:00,2025-03-12 12:46:05.127000+00:00,u_40c29173da,1,False,3,2,2,1,2025-03-12 10:26:05.615000+00:00,293,0,,open,,,https://forums.ohdsi.org/t/mapping-procedure-codes-from-cci-cihi-icd10pcs-heirarchical-or-snomed/23426,13.348978055555557,2025Q1,359,question,"vocabulary_mapping,etl_cdm_conversion","Usagi,SNOMED,ICD10PCS",Mapping hierarchical CCI procedure codes to SNOMED or ICD10PCS with Usagi has high error rate.,Map source CCI procedure codes to standardized OMOP concepts for cohort analysis.,major,False,resolved,False,True,error rate was too high using usagi,high,resolved,False
f23430,forums,Researchers,Help with Strategus Example Study Installation Issues,,2025-03-12 14:18:43.360000+00:00,2025-03-24 17:15:41.862000+00:00,u_5c422a404f,1,False,2,1,1,0,,152,0,,open,,,https://forums.ohdsi.org/t/help-with-strategus-example-study-installation-issues/23430,,2025Q1,105,question,network_study_execution,"Strategus,R",Strategus example study has installation errors and missing test dataset referenced in documentation.,Run Strategus example study successfully for network analysis.,major,True,resolved,False,False,installation errors such as: install of package 'Rcpp',high,resolved_self,False
f23438,forums,Developers,Help with running strategus example,,2025-03-14 17:15:41.570000+00:00,2025-03-24 17:16:08.330000+00:00,u_5c422a404f,1,False,2,1,1,0,,194,0,,open,,,https://forums.ohdsi.org/t/help-with-running-strategus-example/23438,,2025Q1,90,question,network_study_execution,"Strategus,R",Strategus example test dataset not found at specified path in documentation.,Run Strategus example study for network analysis.,major,True,resolved,False,False,unable to find the test dataset referenced,high,resolved_self,False
f23439,forums,Vocabulary Users,Apgar score - standard concepts,,2025-03-15 17:25:07.077000+00:00,2025-09-03 14:35:41.091000+00:00,u_2c7575431b,1,False,5,4,2,1,2025-03-17 07:39:34.487000+00:00,492,4,,open,,,https://forums.ohdsi.org/t/apgar-score-standard-concepts/23439,38.240947222222225,2025Q1,156,bug,vocabulary_mapping,"Athena,SNOMED",Apgar score measurement concepts inconsistently split across Observation and Measurement domains.,Ensure Apgar score measurements are mapped consistently to one domain.,major,False,resolved,False,True,"unlike the concepts for 1,5, 10, these two are non-standard",high,resolved,False
f23440,forums,Uncategorized,Manuscript Draft: Clinical Descriptions as Semantic Anchors: A Best Practice in OHDSI Phenotype Development,"phenotyping,phenotype-phebruary",2025-03-16 14:03:55.643000+00:00,2025-03-16 14:03:55.709000+00:00,u_e13632bec5,4,False,1,0,1,0,,280,0,,open,,,https://forums.ohdsi.org/t/manuscript-draft-clinical-descriptions-as-semantic-anchors-a-best-practice-in-ohdsi-phenotype-development/23440,,2025Q1,293,announcement,"cohort_definition,learning_onboarding,community_process",CohortDiagnostics,,,none,False,no_reply,False,False,,high,no_reply,True
f23441,forums,Uncategorized,Paper on OHDSI Phenotyping Practices vs. Global Regulatory Guidance,,2025-03-16 14:17:38.865000+00:00,2025-03-20 02:53:44.677000+00:00,u_e13632bec5,4,False,4,3,3,2,2025-03-16 16:53:34.556000+00:00,224,2,,open,,,https://forums.ohdsi.org/t/paper-on-ohdsi-phenotyping-practices-vs-global-regulatory-guidance/23441,2.598803055555556,2025Q1,187,announcement,"cohort_definition,learning_onboarding,community_process","CohortDiagnostics,PheValuator",,,none,False,no_reply,False,False,,high,no_reply,True
f23447,forums,Developers,Versioning of Broadsea components (e.g. webapi),,2025-03-17 11:44:00.273000+00:00,2025-03-18 16:09:00.077000+00:00,u_50cbe8c965,2,True,5,4,2,1,2025-03-18 14:24:03.447000+00:00,155,0,,open,,,https://forums.ohdsi.org/t/versioning-of-broadsea-components-e-g-webapi/23447,26.667548333333333,2025Q1,215,question,infrastructure_deployment,"Broadsea,WebAPI,Docker","Broadsea Docker Compose pulls latest component versions instead of pinned versions, causing unexpected changes.",Deploy stable Broadsea instances with specific component versions.,major,False,resolved,False,False,I'd like to create something close to a code freeze,high,resolved,False
f23448,forums,Developers,CPRD using ETL-CDMBuilder error,,2025-03-17 13:39:42.008000+00:00,2025-03-17 13:39:42.048000+00:00,u_311106ee60,1,False,1,0,1,0,,146,0,,open,,,https://forums.ohdsi.org/t/cprd-using-etl-cdmbuilder-error/23448,,2025Q1,46,bug,etl_cdm_conversion,"ETL-CDMBuilder,CPRD",ETL-CDMBuilder fails with error when processing CPRD dataset.,Convert CPRD data to OMOP CDM using ETL-CDMBuilder.,blocker,False,unresolved,False,True,,medium,no_reply,True
f23449,forums,Vocabulary Users,Issue with ICD10 Mapping in New Vocab (February 2025 release),,2025-03-17 15:54:00.460000+00:00,2025-03-18 18:36:49.781000+00:00,u_6b2c0a22c8,1,False,3,2,2,1,2025-03-17 18:05:43.093000+00:00,246,2,,open,,,https://forums.ohdsi.org/t/issue-with-icd10-mapping-in-new-vocab-february-2025-release/23449,2.1951758333333333,2025Q1,126,question,vocabulary_mapping,Vocabulary,"Vocabulary update changed ICD10 mappings unexpectedly, removing SNOMED mapping for existing codes.",Map ICD10 codes to appropriate standard OMOP concepts.,major,False,resolved,False,True,now mapped only to a Cancer Modifier in the Measurement domain,high,resolved,False
f23450,forums,General,"Weekly OHDSI Digest - March 17, 2025",,2025-03-17 16:17:27.316000+00:00,2025-03-17 16:17:27.359000+00:00,u_8f4021bf34,2,False,1,0,1,0,,50,0,,open,,,https://forums.ohdsi.org/t/weekly-ohdsi-digest-march-17-2025/23450,,2025Q1,810,announcement,"learning_onboarding,community_process",,,,none,False,no_reply,False,False,,high,no_reply,True
f23452,forums,Developers,Prohibited Character Error for Broadsea 3.5.0,,2025-03-18 12:34:01.999000+00:00,2025-03-18 20:53:16.588000+00:00,u_50cbe8c965,2,True,2,1,1,0,,116,0,,open,,,https://forums.ohdsi.org/t/prohibited-character-error-for-broadsea-3-5-0/23452,,2025Q1,50,bug,infrastructure_deployment,"Broadsea,WebAPI,Windows",Broadsea 3.5.0 fails on Windows with prohibited character error in secrets files.,Deploy Broadsea instance on Windows platform.,major,True,resolved,False,False,Prohibited Character error for Broadsea 3.5.0,high,resolved_self,False
f23453,forums,Uncategorized,Are 100's of concept sets a maintenance nightmare?,,2025-03-18 13:17:43.079000+00:00,2025-05-08 13:50:31.855000+00:00,u_866ba6e4ba,1,False,3,2,3,2,2025-05-02 15:42:00.273000+00:00,219,0,,open,,,https://forums.ohdsi.org/t/are-100s-of-concept-sets-a-maintenance-nightmare/23453,1082.4047761111112,2025Q1,90,discussion,cohort_definition,Atlas,Maintaining hundreds of low-grain concept sets may be a governance and maintenance challenge.,Design governance strategy for managing many concept sets in ATLAS.,minor,False,resolved,False,False,hundreds of concept sets is not a maintenance nightmare if,high,resolved,False
f23457,forums,Researchers,Help creating a complex Atlas query,atlas,2025-03-19 18:23:20.110000+00:00,2025-03-19 18:23:20.163000+00:00,u_f1785d13b0,1,False,1,0,1,0,,148,0,,open,,,https://forums.ohdsi.org/t/help-creating-a-complex-atlas-query/23457,,2025Q1,122,question,cohort_definition,Atlas,Creating complex multi-part cohort definitions for glioblastoma with specific treatment history is difficult.,Define cohorts for glioblastoma patients with Temozolomide treatment and progression criteria.,minor,False,no_reply,False,False,My Atlas skills have become rusty,high,no_reply,True
f23458,forums,Developers,ATLAS Custom Features - Limitations,,2025-03-19 20:53:23.842000+00:00,2025-03-20 15:11:55.094000+00:00,u_03d5026396,1,False,2,1,2,1,2025-03-20 15:11:55.094000+00:00,133,0,,open,,,https://forums.ohdsi.org/t/atlas-custom-features-limitations/23458,18.30868111111111,2025Q1,46,question,characterization,"Atlas,FeatureExtraction","ATLAS custom SQL features only support prevalence type, not distribution type features.",Create custom distribution-type features in ATLAS for covariate analysis.,minor,False,resolved,False,False,"only columns we can populate: covariate_id, covariate_name",high,resolved,False
f23464,forums,General,Industry Working Group Study-a-thon REGISTRATION,,2025-03-20 12:57:55.325000+00:00,2025-03-20 12:57:55.368000+00:00,u_eb6cf68746,1,False,1,0,1,0,,48,0,,open,,,https://forums.ohdsi.org/t/industry-working-group-study-a-thon-registration/23464,,2025Q1,40,job_or_event,"network_study_execution,community_process",,,,none,False,no_reply,True,False,,high,no_reply,True
f23467,forums,Developers,Help with visualizing data in Atlas,"atlas,vocabularies,webapi",2025-03-20 14:50:29.484000+00:00,2025-05-09 14:11:43.213000+00:00,u_b043ad5a40,1,True,11,10,3,4,2025-04-30 04:57:45.198000+00:00,1013,6,,open,,,https://forums.ohdsi.org/t/help-with-visualizing-data-in-atlas/23467,974.1210316666667,2025Q1,446,question,"infrastructure_deployment,characterization","Atlas,WebAPI,CommonDataModel,Vocabulary,PostgreSQL",Atlas setup with custom OMOP database not displaying data; configuration and troubleshooting is unclear.,Configure and view OMOP CDM data through ATLAS interface.,major,False,unresolved,False,False,Atlas shows No matching people found,medium,unresolved,True
f23472,forums,Implementers,Mapping Diabetes Data Model to OMOP,,2025-03-20 21:44:22.298000+00:00,2025-03-24 15:00:51.454000+00:00,u_991645cf79,1,False,3,2,2,1,2025-03-21 11:00:07.520000+00:00,193,0,,open,,,https://forums.ohdsi.org/t/mapping-diabetes-data-model-to-omop/23472,13.262561666666667,2025Q1,396,question,"vocabulary_mapping,etl_cdm_conversion",OMOP,Diabetes data model has 33 fields and 103 allowed values with no direct OMOP equivalents.,Map diabetes technology data specifications to OMOP CDM for EPIC integration.,major,False,partially,False,True,33 fields and 103 allowed values lack equivalent concepts,high,partially,True
f23473,forums,Developers,What does Achilles optimizeAtlasCache function do?,,2025-03-21 03:48:46.305000+00:00,2025-03-21 03:48:46.366000+00:00,u_9492c498db,1,False,1,0,1,0,,138,0,,open,,,https://forums.ohdsi.org/t/what-does-achilles-optimizeatlascache-function-do/23473,,2025Q1,40,question,infrastructure_deployment,"Achilles,R",Achilles optimizeAtlasCache function is undocumented and generates no SQL for inspection.,Understand and use Achilles caching optimization function.,minor,False,no_reply,False,False,does not generate the SQL script,high,no_reply,True
f23476,forums,Implementers,Multiple maps_to_value Relationships,,2025-03-21 17:18:19.391000+00:00,2025-09-11 15:57:36.797000+00:00,u_ee774e78b0,1,False,6,5,4,5,2025-03-26 14:11:22.125000+00:00,435,0,,open,,,https://forums.ohdsi.org/t/multiple-maps-to-value-relationships/23476,116.88409277777778,2025Q1,102,question,"etl_cdm_conversion,vocabulary_mapping",OMOP,Multiple maps_to_value relationships cause row expansion in Observation table with unclear handling.,Map source concepts with multiple maps_to_value relationships to Observation table correctly.,major,False,resolved,False,True,row expansion due to the multiple mappings,high,resolved,False
f23484,forums,Implementers,Recovering drug information from the OMOP tables,,2025-03-24 14:37:47.458000+00:00,2025-03-26 18:32:17.576000+00:00,u_e06647b663,0,False,5,4,4,3,2025-03-25 06:08:06.955000+00:00,164,1,,open,,,https://forums.ohdsi.org/t/recovering-drug-information-from-the-omop-tables/23484,15.505415833333334,2025Q1,124,question,characterization,"SQL,OMOP,dm+d,BNF",Drug Exposure table returns NAs and dm+d/BNF code recovery method is unclear.,Query OMOP CDM to recover drug information with vocabulary codes.,major,False,resolved,False,True,Almost all the fields appear as NAs to me,high,resolved,False
f23486,forums,Implementers,Handling Released Orders Encounters in the Visit Occurrence Table,"cdm,vocabularies",2025-03-24 17:43:23.243000+00:00,2025-04-01 19:43:48.522000+00:00,u_5110053246,1,False,4,3,2,2,2025-03-25 14:00:03.257000+00:00,356,0,,open,,,https://forums.ohdsi.org/t/handling-released-orders-encounters-in-the-visit-occurrence-table/23486,20.277781666666666,2025Q1,145,question,etl_cdm_conversion,"OMOP,Epic",Results-only encounters from released orders lack clear inclusion guidance for Visit Occurrence table.,Include lab results from released orders in OMOP CDM.,minor,False,resolved,False,True,results-only encounters are not currently being pulled,high,resolved,False
f23487,forums,General,"Weekly OHDSI Digest - March 24, 2025",,2025-03-24 17:48:31.647000+00:00,2025-03-24 17:48:31.688000+00:00,u_8f4021bf34,2,False,1,0,1,0,,37,0,,open,,,https://forums.ohdsi.org/t/weekly-ohdsi-digest-march-24-2025/23487,,2025Q1,802,announcement,"learning_onboarding,community_process",,,,none,False,no_reply,False,False,,high,no_reply,True
f23488,forums,CDM Builders,Data modeling NGS/CGP data,,2025-03-24 22:07:02.350000+00:00,2025-03-31 14:31:22.929000+00:00,u_0f88111755,1,False,4,3,3,2,2025-03-24 22:54:56.362000+00:00,329,1,,open,,,https://forums.ohdsi.org/t/data-modeling-ngs-cgp-data/23488,0.7983366666666667,2025Q1,24,question,etl_cdm_conversion,"OMOP Extension,Measurement,Specimen",NGS/CGP data modeling conventions in OMOP are unclear.,Model genomic and cancer genomic profiling data in OMOP CDM.,major,False,resolved,False,True,best-practices on how NGS/CGP data should be modeled,high,resolved,False
f23498,forums,Vocabulary Users,Concepts with an VALID_END_DATE <= NOW() and INVALID_REASON IS NULL,,2025-03-26 21:09:25.821000+00:00,2026-05-20 13:55:59.963000+00:00,u_35375fcf61,1,True,10,9,4,7,2025-03-26 21:33:53.006000+00:00,370,2,,open,,,https://forums.ohdsi.org/t/concepts-with-an-valid-end-date-now-and-invalid-reason-is-null/23498,0.40755138888888887,2025Q1,325,question,vocabulary_mapping,"Vocabulary,Athena",Vocabulary concepts with past valid_end_date but null invalid_reason are confusing and underdocumented.,Understand vocabulary concept validity rules for ETL and analysis.,minor,False,resolved,False,True,valid_end_date is NOT the default of 2099-12-31,high,resolved,False
f23502,forums,General,Use pre-defined patient id in Atlas,,2025-03-27 13:38:16.240000+00:00,2025-03-27 22:30:22.725000+00:00,u_029f7d55e3,2,False,2,1,2,1,2025-03-27 22:30:22.725000+00:00,79,0,,open,,,https://forums.ohdsi.org/t/use-pre-defined-patient-id-in-atlas/23502,8.868468055555555,2025Q1,28,question,cohort_definition,Atlas,ATLAS cannot define cohorts directly by a pre-defined list of patient IDs.,Create cohorts using pre-defined patient ID lists.,minor,False,resolved,False,False,Is there a way to define the cohort in Atlas using patient ID,high,resolved,False
f23503,forums,Implementers,Error connecting between R and SQL Server,,2025-03-27 13:45:06.902000+00:00,2025-03-27 13:45:06.944000+00:00,u_a3657f9859,1,False,1,0,1,0,,86,0,,open,,,https://forums.ohdsi.org/t/error-connecting-between-r-and-sql-server/23503,,2025Q1,135,bug,infrastructure_deployment,"DatabaseConnector,R,SQL Server",DatabaseConnector R package fails to connect to SQL Server on Windows with authentication error.,Connect R to SQL Server database for CDM access.,blocker,False,unresolved,False,False,Failed to get field handle to set library path,medium,no_reply,True
f23506,forums,Vocabulary Users,"Question about previously standard concept, now non-standard and not remapped",,2025-03-27 17:25:43.307000+00:00,2025-03-28 18:09:16.088000+00:00,u_4f6d298bed,3,False,3,2,2,1,2025-03-27 22:28:57.351000+00:00,164,0,,open,,,https://forums.ohdsi.org/t/question-about-previously-standard-concept-now-non-standard-and-not-remapped/23506,5.053901111111111,2025Q1,79,question,vocabulary_mapping,"Athena,Atlas,Vocabulary",Non-standard parent concepts without mappings have no clear path to find child concepts.,Find child concepts for deprecated non-standard parent concepts.,minor,True,resolved,False,True,"Since the concept is no longer standard, it is no longer a parent",high,resolved,False
f23512,forums,General,"Europe Symposium Abstracts due Monday, March 31",,2025-03-28 13:42:17.256000+00:00,2025-03-28 13:42:17.294000+00:00,u_ded4baaf3b,2,False,1,0,1,0,,63,0,,open,,,https://forums.ohdsi.org/t/europe-symposium-abstracts-due-monday-march-31/23512,,2025Q1,145,job_or_event,community_process,,,,none,False,no_reply,False,False,,high,no_reply,True
f23516,forums,Researchers,Essential Steps for Identification of Substance Use,,2025-03-29 21:32:17.464000+00:00,2025-03-30 15:09:37.893000+00:00,u_46953fae36,0,False,2,1,2,1,2025-03-30 15:09:37.893000+00:00,83,0,,open,,,https://forums.ohdsi.org/t/essential-steps-for-identification-of-substance-use/23516,17.622341388888888,2025Q1,84,discussion,"cohort_definition,learning_onboarding",OMOP,,,none,False,partially,False,False,,medium,partially,True
f23523,forums,General,"Weekly OHDSI Digest - March 31, 2025",,2025-03-31 19:20:17.346000+00:00,2025-03-31 19:20:17.392000+00:00,u_8f4021bf34,2,False,1,0,1,0,,64,0,,open,,,https://forums.ohdsi.org/t/weekly-ohdsi-digest-march-31-2025/23523,,2025Q1,906,announcement,"learning_onboarding,community_process",,,,none,False,no_reply,False,False,,high,no_reply,True
f23524,forums,General,EHDEN Academy OMOP CDM Course - Final Exam Answers seem incorrect,cdm,2025-03-31 20:10:29.550000+00:00,2025-03-31 23:04:30.940000+00:00,u_2e750a1d74,1,False,2,1,2,1,2025-03-31 23:04:30.940000+00:00,159,1,,open,,,https://forums.ohdsi.org/t/ehden-academy-omop-cdm-course-final-exam-answers-seem-incorrect/23524,2.900386111111111,2025Q1,126,bug,learning_onboarding,CommonDataModel,EHDEN course exam answers are incorrect and don't match current CDM v5.4 specification.,Pass EHDEN CDM course with correct exam answers.,minor,False,resolved,False,False,seemed to have incorrect correct answers,high,resolved,False
f23525,forums,Implementers,What do I do when only half of the information in the CRF is supported by OMOP columns?,cdm,2025-04-01 01:53:58.722000+00:00,2025-04-01 17:59:53.439000+00:00,u_232f2ea9f9,0,False,3,2,2,1,2025-04-01 13:02:30.173000+00:00,139,0,,open,,,https://forums.ohdsi.org/t/what-do-i-do-when-only-half-of-the-information-in-the-crf-is-supported-by-omop-columns/23525,11.142069722222223,2025Q2,288,question,etl_cdm_conversion,OMOP,CRF data has fields not representable in OMOP CDM; unclear how to handle unsupported fields.,Map clinical trial CRF data to OMOP CDM with unsupported fields.,major,False,resolved,False,True,three of them aren't covered by the columns in condition_occurrence,high,resolved,False
f23528,forums,CDM Builders,Convention to map conditions with sparse dates and transformations on the dates,cdm,2025-04-01 09:00:36.308000+00:00,2025-04-02 10:25:17.721000+00:00,u_61792adf37,1,False,3,2,2,1,2025-04-01 12:28:29.133000+00:00,291,0,,open,,,https://forums.ohdsi.org/t/convention-to-map-conditions-with-sparse-dates-and-transformations-on-the-dates/23528,3.4646736111111114,2025Q2,253,question,etl_cdm_conversion,OMOP,Mapping questionnaire data with incomplete dates to Condition Occurrence lacks clear conventions.,Convert questionnaire data to OMOP Condition Occurrence table correctly.,major,False,resolved,False,True,dates that were assumed to occur on the first day,high,resolved,False
f23529,forums,Researchers,Atlas use same event in cohort entry event and in inclusion criteria,"atlas,cohort",2025-04-01 09:57:56.589000+00:00,2025-04-02 00:38:03.206000+00:00,u_6808bc137a,2,False,6,5,2,3,2025-04-01 17:15:21.266000+00:00,349,0,,open,,,https://forums.ohdsi.org/t/atlas-use-same-event-in-cohort-entry-event-and-in-inclusion-criteria/23529,7.290188055555555,2025Q2,292,question,cohort_definition,Atlas,"ATLAS may exclude entry event from inclusion criteria, making certain cohort definitions impossible.",Define complex cohorts requiring same event type in entry and inclusion criteria.,major,False,partially,False,False,initial event is somehow reserved and cannot be found in inclusion criteria,high,partially,True
f23530,forums,Researchers,Atlas cohort definition: No visit that starts at least 2 days prior,,2025-04-01 13:26:16.813000+00:00,2025-04-01 13:34:55.055000+00:00,u_6808bc137a,2,False,2,1,1,0,,131,0,,open,,,https://forums.ohdsi.org/t/atlas-cohort-definition-no-visit-that-starts-at-least-2-days-prior/23530,,2025Q2,132,bug,cohort_definition,Atlas,ATLAS cohort date logic for negation criteria not working correctly with visit timing.,Define cohorts with complex visit timing constraints.,major,False,unresolved,False,False,patients that have a visit that started more than two days,high,no_reply,True
f23531,forums,General,April 2025 ATLAS Community WG Call,,2025-04-01 15:48:52.086000+00:00,2025-04-01 15:48:52.128000+00:00,u_c919d1b15d,2,False,1,0,1,0,,30,0,,open,,,https://forums.ohdsi.org/t/april-2025-atlas-community-wg-call/23531,,2025Q2,114,job_or_event,community_process,Atlas,,,none,False,no_reply,False,False,,high,no_reply,True
f23533,forums,Vocabulary Users,Issue with Vocabulary Download,,2025-04-01 18:12:23.143000+00:00,2025-09-12 08:22:51.752000+00:00,u_ce29f0fce8,1,False,4,3,3,2,2025-04-01 20:07:44.383000+00:00,349,1,,open,,,https://forums.ohdsi.org/t/issue-with-vocabulary-download/23533,1.9225666666666665,2025Q2,67,bug,vocabulary_mapping,"Vocabulary,Athena","Vocabulary download is truncating concept names, making data incomplete for mapping.",,major,False,unresolved,False,True,concept_name: Local recurrence of an domain_id: Meas truncated in downloaded CONCEPT.csv,high,unresolved,True
f23539,forums,Developers,Microsoft Pipeline for OMOP CDM – Real-World Experience?,,2025-04-04 04:02:53.862000+00:00,2026-05-26 15:24:13.382000+00:00,u_57d3429b58,1,False,7,6,6,6,2025-06-10 19:44:04.894000+00:00,689,3,,open,,,https://forums.ohdsi.org/t/microsoft-pipeline-for-omop-cdm-real-world-experience/23539,1623.6863977777778,2025Q2,61,discussion,,"Databricks,R,WebAPI",,Evaluate Microsoft Fabric's FHIR-to-OMOP CDM pipeline for real-world implementation feasibility.,none,False,unresolved,False,False,,medium,unresolved,True
f23541,forums,General,Will DevCon 2025 be recorded?,,2025-04-04 13:08:23.641000+00:00,2025-04-04 13:08:23.690000+00:00,u_f33dad717f,1,False,1,0,1,0,,52,0,,open,,,https://forums.ohdsi.org/t/will-devcon-2025-be-recorded/23541,,2025Q2,15,question,,,,,none,False,no_reply,False,False,,high,no_reply,True
f23554,forums,General,"Weekly OHDSI Digest - April 7, 2025",,2025-04-07 18:57:38.932000+00:00,2025-04-07 18:57:38.985000+00:00,u_8f4021bf34,2,False,1,0,1,0,,49,0,,open,,,https://forums.ohdsi.org/t/weekly-ohdsi-digest-april-7-2025/23554,,2025Q2,1157,announcement,,"Strategus,HADES",,,none,False,resolved,False,False,,high,resolved_self,False
f23556,forums,General,Today's Community Call: Get Study-Ready with Strategus & HADES,,2025-04-08 13:45:02.721000+00:00,2025-04-08 13:45:02.785000+00:00,u_ded4baaf3b,2,False,1,0,1,0,,56,0,,open,,,https://forums.ohdsi.org/t/todays-community-call-get-study-ready-with-strategus-hades/23556,,2025Q2,84,announcement,network_study_execution,"Strategus,HADES",,,none,False,resolved,True,False,,high,resolved_self,False
f23557,forums,General,April 2025 Evidence Network Meeting,,2025-04-08 19:24:08.360000+00:00,2025-04-08 19:24:08.402000+00:00,u_6590a1d640,2,False,1,0,1,0,,77,0,,open,,,https://forums.ohdsi.org/t/april-2025-evidence-network-meeting/23557,,2025Q2,111,announcement,,Strategus,,,none,False,resolved,False,False,,high,resolved_self,False
f23568,forums,Vocabulary Users,"How do you handle qualitative lab results (like +, 1+, 2+) in OMOP? Share your best practices!",vocabularies,2025-04-11 03:42:55.693000+00:00,2025-04-14 13:53:49.098000+00:00,u_ff85755563,1,True,4,3,2,2,2025-04-11 14:12:50.446000+00:00,312,3,,open,,,https://forums.ohdsi.org/t/how-do-you-handle-qualitative-lab-results-like-1-2-in-omop-share-your-best-practices/23568,10.4985425,2025Q2,328,discussion,"vocabulary_mapping,data_quality","Athena,Vocabulary,LOINC","Mapping qualitative lab results to OMOP is inconsistent; some LOINC tests have defined answer relationships but many do not, creating semantic ambiguity.",Determine best practices for mapping qualitative lab result values when LOINC answer relationships are incomplete or missing.,major,False,unresolved,False,True,"answer variations might not fully cover source values, so you may end up mixing SNOMED and LOINC concepts",high,unresolved,True
f23574,forums,Vocabulary Users,Next Vocab WG meeting Tue April 15: Book of OHDSI writing,,2025-04-13 03:10:01.511000+00:00,2025-04-13 03:10:01.569000+00:00,u_8b1a42a943,2,False,1,0,1,0,,95,0,,open,,,https://forums.ohdsi.org/t/next-vocab-wg-meeting-tue-april-15-book-of-ohdsi-writing/23574,,2025Q2,30,announcement,,,,,none,False,resolved,False,False,,high,resolved_self,False
f23578,forums,CDM Builders,"Note/ Note_nlp, how to relate findings with their respective texts",,2025-04-14 07:28:24.382000+00:00,2025-04-15 07:20:25.348000+00:00,u_b18e0722ca,2,False,4,3,3,2,2025-04-14 09:55:09.259000+00:00,312,4,,open,,,https://forums.ohdsi.org/t/note-note-nlp-how-to-relate-findings-with-their-respective-texts/23578,2.4457991666666667,2025Q2,46,question,"data_quality,etl_cdm_conversion",CommonDataModel,"Unclear how to relate NLP-extracted findings in NOTE_NLP table to corresponding condition, procedure, and observation events.",Find a standard approach for linking NLP-extracted events to the notes from which they were extracted.,major,True,unresolved,False,False,"fact_relationship could deal with that, but allowed codes seem to be lackluster",high,unresolved,True
f23580,forums,Vocabulary Users,Unit_concept_id for Boolean values and search for fitting measurement_concept_ids,vocabularies,2025-04-14 13:33:42.818000+00:00,2025-05-26 14:28:05.209000+00:00,u_651654af8e,1,False,10,9,4,5,2025-04-16 09:04:51.834000+00:00,387,4,,open,,,https://forums.ohdsi.org/t/unit-concept-id-for-boolean-values-and-search-for-fitting-measurement-concept-ids/23580,43.51917111111111,2025Q2,222,question,vocabulary_mapping,"Athena,LOINC,Vocabulary","Difficult to find standard measurement and unit concepts for step count, flights climbed, and Boolean values in OMOP vocabularies.","Map activity tracking measurements (step count, flights climbed, stair speed) to appropriate OMOP measurement and unit concepts.",major,False,resolved,False,True,I am quite new to OHDSI community and hope someone can help me identify standard measurement_concept_ids,medium,resolved,False
f23581,forums,General,"Weekly OHDSI Digest - April 14, 2025",,2025-04-14 14:54:17.720000+00:00,2025-04-14 14:54:17.764000+00:00,u_8f4021bf34,2,False,1,0,1,0,,73,0,,open,,,https://forums.ohdsi.org/t/weekly-ohdsi-digest-april-14-2025/23581,,2025Q2,849,announcement,,"HADES,TreatmentPatterns",,,none,False,resolved,False,False,,high,resolved_self,False
f23587,forums,Vocabulary Users,Preparing a Local Environment for the Vocabulary Development Process,,2025-04-16 17:07:27.430000+00:00,2025-04-16 17:07:27.477000+00:00,u_b25fffdf0d,1,False,1,0,1,0,,139,0,,open,,,https://forums.ohdsi.org/t/preparing-a-local-environment-for-the-vocabulary-development-process/23587,,2025Q2,83,bug,vocabulary_mapping,Vocabulary,prepare_manual_tables.sql fails with relation error when setting up local vocabulary development environment.,Set up a local environment for vocabulary development and SNOMED Veterinary updates.,major,False,unresolved,False,True,"ERROR: relation ""dev_test.all_rels"" does not exist",high,no_reply,True
f23595,forums,Vocabulary Users,UCUM invalid unit for pH -> should be [pH],vocabularies,2025-04-18 11:26:30.404000+00:00,2025-05-07 10:02:09.747000+00:00,u_0742393f0b,1,False,4,3,3,2,2025-04-19 02:50:37.335000+00:00,379,1,,open,,,https://forums.ohdsi.org/t/ucum-invalid-unit-for-ph-should-be-ph/23595,15.401925277777776,2025Q2,137,bug,vocabulary_mapping,"Vocabulary,Athena","UCUM unit code for pH is invalid; OMOP lists ""pH"" but correct UCUM code should be ""[pH]"" with brackets.",Correct invalid UCUM unit codes in OMOP vocabulary to align with official UCUM specifications.,minor,False,resolved,False,True,"UCUM code ""pH"" is invalid; correct code should be ""[pH]"" with square brackets",high,resolved,False
f23596,forums,Researchers,Legend of cohort pathways,atlas,2025-04-19 06:12:03.628000+00:00,2025-04-23 04:23:06.733000+00:00,u_eafc431a17,1,False,3,2,2,1,2025-04-21 14:48:43.157000+00:00,171,0,,open,,,https://forums.ohdsi.org/t/legend-of-cohort-pathways/23596,56.61098027777778,2025Q2,120,question,results_sharing_dissemination,Atlas,"Cohort pathways sunburst chart legend is inconsistent across institutions because event cohorts with zero counts are omitted, making comparison difficult.",Enable color assignment and consistent legend display for cohort pathways sunburst charts across different data instances.,minor,True,unresolved,True,False,"if number of event cohorts is zero, it is omitted from legend, so legends are different",high,unresolved,True
f23597,forums,General,Atlas Survey,,2025-04-21 02:05:27.310000+00:00,2025-04-21 02:05:27.359000+00:00,u_c919d1b15d,2,False,1,0,1,0,,162,1,,open,,,https://forums.ohdsi.org/t/atlas-survey/23597,,2025Q2,118,announcement,,Atlas,,,none,False,resolved,False,False,,high,resolved_self,False
f23599,forums,General,"Weekly OHDSI Digest - April 21, 2025",,2025-04-21 18:00:14.839000+00:00,2025-04-21 18:00:14.886000+00:00,u_8f4021bf34,2,False,1,0,1,0,,60,0,,open,,,https://forums.ohdsi.org/t/weekly-ohdsi-digest-april-21-2025/23599,,2025Q2,893,announcement,,,,,none,False,resolved,False,False,,high,resolved_self,False
f23601,forums,CDM Builders,White Rabbit use in the NHS,,2025-04-22 10:01:39.916000+00:00,2025-05-14 11:00:59.029000+00:00,u_61602b39f3,2,False,3,2,2,1,2025-05-07 08:58:36.261000+00:00,378,0,,open,,,https://forums.ohdsi.org/t/white-rabbit-use-in-the-nhs/23601,358.94898472222224,2025Q2,98,question,data_quality,"WhiteRabbit,Snowflake",Information governance concerns about using WhiteRabbit to scan live patient data in NHS Snowflake environment without clear understanding of security implications.,Assess whether WhiteRabbit can be safely used to scan live patient data in NHS-regulated Snowflake environment.,major,False,partially,False,False,concerns raised internally as to IG aspect with WhiteRabbit accessing live patient data,high,partially,True
f23604,forums,General,LOINC Ontology: release 20250321,,2025-04-22 16:36:42.953000+00:00,2025-05-04 07:38:07.330000+00:00,u_9c94568ef1,2,False,2,1,2,1,2025-05-04 07:38:07.330000+00:00,109,1,,open,,,https://forums.ohdsi.org/t/loinc-ontology-release-20250321/23604,279.0234380555556,2025Q2,109,announcement,vocabulary_mapping,"Vocabulary,LOINC,SNOMED CT",,,none,False,resolved,False,True,,high,resolved,False
f23605,forums,Vocabulary Users,Vocabulary_version name lookup e.g. from v5.0 27-FEB-25 to v20250227,vocabularies,2025-04-23 10:15:18.053000+00:00,2025-05-01 06:30:40.948000+00:00,u_6951cf3399,2,False,6,5,3,3,2025-04-23 13:59:24.327000+00:00,384,2,,open,,,https://forums.ohdsi.org/t/vocabulary-version-name-lookup-e-g-from-v5-0-27-feb-25-to-v20250227/23605,3.735076111111111,2025Q2,107,question,vocabulary_mapping,Vocabulary,Cannot programmatically look up vocabulary version mappings; version name has space and cannot be used as git tag without manipulation.,Track and programmatically record vocabulary versions using standardized git tags.,minor,True,resolved,False,True,v5.0 27-FEB-25 doesn't work as tag; v20250227 doesn't exist in tables,high,resolved,False
f23610,forums,Implementers,Issue Running Achilles: Only achilles_analysis Table Being Created and other tables are not being created,,2025-04-24 09:25:01.815000+00:00,2025-04-24 09:25:01.865000+00:00,u_891c690c23,1,False,1,0,1,0,,124,0,,open,,,https://forums.ohdsi.org/t/issue-running-achilles-only-achilles-analysis-table-being-created-and-other-tables-are-not-being-created/23610,,2025Q2,157,bug,data_quality,Achilles,Achilles only creates achilles_analysis table; other expected output tables are not generated even though documentation indicates they should be.,Run Achilles on OMOP CDM to generate data quality analysis results across all output tables.,blocker,False,no_reply,False,False,"only achilles_analysis table is being created, other tables are not generated",high,no_reply,True
f23624,forums,General,"Weekly OHDSI Digest - April 28, 2025",,2025-04-28 17:40:00.165000+00:00,2025-04-28 17:40:00.214000+00:00,u_8f4021bf34,2,False,1,0,1,0,,59,0,,open,,,https://forums.ohdsi.org/t/weekly-ohdsi-digest-april-28-2025/23624,,2025Q2,936,announcement,,,,,none,False,resolved,False,False,,high,resolved_self,False
f23625,forums,General,Registration is OPEN for Columbia University Summer School on OHDSI (July 14-18),,2025-04-28 17:56:25.903000+00:00,2025-04-28 17:56:25.942000+00:00,u_ded4baaf3b,2,False,1,0,1,0,,85,0,,open,,,https://forums.ohdsi.org/t/registration-is-open-for-columbia-university-summer-school-on-ohdsi-july-14-18/23625,,2025Q2,192,announcement,learning_onboarding,"R,WebAPI,Atlas",,,none,False,resolved,False,False,,high,resolved_self,False
f23626,forums,Implementers,403 Error Running Characterizations,,2025-04-28 18:02:58.903000+00:00,2025-06-27 06:15:29.580000+00:00,u_0b77fa3857,2,False,9,8,2,4,2025-06-26 12:44:53.320000+00:00,404,1,,open,,,https://forums.ohdsi.org/t/403-error-running-characterizations/23626,1410.6984491666667,2025Q2,44,bug,"characterization,results_sharing_dissemination",Atlas,"Browser console shows 403 permission error when running characterizations, but server logs show no error.",Run characterizations in Atlas without permission-related errors.,blocker,False,partially,False,False,403 Error visible only in browser console during characterization runs,high,partially,True
f23630,forums,Researchers,Which dictionaries to download for CPRD?,vocabularies,2025-04-29 15:50:54.300000+00:00,2025-04-29 20:20:52.140000+00:00,u_e63b0cde3d,0,False,2,1,2,1,2025-04-29 20:20:52.140000+00:00,85,0,,open,,,https://forums.ohdsi.org/t/which-dictionaries-to-download-for-cprd/23630,4.4994,2025Q2,95,question,vocabulary_mapping,"Athena,Vocabulary",Unclear which vocabularies are required when mapping source data to OMOP; some source codes remain unmapped despite downloading vocabularies.,Identify and download appropriate vocabularies for CPRD source data mapping to OMOP CDM.,major,False,partially,False,True,How do I know which vocabularies I need; various codes still unmapped,medium,partially,True
f23631,forums,Developers,The Achilles scripts hang on analysis 117,hades,2025-04-29 16:10:45.978000+00:00,2026-06-15 11:07:21.221000+00:00,u_0899f3c2c6,1,True,2,1,2,1,2026-06-15 11:07:21.221000+00:00,153,0,,open,,,https://forums.ohdsi.org/t/the-achilles-scripts-hang-on-analysis-117/23631,9882.943123055556,2025Q2,108,bug,data_quality,Achilles,Achilles analysis hangs indefinitely on analysis 117 (monthly observation counts) with no error message.,Complete Achilles data quality analysis across all analyses without hangs.,blocker,False,unresolved,False,False,analysis hangs on step: Number of Persons with at least 1 day of observation,high,unresolved,True
f23634,forums,General,OpenMRS and OMOP CDM: Making EMR data easier to use for Researchers in LMICs,"cdm,atlas",2025-04-30 04:36:22.539000+00:00,2025-06-18 04:13:10.300000+00:00,u_df63bf6753,0,False,7,6,3,4,2025-05-27 22:13:07.289000+00:00,660,5,,open,,,https://forums.ohdsi.org/t/openmrs-and-omop-cdm-making-emr-data-easier-to-use-for-researchers-in-lmics/23634,665.6124305555555,2025Q2,312,discussion,"etl_cdm_conversion,vocabulary_mapping","Atlas,CommonDataModel,Python,SQLMesh",OpenMRS EMR system cannot easily be mapped to OMOP CDM; researchers in LMICs lack standardized open-source ETL pipelines.,Create reusable open-source ETL pipeline to map OpenMRS data to OMOP CDM for research in resource-constrained settings.,major,False,unresolved,True,True,set up a re-useable open-source tooling pipeline for data extraction for research,medium,unresolved,True
f23646,forums,CDM Builders,Mapping Transfusions and Donations to OMOP,vocabularies,2025-05-01 09:58:43.114000+00:00,2025-05-26 00:16:43.454000+00:00,u_41f8528dd3,1,True,6,5,2,3,2025-05-04 16:43:41.318000+00:00,544,1,,open,,,https://forums.ohdsi.org/t/mapping-transfusions-and-donations-to-omop/23646,78.74950111111112,2025Q2,167,question,vocabulary_mapping,"CommonDataModel,Vocabulary,SNOMED CT",Limited standard SNOMED codes for blood donation events and unclear how to link donations to devices in OMOP model.,Model blood donation and transfusion events with appropriate device linkage in OMOP CDM.,major,False,partially,False,True,doesn't seem to be a rich set of standard procedure codes for blood donations,high,partially,True
f23648,forums,General,May Newsletter,,2025-05-01 15:10:57.973000+00:00,2025-05-01 15:10:58.018000+00:00,u_ded4baaf3b,2,False,1,0,1,0,,72,0,,open,,,https://forums.ohdsi.org/t/may-newsletter/23648,,2025Q2,45,announcement,,,,,none,False,resolved,False,False,,high,resolved_self,False
f23656,forums,General,Rocky Babu will present OMOP for non-OHDSI use cases at Atlantic Health Systems,,2025-05-02 17:26:14.723000+00:00,2025-05-02 17:26:14.767000+00:00,u_4f6d298bed,3,False,1,0,1,0,,74,0,,open,,,https://forums.ohdsi.org/t/rocky-babu-will-present-omop-for-non-ohdsi-use-cases-at-atlantic-health-systems/23656,,2025Q2,34,announcement,,,,,none,False,resolved,False,False,,high,resolved_self,False
f23657,forums,Researchers,Clinical Note Extract (NLP),,2025-05-02 19:19:15.450000+00:00,2025-05-05 14:25:29.649000+00:00,u_885a9f2a7c,1,False,3,2,2,1,2025-05-04 08:18:44.382000+00:00,148,0,,open,,,https://forums.ohdsi.org/t/clinical-note-extract-nlp/23657,36.99137,2025Q2,87,question,etl_cdm_conversion,CommonDataModel,"Unclear how to structure unstructured clinical notes into NOTE_NLP table format with extracted procedures, diagnoses, and imaging.",Convert unstructured clinical notes into structured NOTE_NLP table format with extracted clinical concepts.,major,False,unresolved,False,False,how might one structure clinical notes into table rather than summarized note format,medium,unresolved,True
f23663,forums,Developers,Issue with viewDqDashboard() in DataQualityDashboard,,2025-05-05 14:29:09.162000+00:00,2025-05-07 03:22:08.868000+00:00,u_95f0a93a29,1,False,5,4,3,2,2025-05-06 17:07:29.359000+00:00,255,1,,open,,,https://forums.ohdsi.org/t/issue-with-viewdqdashboard-in-dataqualitydashboard/23663,26.63894361111111,2025Q2,92,bug,data_quality,"DataQualityDashboard,R",DataQualityDashboard viewDqDashboard() function fails to load metadata and results sections; shows blank dashboard with error.,Launch and view data quality results using DataQualityDashboard Shiny app.,blocker,False,unresolved,False,False,Dashboard launches but Metadata and Results sections are blank,high,unresolved,True
f23665,forums,General,"Weekly OHDSI Digest - May 5, 2025",,2025-05-05 18:58:06.830000+00:00,2025-05-05 18:58:06.890000+00:00,u_8f4021bf34,2,False,1,0,1,0,,37,0,,open,,,https://forums.ohdsi.org/t/weekly-ohdsi-digest-may-5-2025/23665,,2025Q2,972,announcement,,"Evidence Synthesis,R",,,none,False,resolved,False,False,,high,resolved_self,False
f23672,forums,General,May 2025 Evidence Network Meeting,,2025-05-06 17:01:48.083000+00:00,2025-05-06 17:01:48.124000+00:00,u_6590a1d640,2,False,1,0,1,0,,48,0,,open,,,https://forums.ohdsi.org/t/may-2025-evidence-network-meeting/23672,,2025Q2,83,announcement,governance_privacy,,,,none,False,resolved,True,False,,high,resolved_self,False
f23673,forums,Implementers,SynPUF Descendants Issue,atlas,2025-05-06 18:16:10.236000+00:00,2025-05-06 18:16:10.279000+00:00,u_84f7536860,1,False,1,0,1,0,,169,0,,open,,,https://forums.ohdsi.org/t/synpuf-descendants-issue/23673,,2025Q2,152,bug,"characterization,cohort_definition",Atlas,Cohort with concept descendants returns zero records while identical cohort with single descendant concept returns expected records.,Query SynPUF cohorts using concept descendants in Atlas without unexpectedly empty results.,major,False,no_reply,False,False,"descendants cohort returns 0 records while single concept returns ~6,000",high,no_reply,True
f23677,forums,Developers,White Rabbit scan report navigation,,2025-05-07 12:31:06.066000+00:00,2025-05-07 12:31:06.106000+00:00,u_3b7b7821a0,2,True,1,0,1,0,,173,0,,open,,,https://forums.ohdsi.org/t/white-rabbit-scan-report-navigation/23677,,2025Q2,109,dev_task,,WhiteRabbit,,,none,False,resolved,False,False,,high,resolved_self,False
f23679,forums,Implementers,SAML configuration for OHDSIonAzure,"atlas,webapi",2025-05-07 14:23:52.638000+00:00,2025-05-07 14:23:52.707000+00:00,u_a44ad085f4,1,False,1,0,1,0,,165,0,,open,,,https://forums.ohdsi.org/t/saml-configuration-for-ohdsionazure/23679,,2025Q2,48,question,"infrastructure_deployment,governance_privacy",Broadsea,SAML configuration for OHDSIonAzure requires file system access that Azure WebApps does not provide; unclear how to configure SAML authentication.,Configure SAML authentication in OHDSIonAzure deployment on Azure WebApps.,major,False,unresolved,False,False,missing file system in Azure WebApps to place idp-metadata.xml and sp-metadata.xml,high,no_reply,True
f23685,forums,Vocabulary Users,Step-by-Step Tutorial for Integrating Local Vocabulary into OMOP CDM,,2025-05-08 22:57:06.049000+00:00,2025-05-08 22:57:06.101000+00:00,u_f5a2206407,2,False,1,0,1,0,,199,1,,open,,,https://forums.ohdsi.org/t/step-by-step-tutorial-for-integrating-local-vocabulary-into-omop-cdm/23685,,2025Q2,101,announcement,vocabulary_mapping,Vocabulary,,,none,False,resolved,False,True,,high,resolved_self,False
f23692,forums,Vocabulary Users,Surgery Descriptions are missing information,,2025-05-12 12:10:17.864000+00:00,2025-05-17 14:35:10.184000+00:00,u_5d629d88b2,0,True,4,3,4,3,2025-05-16 12:35:04.188000+00:00,368,4,,open,,,https://forums.ohdsi.org/t/surgery-descriptions-are-missing-information/23692,96.41286777777779,2025Q2,145,bug,vocabulary_mapping,"Athena,Vocabulary",NAACCR surgical procedure concept names appear truncated or incomplete in OMOP vocabularies for cancer registry mapping.,Map complete NAACCR surgical procedure terms to OMOP for cancer registry data standardization.,major,False,unresolved,False,True,"concept names appear truncated, missing full surgical description context",high,unresolved,True
f23694,forums,Vocabulary Users,First Course Treatment,,2025-05-12 13:15:05.849000+00:00,2025-05-19 14:59:41.374000+00:00,u_5d629d88b2,0,False,3,2,2,1,2025-05-17 00:43:10.783000+00:00,183,1,,open,,,https://forums.ohdsi.org/t/first-course-treatment/23694,107.46803722222222,2025Q2,145,question,vocabulary_mapping,CommonDataModel,Unclear how to represent first-course treatment modalities in OMOP CDM; no discrete fields for distinguishing first-course treatment types like second-course treatment.,"Model first-course cancer treatment events (chemotherapy, radiation, surgery) with appropriate temporal and modality semantics.",major,False,resolved,False,True,looking for discrete fields that affirmatively indicate when chemotherapy was part of first course therapy,high,resolved,False
f23696,forums,General,"Weekly OHDSI Digest - May 12, 2025",,2025-05-12 19:52:36.821000+00:00,2025-05-12 19:52:36.863000+00:00,u_8f4021bf34,2,False,1,0,1,0,,137,2,,open,,,https://forums.ohdsi.org/t/weekly-ohdsi-digest-may-12-2025/23696,,2025Q2,1238,announcement,,"CohortMethod,PatientLevelPrediction",,,none,False,resolved,True,False,,high,resolved_self,False
f23699,forums,Developers,Atlas WG Call canceled 5/13/2025,,2025-05-13 10:09:01.404000+00:00,2025-05-13 10:09:01.452000+00:00,u_c919d1b15d,2,False,1,0,1,0,,169,0,,open,,,https://forums.ohdsi.org/t/atlas-wg-call-canceled-5-13-2025/23699,,2025Q2,25,announcement,,,,,none,False,resolved,False,False,,high,resolved_self,False
f23704,forums,Implementers,Admission Source - Newborns and Transfers Between/Within Hospitals,,2025-05-13 17:42:37.833000+00:00,2025-05-16 19:35:29.118000+00:00,u_177d951ea4,1,False,2,1,2,1,2025-05-16 19:35:29.118000+00:00,122,0,,open,,,https://forums.ohdsi.org/t/admission-source-newborns-and-transfers-between-within-hospitals/23704,73.8809125,2025Q2,113,question,etl_cdm_conversion,CommonDataModel,No standard convention for mapping admission source for newborns and intra-hospital transfers in OMOP CDM.,Map admission source concepts correctly for newborn admits and transfers within/between facilities.,minor,False,partially,False,True,no prescribed approach for admission source with newborns or intra-hospital transfers,high,partially,True
f23707,forums,Developers,Measurement with Values,atlas,2025-05-13 21:07:29.911000+00:00,2025-05-14 18:12:14.364000+00:00,u_a721c3e716,2,False,2,1,2,1,2025-05-14 18:12:14.364000+00:00,310,1,,open,,,https://forums.ohdsi.org/t/measurement-with-values/23707,21.07901472222222,2025Q2,78,question,characterization,Atlas,Atlas does not provide a clean way to query measurements with non-null numeric values; current approach feels like a workaround.,Query measurements containing recorded numeric values in Atlas without cumbersome workarounds.,minor,True,partially,False,False,what is best way to find measurements that have a recorded numeric value,high,partially,True
f23712,forums,CDM Builders,PROCEDURE_OCCURRENCE - multiple OPCS4 codes per visit,,2025-05-14 11:54:45.111000+00:00,2025-05-19 14:12:36.082000+00:00,u_61602b39f3,2,False,3,2,2,1,2025-05-16 19:23:10.665000+00:00,297,1,,open,,,https://forums.ohdsi.org/t/procedure-occurrence-multiple-opcs4-codes-per-visit/23712,55.473765,2025Q2,115,question,etl_cdm_conversion,CommonDataModel,Unclear whether all OPCS4 procedure codes per visit should be mapped as separate PROCEDURE_OCCURRENCE rows or only primary procedure.,Determine correct approach for loading multiple procedure codes from single outpatient visit into PROCEDURE_OCCURRENCE table.,minor,False,resolved,False,True,should all instances of OPCS4 code appear independently or just primary procedure,high,resolved,False
f23723,forums,Vocabulary Users,Vocab Request - Early Breast Cancer classifications,,2025-05-15 16:09:53.064000+00:00,2025-05-15 16:09:53.140000+00:00,u_eaa9e4ba9e,1,False,1,0,1,0,,186,0,,open,,,https://forums.ohdsi.org/t/vocab-request-early-breast-cancer-classifications/23723,,2025Q2,239,feature_request,vocabulary_mapping,"Athena,Vocabulary",OMOP vocabularies lack standard concepts for Sataloff and Chevallier staging classifications used in early breast cancer neoadjuvant therapy response.,Add standard OMOP vocabulary concepts for Sataloff and Chevallier staging classifications for breast cancer treatment response.,major,False,no_reply,False,True,having trouble finding correct concept_ids to map Sataloff and Chevallier staging,high,no_reply,True
f23725,forums,General,Call for Letters of Support: R03 Grant Proposal for Kubernetes-Based ATLAS Deployment,atlas,2025-05-15 17:38:53.617000+00:00,2025-05-15 17:38:53.667000+00:00,u_ce0d836728,0,False,1,0,1,0,,133,0,,open,,,https://forums.ohdsi.org/t/call-for-letters-of-support-r03-grant-proposal-for-kubernetes-based-atlas-deployment/23725,,2025Q2,194,feature_request,infrastructure_deployment,"Atlas,Kubernetes,Docker","Deploying ATLAS requires DevOps expertise and complex infrastructure setup, preventing adoption by institutions without technical resources.",Simplify ATLAS deployment so non-technical researchers can set up and maintain it locally or in the cloud without DevOps expertise.,major,False,no_reply,False,False,"easier to install, maintain, and scale across diverse institutional environments",high,no_reply,True
f23748,forums,General,Book your guest room for the global symposium- oct 7-9!,,2025-05-19 12:25:30.741000+00:00,2025-05-19 12:25:30.792000+00:00,u_8f4021bf34,2,False,1,0,1,0,,61,0,,open,,,https://forums.ohdsi.org/t/book-your-guest-room-for-the-global-symposium-oct-7-9/23748,,2025Q2,325,announcement,,,,,none,False,no_reply,False,False,,high,no_reply,True
f23749,forums,Uncategorized,Global Symposium Brief Report Submission Due Date July 1,,2025-05-19 12:36:13.589000+00:00,2025-05-19 12:36:13.629000+00:00,u_8f4021bf34,2,False,1,0,1,0,,149,0,,open,,,https://forums.ohdsi.org/t/global-symposium-brief-report-submission-due-date-july-1/23749,,2025Q2,37,announcement,,,,,none,False,no_reply,False,False,,high,no_reply,True
f23750,forums,Vocabulary Users,Expected vocabulary changes during Aug 2025 release,,2025-05-19 13:08:32.432000+00:00,2025-08-11 08:48:20.979000+00:00,u_dea3b89267,2,False,6,5,2,2,2025-08-05 11:50:52.874000+00:00,435,5,,open,,,https://forums.ohdsi.org/t/expected-vocabulary-changes-during-aug-2025-release/23750,1870.7056783333333,2025Q2,154,announcement,vocabulary_mapping,Vocabulary,,,none,False,resolved,False,True,,high,resolved,False
f23752,forums,General,"Weekly OHDSI Digest - May 19, 2025",,2025-05-19 19:10:55.057000+00:00,2025-05-19 19:10:55.099000+00:00,u_8f4021bf34,2,False,1,0,1,0,,74,0,,open,,,https://forums.ohdsi.org/t/weekly-ohdsi-digest-may-19-2025/23752,,2025Q2,1579,announcement,,,,,none,False,no_reply,False,False,,high,no_reply,True
f23763,forums,Developers,Implementing CDM Using Snowflake,,2025-05-20 17:09:25.517000+00:00,2025-05-20 17:09:25.577000+00:00,u_61602b39f3,2,False,1,0,1,0,,290,1,,open,,,https://forums.ohdsi.org/t/implementing-cdm-using-snowflake/23763,,2025Q2,25,question,etl_cdm_conversion,"CommonDataModel,Snowflake",Seeking advice on implementing OMOP CDM using Snowflake on Azure data platform.,Implement OMOP CDM in Snowflake on Azure data platform.,minor,False,no_reply,False,True,implement OMOP CDM using Snowflake Azure data platform,medium,no_reply,True
f23772,forums,General,Ehlers-Danlos syndrome computable phenotype,phenotyping,2025-05-21 17:15:26.189000+00:00,2025-05-21 17:15:26.246000+00:00,u_6c165c7b6a,1,False,1,0,1,0,,212,0,,open,,,https://forums.ohdsi.org/t/ehlers-danlos-syndrome-computable-phenotype/23772,,2025Q2,38,question,cohort_definition,ATLAS,Seeking existing computable phenotype for Ehlers-Danlos syndrome Hypermobility Syndrome to avoid developing one from scratch.,Develop a computable phenotype for EDS Hypermobility Syndrome for an upcoming study.,minor,False,no_reply,False,False,"developed a computable phenotype, specifically for EDS Hypermobility Syndrome",high,no_reply,True
f23776,forums,Developers,Advice on Choosing Concept Granularity in a Researcher Data Request Platform,vocabularies,2025-05-22 12:14:54.047000+00:00,2025-05-25 23:19:19.928000+00:00,u_22c33b6769,0,True,2,1,2,1,2025-05-25 23:19:19.928000+00:00,421,2,,open,,,https://forums.ohdsi.org/t/advice-on-choosing-concept-granularity-in-a-researcher-data-request-platform/23776,83.07385583333333,2025Q2,270,question,"cohort_definition,results_sharing_dissemination","ATLAS,CommonDataModel",Researchers need clear guidance on optimal concept granularity levels to balance research alignment with participant recruitment in a data request platform.,"Determine appropriate concept granularity levels for researchers to request clinical data across Condition, Procedure, Drug, and Measurement domains in a mobile recruitment platform.",major,False,partially,False,False,optimal level of concept granularity for researchers to choose from,high,partially,True
f23778,forums,Developers,Patient Allocation and Cohort Sizes in PheValuator Outputs,"atlas,phenotyping",2025-05-22 12:15:39.472000+00:00,2025-05-28 20:13:29.241000+00:00,u_0f1a28bf18,0,False,2,1,2,1,2025-05-28 20:13:29.241000+00:00,385,1,,open,,,https://forums.ohdsi.org/t/patient-allocation-and-cohort-sizes-in-phevaluator-outputs/23778,151.96382472222223,2025Q2,227,question,prediction_ml,"HADES,R","Understanding how PheValuator allocates patients across Training, Testing, and Evaluation cohorts is unclear, and output files mapping to cohorts needs documentation.",Understand patient allocation and transparency in PheValuator outputs for phenotype validation models.,major,False,partially,False,False,total number of patients and their IDs used at each step,high,partially,True
f23782,forums,Implementers,JVM settings to optimize DQD in RStudio,,2025-05-22 17:09:50.411000+00:00,2025-05-22 23:11:05.821000+00:00,u_23b4aefa4b,1,True,2,1,2,1,2025-05-22 23:11:05.821000+00:00,117,0,,open,,,https://forums.ohdsi.org/t/jvm-settings-to-optimize-dqd-in-rstudio/23782,6.0209472222222225,2025Q2,227,question,data_quality,"DataQualityDashboard,R","JVM memory settings for DQD are not being applied despite configuration, and parallel execution with numThreads freezes, making large-scale data quality checks prohibitively slow.",Optimize DataQualityDashboard performance for large OMOP payloads (500GB+) with efficient parallel processing.,blocker,True,partially,False,True,only 4GB—which is the default JVM setting; session appears to freeze,high,partially,True
f23783,forums,General,Clarification on entry criteria for cohort definition in Capr,,2025-05-23 13:12:19.027000+00:00,2025-05-28 17:01:45.434000+00:00,u_d694b46a4c,1,True,5,4,4,3,2025-05-24 08:01:50.093000+00:00,217,5,,open,,,https://forums.ohdsi.org/t/clarification-on-entry-criteria-for-cohort-definition-in-capr/23783,18.82529611111111,2025Q2,144,discussion,cohort_definition,"Capr,CirceR,ATLAS","Capr defaults to allowing single entry per subject, but users need multiple entries per person; behavior differs from ATLAS despite identical definition.","Define cohorts in Capr that allow multiple person-level entries, matching ATLAS behavior.",major,True,resolved,False,False,patients are entering the cohort only once,high,resolved,False
f23788,forums,Uncategorized,Concept set,,2025-05-25 10:24:10.850000+00:00,2025-06-06 19:52:57.573000+00:00,u_3c365a3d4c,1,False,4,3,3,2,2025-05-25 23:39:36.349000+00:00,251,0,,open,,,https://forums.ohdsi.org/t/concept-set/23788,13.257083055555556,2025Q2,75,question,learning_onboarding,ATLAS,New user unable to see concepts in concept set and needs guidance on ATLAS safety surveillance tools.,Learn to create and populate concept sets in ATLAS and identify tools for drug safety surveillance.,minor,False,resolved,False,False,concept set appears empty and doesn't display,high,resolved,False
f23799,forums,Uncategorized,DQD duplicate results for OBSERVATION table,,2025-05-28 13:19:05.119000+00:00,2025-05-28 13:19:05.167000+00:00,u_93202c2705,1,False,1,0,1,0,,190,0,,open,,,https://forums.ohdsi.org/t/dqd-duplicate-results-for-observation-table/23799,,2025Q2,107,bug,data_quality,DataQualityDashboard,"DQD v2.6.1 is producing duplicate results for all OBSERVATION table checks, with second result showing as Not Applicable even though the table has data.",Fix DQD duplicate result generation for specific tables.,major,False,unresolved,False,True,duplicate results for all the checks on the OBSERVATION table,high,no_reply,True
f23800,forums,General,Contract Data Scientist/Engineer Position Open at NCI,,2025-05-28 15:36:28.360000+00:00,2025-05-28 15:36:28.405000+00:00,u_2be2abf568,2,False,1,0,1,0,,110,0,,open,,,https://forums.ohdsi.org/t/contract-data-scientist-engineer-position-open-at-nci/23800,,2025Q2,757,job_or_event,,"BigQuery,Python,R",,,none,False,no_reply,True,False,,high,no_reply,True
f23803,forums,CDM Builders,How to represent a scheduled but missed visit in OMOP CDM,,2025-05-29 14:46:14.786000+00:00,2025-06-02 10:09:37.580000+00:00,u_8035ddd742,1,True,2,1,2,1,2025-06-02 10:09:37.580000+00:00,299,2,,open,,,https://forums.ohdsi.org/t/how-to-represent-a-scheduled-but-missed-visit-in-omop-cdm/23803,91.389665,2025Q2,124,question,etl_cdm_conversion,CommonDataModel,No standard guidance on how to represent scheduled but missed visits in OMOP CDM for capturing patient adherence and follow-up protocol compliance.,Capture scheduled but missed appointments in OMOP CDM to track patient adherence to treatment and follow-up protocols.,minor,False,partially,False,True,record a visit that was scheduled but did not take place,high,partially,True
f23808,forums,Researchers,Ssue with the incidence rate,"atlas,vocabularies",2025-06-02 11:45:41.844000+00:00,2025-06-26 06:34:47.024000+00:00,u_3c365a3d4c,1,False,3,2,3,2,2025-06-23 13:05:40.229000+00:00,295,0,,open,,,https://forums.ohdsi.org/t/ssue-with-the-incidence-rate/23808,505.3328847222222,2025Q2,112,question,estimation,ATLAS,ATLAS incidence rate calculation returns N/A instead of results despite valid cohort definitions and apparent relevant cases in data.,Troubleshoot and calculate incidence rates in ATLAS for post-marketing surveillance research.,major,False,partially,False,False,incidence rate consistently shows N/A,high,partially,True
f23812,forums,General,2025 Global Symposium Brief Report Submission Deadline less than a month away!,,2025-06-02 15:16:51.173000+00:00,2025-06-02 15:16:51.212000+00:00,u_8f4021bf34,2,False,1,0,1,0,,57,0,,open,,,https://forums.ohdsi.org/t/2025-global-symposium-brief-report-submission-deadline-less-than-a-month-away/23812,,2025Q2,40,announcement,,,,,none,False,no_reply,False,False,,high,no_reply,True
f23818,forums,General,"Weekly OHDSI Digest- June 2, 2025",,2025-06-02 22:52:12.519000+00:00,2025-06-02 22:52:12.561000+00:00,u_8f4021bf34,2,False,1,0,1,0,,61,0,,open,,,https://forums.ohdsi.org/t/weekly-ohdsi-digest-june-2-2025/23818,,2025Q2,900,announcement,,ATLAS,,,none,False,no_reply,False,False,,high,no_reply,True
f23819,forums,CDM Builders,Biopsy data and episode table,"cdm,vocabularies",2025-06-03 07:45:35.535000+00:00,2025-06-04 08:26:12.537000+00:00,u_311106ee60,1,False,4,3,3,2,2025-06-03 12:13:41.771000+00:00,496,1,,open,,,https://forums.ohdsi.org/t/biopsy-data-and-episode-table/23819,4.468398888888889,2025Q2,39,question,etl_cdm_conversion,CommonDataModel,Unclear how to represent prostate cancer biopsies in OMOP CDM Episode table.,Properly represent biopsy procedures in OMOP CDM for prostate cancer research.,minor,False,partially,False,True,implement this in the episode table,high,partially,True
f23821,forums,General,Atlas 3.0 User Surveys,,2025-06-03 13:59:32.238000+00:00,2025-07-09 20:45:55.104000+00:00,u_c919d1b15d,2,False,8,7,1,0,,228,0,,open,,,https://forums.ohdsi.org/t/atlas-3-0-user-surveys/23821,,2025Q2,184,announcement,,ATLAS,,,none,False,partially,False,False,,high,no_reply,True
f23833,forums,Implementers,DQD not recognising jar files to connect to sql server?,,2025-06-05 09:06:44.044000+00:00,2025-06-12 12:50:44.810000+00:00,u_48ec14b34d,1,True,3,2,2,1,2025-06-05 22:48:52.801000+00:00,143,0,,open,,,https://forums.ohdsi.org/t/dqd-not-recognising-jar-files-to-connect-to-sql-server/23833,13.702432499999999,2025Q2,156,bug,infrastructure_deployment,"DatabaseConnector,DataQualityDashboard,SQL Server",DQD fails to connect to SQL Server; paths with spaces in folder names cause jar file recognition errors.,Connect DataQualityDashboard to SQL Server instance for running data quality checks.,blocker,True,resolved,False,False,"jar files, folder(s) to the jar files",high,resolved,False
f23838,forums,General,Pregnancy Episodes in OMOP,,2025-06-06 14:32:32.888000+00:00,2025-07-08 15:11:03.606000+00:00,u_5110053246,1,False,5,4,5,4,2025-06-08 13:33:20.141000+00:00,231,0,,open,,,https://forums.ohdsi.org/t/pregnancy-episodes-in-omop/23838,47.01312583333333,2025Q2,48,discussion,etl_cdm_conversion,CommonDataModel,Standard approach for representing pregnancy episodes in OMOP CDM is unclear.,Document standard methods for capturing pregnancy episodes in OMOP CDM workflows.,minor,False,partially,False,True,pregnancy episodes are documented in OMOP,medium,partially,True
f23846,forums,Researchers,Call for Collaboration: Data partners on TAVI Study,,2025-06-09 00:59:42.164000+00:00,2025-06-09 00:59:42.205000+00:00,u_0b61e91a4c,1,False,1,0,1,0,,179,1,,open,,,https://forums.ohdsi.org/t/call-for-collaboration-data-partners-on-tavi-study/23846,,2025Q2,116,discussion,characterization,ATLAS,,Conduct real-world evidence study on ACURATE neo2 transcatheter valve outcomes across multiple data partners.,none,False,no_reply,True,False,,high,no_reply,True
f23847,forums,Researchers,HIV research with OHDSI tools?,,2025-06-09 02:38:43.651000+00:00,2025-06-09 02:38:43.693000+00:00,u_fb41d4a681,1,False,1,0,1,0,,116,0,,open,,,https://forums.ohdsi.org/t/hiv-research-with-ohdsi-tools/23847,,2025Q2,53,discussion,characterization,ATLAS,,Demonstrate OHDSI-based HIV research for OHDSI Africa Symposium.,none,False,no_reply,False,False,,high,no_reply,True
f23850,forums,Vocabulary Users,ATC different behaviour in drug era and drug exposure,,2025-06-09 12:03:06.978000+00:00,2025-06-11 03:09:03.320000+00:00,u_278461d6b3,2,False,3,2,3,2,2025-06-09 12:32:50.541000+00:00,175,0,,open,,,https://forums.ohdsi.org/t/atc-different-behaviour-in-drug-era-and-drug-exposure/23850,0.4954341666666667,2025Q2,127,question,vocabulary_mapping,"ATLAS,CommonDataModel","Drug Era table uses ingredients and includes formulations not intended, while Drug Exposure allows specific ATC-level granularity; behavior difference is confusing.",Understand correct use of Drug Exposure vs Drug Era for specific drug formulation research in ATLAS.,major,True,resolved,False,True,"drug era table uses ingredients, including all drugs",high,resolved,False
f23854,forums,Uncategorized,New vocabularies broke my concept sets in ATLAS,atlas,2025-06-10 12:38:52.340000+00:00,2025-06-10 12:38:52.400000+00:00,u_866ba6e4ba,1,False,1,0,1,0,,226,0,,open,,,https://forums.ohdsi.org/t/new-vocabularies-broke-my-concept-sets-in-atlas/23854,,2025Q2,20,bug,vocabulary_mapping,"ATLAS,Vocabulary",Vocabulary update broke existing concept sets in ATLAS.,Maintain backward compatibility of concept sets after vocabulary updates in ATLAS.,major,False,unresolved,False,True,vocabularies broke my concept sets,high,no_reply,True
f23855,forums,Uncategorized,2025 Global Symposium Showcase Submissions Deadline 3 weeks away!,,2025-06-10 14:17:28.599000+00:00,2025-06-10 14:17:28.637000+00:00,u_8f4021bf34,2,False,1,0,1,0,,162,0,,open,,,https://forums.ohdsi.org/t/2025-global-symposium-showcase-submissions-deadline-3-weeks-away/23855,,2025Q2,40,announcement,,,,,none,False,no_reply,False,False,,high,no_reply,True
f23856,forums,Implementers,Call for Participation: Vulcan Virtual Connectathon 25-26 June 2025,,2025-06-10 15:27:48.079000+00:00,2025-06-10 15:27:48.120000+00:00,u_9b1b02090e,2,False,1,0,1,0,,166,0,,open,,,https://forums.ohdsi.org/t/call-for-participation-vulcan-virtual-connectathon-25-26-june-2025/23856,,2025Q2,236,announcement,etl_cdm_conversion,"CommonDataModel,FHIR",,,none,False,no_reply,True,True,,high,no_reply,True
f23859,forums,Vocabulary Users,Concept relationship metadata and the community contribution spreadsheet,"vocabularies,metadata",2025-06-11 02:28:51.366000+00:00,2025-06-16 17:47:04.864000+00:00,u_aee26bbf55,1,False,5,4,3,2,2025-06-12 12:27:10.305000+00:00,530,3,,open,,,https://forums.ohdsi.org/t/concept-relationship-metadata-and-the-community-contribution-spreadsheet/23859,33.9719275,2025Q2,306,discussion,vocabulary_mapping,"Vocabulary,Usagi",Vocabulary metadata standards are unclear and inconsistent across OHDSI resources; community contribution guidance conflicts with downloaded concept relationship metadata.,Establish and document authoritative OHDSI metadata standards for custom concepts and relationships.,major,False,partially,False,True,concept relationship metadata; predicate_id; mapping_justification,high,partially,True
f23862,forums,General,Race & ethnicity data,,2025-06-12 16:52:10.985000+00:00,2025-07-24 15:17:00.975000+00:00,u_4f6d298bed,3,False,2,1,2,1,2025-07-24 15:17:00.975000+00:00,155,0,,open,,,https://forums.ohdsi.org/t/race-ethnicity-data/23862,1006.4138861111112,2025Q2,122,announcement,vocabulary_mapping,"Vocabulary,Athena",,,none,False,no_reply,False,True,,high,no_reply,True
f23864,forums,Developers,Incorporate Age in Capr Cohort Definition,,2025-06-13 17:05:45.739000+00:00,2025-06-13 17:05:45.784000+00:00,u_4e6bc5a3cb,1,True,1,0,1,0,,251,1,,open,,,https://forums.ohdsi.org/t/incorporate-age-in-capr-cohort-definition/23864,,2025Q2,63,question,cohort_definition,"Capr,R",Documentation on how to implement age-based inclusion criteria in Capr cohort definitions is unclear.,Define age-based inclusion criteria for cohorts using Capr package in R.,minor,False,no_reply,False,False,incorporate an inclusion criteria rule for age,high,no_reply,True
f23867,forums,Uncategorized,Global Symposium Registration and Hotel Room Link,,2025-06-16 12:21:49.364000+00:00,2025-06-16 12:21:49.416000+00:00,u_8f4021bf34,2,False,1,0,1,0,,156,0,,open,,,https://forums.ohdsi.org/t/global-symposium-registration-and-hotel-room-link/23867,,2025Q2,47,announcement,,,,,none,False,no_reply,False,False,,high,no_reply,True
f23868,forums,General,"Weekly OHDSI Digest - June 16, 2025",,2025-06-16 19:07:43.498000+00:00,2025-06-16 19:07:43.538000+00:00,u_8f4021bf34,2,False,1,0,1,0,,50,0,,open,,,https://forums.ohdsi.org/t/weekly-ohdsi-digest-june-16-2025/23868,,2025Q2,1063,announcement,,ATLAS,,,none,False,no_reply,False,False,,high,no_reply,True
f23871,forums,Uncategorized,Global Symposium Brief Report Submissions due in 2 Weeks!,,2025-06-17 14:38:34.272000+00:00,2025-06-19 12:48:12.005000+00:00,u_8f4021bf34,2,False,3,2,2,1,2025-06-19 03:32:59.733000+00:00,172,0,,open,,,https://forums.ohdsi.org/t/global-symposium-brief-report-submissions-due-in-2-weeks/23871,36.907072500000005,2025Q2,40,announcement,,,,,none,False,partially,False,False,,high,partially,True
f23872,forums,Implementers,Person_id: generating consistent and appropriately sized IDs in Databricks,cdm,2025-06-17 18:35:29.076000+00:00,2025-06-19 13:22:04.292000+00:00,u_49c9fe2c66,1,False,5,4,3,3,2025-06-17 19:31:14.644000+00:00,473,1,,open,,,https://forums.ohdsi.org/t/person-id-generating-consistent-and-appropriately-sized-ids-in-databricks/23872,0.9293244444444445,2025Q2,408,discussion,etl_cdm_conversion,"Databricks,SQL,Python,dbt","Determining how to generate consistent, unique Person IDs in Databricks while maintaining size limits and incremental data additions.",Generate and maintain consistent Person IDs in OMOP CDM during incremental Databricks data loads.,major,True,partially,False,True,how to best generate a unique identifier; consistent over time,high,partially,True
f23873,forums,Implementers,CPT4 sample download for testing,,2025-06-17 23:13:19.217000+00:00,2025-06-21 16:51:08.962000+00:00,u_bf61fa537b,1,True,3,2,3,2,2025-06-20 23:49:49.001000+00:00,208,1,,open,,,https://forums.ohdsi.org/t/cpt4-sample-download-for-testing/23873,72.60827333333334,2025Q2,141,question,vocabulary_mapping,Vocabulary,CPT4 vocabulary import from large dataset is extremely slow (over 2 days); testing with small data samples fails with formatting errors.,Efficiently test and import CPT4 vocabulary updates with small datasets.,major,False,partially,False,True,takes an extremely long time—sometimes over two days,high,partially,True
f23874,forums,Uncategorized,Understanding How cp4.jar Updates OMOP Vocabulary Files,cdm,2025-06-19 03:09:40.465000+00:00,2025-06-26 17:09:59.323000+00:00,u_bf61fa537b,1,True,4,3,2,2,2025-06-19 11:16:57.601000+00:00,436,1,,open,,,https://forums.ohdsi.org/t/understanding-how-cp4-jar-updates-omop-vocabulary-files/23874,8.121426666666666,2025Q2,74,question,vocabulary_mapping,Vocabulary,Understanding how cpt4.jar updates concept names in OMOP vocabulary files is unclear.,Understand CPT4 vocabulary update process and which OMOP vocabulary columns are affected.,minor,False,partially,False,True,how this process works behind the scenes,high,partially,True
f23884,forums,Uncategorized,AI Agent,,2025-06-23 12:05:12.673000+00:00,2025-06-23 12:05:12.716000+00:00,u_61602b39f3,2,False,1,0,1,0,,203,0,,open,,,https://forums.ohdsi.org/t/ai-agent/23884,,2025Q2,34,question,learning_onboarding,ATLAS,Seeking information on AI Agent tools for CDM analysis.,Identify existing AI Agent solutions for automating OMOP CDM analysis tasks.,minor,False,no_reply,False,False,utilised an AI Agent type tool,low,no_reply,True
f23886,forums,General,"Weekly OHDSI Digest - June 23, 2025",,2025-06-23 18:26:20.198000+00:00,2025-06-23 18:26:20.239000+00:00,u_8f4021bf34,2,False,1,0,1,0,,54,0,,open,,,https://forums.ohdsi.org/t/weekly-ohdsi-digest-june-23-2025/23886,,2025Q2,692,announcement,,ATLAS,,,none,False,no_reply,False,False,,high,no_reply,True
f23889,forums,Uncategorized,Brief Report Submissions for the Global Symposium due in one week!,,2025-06-24 13:49:15.071000+00:00,2025-06-24 13:49:15.118000+00:00,u_8f4021bf34,2,False,1,0,1,0,,148,0,,open,,,https://forums.ohdsi.org/t/brief-report-submissions-for-the-global-symposium-due-in-one-week/23889,,2025Q2,42,announcement,,,,,none,False,no_reply,False,False,,high,no_reply,True
f23890,forums,Implementers,CohortDiagnostics error (BigQuery),,2025-06-24 15:14:45.539000+00:00,2025-06-24 15:14:45.577000+00:00,u_97a622a7d4,2,True,1,0,1,0,,90,0,,open,,,https://forums.ohdsi.org/t/cohortdiagnostics-error-bigquery/23890,,2025Q2,24,bug,characterization,"CohortDiagnostics,BigQuery",CohortDiagnostics fails when running on BigQuery platform with unspecified error.,Run CohortDiagnostics successfully on BigQuery to diagnose cohort definitions.,blocker,False,unresolved,False,False,,low,no_reply,True
f23895,forums,Implementers,Broadsea 3.0 - Has anyone setup SAML based authentication?,,2025-06-25 19:40:58.149000+00:00,2025-06-25 19:40:58.198000+00:00,u_0c020fc72e,1,False,1,0,1,0,,85,0,,open,,,https://forums.ohdsi.org/t/broadsea-3-0-has-anyone-setup-saml-based-authentication/23895,,2025Q2,73,question,"infrastructure_deployment,governance_privacy","Broadsea,ATLAS,WebAPI",Setting up SAML-based Azure authentication for Broadsea 3.0 lacks clear documentation and community solutions.,Deploy Broadsea 3.0 with SAML-based Azure authentication for researcher access control.,major,False,unresolved,False,False,getting this to work with our SAML based Azure,high,no_reply,True
f23904,forums,General,Submissions for the Global Symposium Showcase due Tuesday!,,2025-06-27 14:00:51.055000+00:00,2025-06-27 14:00:51.108000+00:00,u_8f4021bf34,2,False,1,0,1,0,,40,0,,open,,,https://forums.ohdsi.org/t/submissions-for-the-global-symposium-showcase-due-tuesday/23904,,2025Q2,42,announcement,,,,,none,False,no_reply,False,False,,high,no_reply,True
f23905,forums,Researchers,FHIR RDF: Educational Resources to Explore,,2025-06-27 17:10:00.611000+00:00,2025-06-28 04:19:32.597000+00:00,u_48efb8e749,0,False,2,1,2,1,2025-06-28 04:19:32.597000+00:00,226,1,,open,,,https://forums.ohdsi.org/t/fhir-rdf-educational-resources-to-explore/23905,11.158885,2025Q2,295,announcement,learning_onboarding,"CommonDataModel,FHIR",,,none,False,partially,False,False,,high,partially,True
f23908,forums,Implementers,Atlas Characterization error: Empty SQL Statement,,2025-06-30 04:17:07.618000+00:00,2025-06-30 04:17:07.680000+00:00,u_312d92aa10,2,True,1,0,1,0,,82,0,,open,,,https://forums.ohdsi.org/t/atlas-characterization-error-empty-sql-statement/23908,,2025Q2,173,bug,characterization,"ATLAS,Databricks,WebAPI","ATLAS characterization feature generates empty SQL statements, preventing execution on Databricks backend despite simple cohort configurations.",Execute characterization analyses in ATLAS on Databricks backend.,blocker,False,unresolved,False,False,SQL Parse error about an unexpected empty statement,high,no_reply,True
f23911,forums,Uncategorized,Submissions for the Global Symposium due tomorrow at 8pm ET!,,2025-06-30 13:21:10.778000+00:00,2025-06-30 13:21:10.824000+00:00,u_8f4021bf34,2,False,1,0,1,0,,156,0,,open,,,https://forums.ohdsi.org/t/submissions-for-the-global-symposium-due-tomorrow-at-8pm-et/23911,,2025Q2,34,announcement,community_process,,,,none,False,no_reply,False,False,,high,no_reply,True
f23913,forums,General,"Weekly OHDSI Digest - June 30, 2025",,2025-06-30 14:22:56.679000+00:00,2025-06-30 14:22:56.726000+00:00,u_8f4021bf34,2,False,1,0,1,0,,51,0,,open,,,https://forums.ohdsi.org/t/weekly-ohdsi-digest-june-30-2025/23913,,2025Q2,1011,announcement,community_process,"Atlas,Characterization",,,none,False,no_reply,False,False,,high,no_reply,True
f23914,forums,General,Brief Report Submission Upload Reminders- thank you!,,2025-06-30 17:23:53.450000+00:00,2025-06-30 17:23:53.495000+00:00,u_8f4021bf34,2,False,1,0,1,0,,51,0,,open,,,https://forums.ohdsi.org/t/brief-report-submission-upload-reminders-thank-you/23914,,2025Q2,63,announcement,community_process,,,,none,False,no_reply,False,False,,high,no_reply,True
f23915,forums,CDM Builders,Incorporating component level details into NOTE table,cdm,2025-06-30 23:04:18.355000+00:00,2025-07-05 02:15:46.586000+00:00,u_0f88111755,1,False,3,2,3,2,2025-07-01 18:07:33.180000+00:00,347,0,,open,,,https://forums.ohdsi.org/t/incorporating-component-level-details-into-note-table/23915,19.054118055555556,2025Q2,45,question,etl_cdm_conversion,CommonDataModel,Unsure whether combining source pathology report rows into single NOTE row or creating multiple NOTE rows per component is most efficient.,Efficiently organize component-level details from pathology reports in the OMOP NOTE table.,minor,False,partially,False,True,How are people handling component level details from pathology reports,high,partially,True
f23916,forums,General,Prostate cancer chort - women,,2025-07-01 05:07:36.138000+00:00,2025-07-03 05:55:15.186000+00:00,u_990415dd28,0,False,4,3,4,3,2025-07-01 19:24:03.522000+00:00,209,1,,open,,,https://forums.ohdsi.org/t/prostate-cancer-chort-women/23916,14.274273333333333,2025Q3,55,bug,cohort_definition,Atlas,"Prostate cancer cohort includes female patients, indicating incorrect cohort definition or ETL issue.",Create accurate prostate cancer cohort that excludes women.,major,True,resolved,False,False,Big part of patients that qualify to the cohort are women,high,resolved,False
f23919,forums,General,Submissions due today 8pmET! Please note below,,2025-07-01 13:27:13.053000+00:00,2025-07-01 13:27:13.092000+00:00,u_8f4021bf34,2,False,1,0,1,0,,40,0,,open,,,https://forums.ohdsi.org/t/submissions-due-today-8pmet-please-note-below/23919,,2025Q3,43,announcement,community_process,,,,none,False,no_reply,False,False,,high,no_reply,True
f23926,forums,General,Establishing OHDSI Canada,,2025-07-03 13:10:23.878000+00:00,2025-07-03 13:10:23.923000+00:00,u_7a89bc6b5d,1,False,1,0,1,0,,236,6,,open,,,https://forums.ohdsi.org/t/establishing-ohdsi-canada/23926,,2025Q3,94,announcement,"community_process,etl_cdm_conversion",,,,none,False,no_reply,True,True,,high,no_reply,True
f23933,forums,General,Register for the global symposium & book your hotel room!,,2025-07-04 12:59:50.989000+00:00,2025-07-04 12:59:51.037000+00:00,u_8f4021bf34,2,False,1,0,1,0,,33,0,,open,,,https://forums.ohdsi.org/t/register-for-the-global-symposium-book-your-hotel-room/23933,,2025Q3,27,announcement,community_process,,,,none,False,no_reply,False,False,,high,no_reply,True
f23936,forums,Vocabulary Users,Vocabulathon 2025: chipping away at the Bummock,"cdm,vocabularies",2025-07-04 19:16:14.187000+00:00,2025-10-06 13:50:36.956000+00:00,u_8a9188d13e,2,False,23,22,11,13,2025-07-07 18:19:30.261000+00:00,1710,17,,open,,,https://forums.ohdsi.org/t/vocabulathon-2025-chipping-away-at-the-bummock/23936,71.054465,2025Q3,1147,discussion,"vocabulary_mapping,community_process","Vocabulary,Athena",Vocabulary backlog of foundational issues remains frozen; centralized vocabulary development maintenance-focused through 2025.,Collaboratively resolve structural vocabulary issues through community-driven Vocabularyathon initiative.,major,False,partially,False,True,"We've accumulated a long backlog of tricky, deep-rooted issues.",high,partially,True
f23944,forums,Implementers,Recommended authentication for Broadsea 3.0?,,2025-07-07 13:39:14.253000+00:00,2025-07-07 13:39:14.303000+00:00,u_0c020fc72e,1,False,1,0,1,0,,94,0,,open,,,https://forums.ohdsi.org/t/recommended-authentication-for-broadsea-3-0/23944,,2025Q3,57,question,infrastructure_deployment,Broadsea,No documented recommendation for authentication method with Broadsea 3.0; SAML-based implementation unsuccessful.,Implement reliable authentication for Broadsea deployment.,major,False,no_reply,False,False,Is there a recommended authentication method for Broadsea?,medium,no_reply,True
f23946,forums,General,"Weekly OHDSI Digest - July 7, 2025",,2025-07-07 15:57:11.552000+00:00,2025-07-07 15:57:11.608000+00:00,u_8f4021bf34,2,False,1,0,1,0,,60,0,,open,,,https://forums.ohdsi.org/t/weekly-ohdsi-digest-july-7-2025/23946,,2025Q3,902,announcement,community_process,Atlas,,,none,False,no_reply,False,False,,high,no_reply,True
f23952,forums,General,OHDSI Cookie Cutter designs now avaliable,,2025-07-09 07:01:15.503000+00:00,2025-07-09 07:01:15.579000+00:00,u_185b1c1438,4,False,1,0,1,0,,63,4,,open,,,https://forums.ohdsi.org/t/ohdsi-cookie-cutter-designs-now-avaliable/23952,,2025Q3,91,announcement,community_process,,,,none,False,no_reply,False,False,,high,no_reply,True
f23953,forums,Implementers,Accelerating OMOP Conversion with free LLM-Powered Tool – Looking for Test Users,cdm,2025-07-09 10:43:32.849000+00:00,2026-04-16 01:40:50.658000+00:00,u_e3f10ed492,1,False,21,20,13,15,2025-07-16 13:26:06.558000+00:00,1844,25,,open,,,https://forums.ohdsi.org/t/accelerating-omop-conversion-with-free-llm-powered-tool-looking-for-test-users/23953,170.70936361111112,2025Q3,273,announcement,etl_cdm_conversion,"WhiteRabbit,DataQualityDashboard",OMOP database conversion requires significant time and effort; typical 30-minute goal is far below typical effort.,Accelerate OMOP CDM conversion from source databases using LLM-powered mapping.,major,False,unresolved,False,True,Minimize time from gaining access to source database to generating results in 30 minutes,high,unresolved,True
f23957,forums,General,Sponsorship and Exhibition at the Global Symposium in October!,,2025-07-10 15:03:19.562000+00:00,2025-07-10 15:03:19.604000+00:00,u_8f4021bf34,2,False,1,0,1,0,,46,0,,open,,,https://forums.ohdsi.org/t/sponsorship-and-exhibition-at-the-global-symposium-in-october/23957,,2025Q3,135,announcement,community_process,,,,none,False,no_reply,False,False,,high,no_reply,True
f23972,forums,Uncategorized,Workgroup - Health Economics & Value Assessment (HEVA),,2025-07-14 09:30:25.813000+00:00,2025-10-01 14:18:45.610000+00:00,u_e13632bec5,4,False,16,15,2,3,2025-09-25 20:32:07.235000+00:00,722,4,,open,,,https://forums.ohdsi.org/t/workgroup-health-economics-value-assessment-heva/23972,1763.0281727777779,2025Q3,246,discussion,"estimation,community_process",CommonDataModel,,Develop standardized methods and tools for health economics value assessment within OMOP ecosystem.,none,False,partially,True,True,,high,partially,True
f23973,forums,General,"Weekly OHDSI Digest - July 14, 2025",,2025-07-14 17:10:30.019000+00:00,2025-07-14 17:10:30.061000+00:00,u_8f4021bf34,2,False,1,0,1,0,,82,0,,open,,,https://forums.ohdsi.org/t/weekly-ohdsi-digest-july-14-2025/23973,,2025Q3,1079,announcement,community_process,,,,none,False,no_reply,False,False,,high,no_reply,True
f23987,forums,Researchers,Rules for concept inclusion in concept sets,,2025-07-16 16:37:12.452000+00:00,2025-08-07 11:38:19.624000+00:00,u_abf960bb46,1,False,4,3,4,3,2025-07-18 06:21:01.281000+00:00,202,0,,open,,,https://forums.ohdsi.org/t/rules-for-concept-inclusion-in-concept-sets/23987,37.73023027777778,2025Q3,432,discussion,"vocabulary_mapping,cohort_definition",,Unclear criteria for concept set inclusion when using LLM curation; tension between semantic specificity and phenotype sensitivity.,Establish consistent logic rules for concept set inclusion to improve phenotype accuracy.,major,False,partially,False,True,What logic should we apply when deciding which concepts belong,high,partially,True
f23988,forums,Implementers,How to populate person.birth_datetime when time is not know,cdm,2025-07-16 21:15:58.481000+00:00,2025-07-16 23:11:57.600000+00:00,u_49c9fe2c66,1,False,2,1,2,1,2025-07-16 23:11:57.600000+00:00,278,2,,open,,,https://forums.ohdsi.org/t/how-to-populate-person-birth-datetime-when-time-is-not-know/23988,1.933088611111111,2025Q3,194,question,etl_cdm_conversion,CommonDataModel,Unclear how to populate OMOP birth_datetime when source contains only birth date (time defaulted to 00:00:00).,Populate OMOP person.birth_datetime appropriately when only date is known.,minor,False,resolved,False,True,How others have populated person.birth_datetime in similar circumstances,high,resolved,False
f23991,forums,Researchers,Hosting a mini OMOP CDM Database with a data extract for research purposes,cdm,2025-07-17 13:56:23.547000+00:00,2025-07-21 14:24:53.260000+00:00,u_4a74757760,1,False,2,1,2,1,2025-07-21 14:24:53.260000+00:00,268,0,,open,,,https://forums.ohdsi.org/t/hosting-a-mini-omop-cdm-database-with-a-data-extract-for-research-purposes/23991,96.47492027777777,2025Q3,140,question,infrastructure_deployment,"HADES,Strategus,Postgres",Lack of experience hosting databases prevents setup of OMOP database for HADES/Strategus research.,Host a PostgreSQL OMOP CDM instance for HADES and Strategus-based network research.,minor,False,resolved,False,False,How would you go about this if you were in my shoes?,high,resolved,False
f23999,forums,Uncategorized,"Looking to transition from programming into the biomedical field, asking for feedback on end-to-end portfolio project ideas",,2025-07-18 15:19:24.109000+00:00,2025-07-18 15:19:24.155000+00:00,u_8424a0951a,0,False,1,0,1,0,,182,0,,open,,,https://forums.ohdsi.org/t/looking-to-transition-from-programming-into-the-biomedical-field-asking-for-feedback-on-end-to-end-portfolio-project-ideas/23999,,2025Q3,407,other,"learning_onboarding,prediction_ml","Python,Docker",,Build portfolio projects demonstrating full-stack data engineering expertise to transition into biomedical research.,none,False,no_reply,False,False,,high,no_reply,True
f24000,forums,Developers,Add support for debiased machine learning estimators?,,2025-07-18 16:01:44.998000+00:00,2025-07-18 16:01:45.037000+00:00,u_8424a0951a,0,False,1,0,1,0,,231,1,,open,,,https://forums.ohdsi.org/t/add-support-for-debiased-machine-learning-estimators/24000,,2025Q3,858,feature_request,prediction_ml,"PatientLevelPrediction,HADES",OHDSI tools lack support for debiased machine learning estimators for causal inference.,Add support for causal machine learning estimators to OHDSI prediction packages.,minor,False,no_reply,False,False,Proposing adding support for debiased machine learning estimators,medium,no_reply,True
f24013,forums,General,"Weekly OHDSI Digest - July 21, 2025",,2025-07-21 17:35:14.948000+00:00,2025-07-21 17:35:14.992000+00:00,u_8f4021bf34,2,False,1,0,1,0,,60,0,,open,,,https://forums.ohdsi.org/t/weekly-ohdsi-digest-july-21-2025/24013,,2025Q3,1041,announcement,community_process,,,,none,False,no_reply,False,False,,high,no_reply,True
f24017,forums,Implementers,Mapping Extracted Concepts from Radiology Reports (via NLP) to OMOP: Is This the Right Approach?,cdm,2025-07-21 19:26:30.400000+00:00,2025-07-21 19:26:30.444000+00:00,u_8d214d0eec,1,True,1,0,1,0,,274,0,,open,,,https://forums.ohdsi.org/t/mapping-extracted-concepts-from-radiology-reports-via-nlp-to-omop-is-this-the-right-approach/24017,,2025Q3,322,question,etl_cdm_conversion,CommonDataModel,Unclear whether storing NLP-extracted device mentions without implantation dates as OBSERVATION is OMOP-compliant.,Map NLP-extracted concepts from radiology reports to appropriate OMOP tables.,minor,False,no_reply,False,True,Is it appropriate to store the mention of a device as an OBSERVATION?,high,no_reply,True
f24018,forums,Implementers,Missing concepts in the CONCEPT table (Athena Vocabulary),vocabularies,2025-07-21 20:07:56.899000+00:00,2025-07-28 09:33:39.636000+00:00,u_34bb8e1583,1,False,9,8,2,4,2025-07-22 09:06:33.031000+00:00,553,0,,open,,,https://forums.ohdsi.org/t/missing-concepts-in-the-concept-table-athena-vocabulary/24018,12.976703333333333,2025Q3,147,bug,"vocabulary_mapping,etl_cdm_conversion","Athena,Usagi",Mapped SNOMED concepts fail to load from Athena vocabulary despite mapping validation.,Ensure mapped concepts are available in OMOP vocabulary tables.,major,False,resolved,False,True,Many of the mapped concepts don't appear among the loaded concepts,high,resolved,False
f24021,forums,General,Athena down?,,2025-07-22 13:34:20.109000+00:00,2025-07-22 17:45:37.419000+00:00,u_7a89bc6b5d,1,False,3,2,2,1,2025-07-22 13:40:18.904000+00:00,182,0,,open,,,https://forums.ohdsi.org/t/athena-down/24021,0.09966527777777778,2025Q3,8,bug,vocabulary_mapping,"Athena,Vocabulary",Athena service is down or inaccessible; encryption and login issues preventing vocabulary access.,,blocker,False,unclear,False,True,Is Athena down?,high,unclear,False
f24023,forums,Implementers,Call for Participation: Help shape the Vulcan FHIR to OMOP Implementation Guide,,2025-07-22 17:37:09.703000+00:00,2025-07-22 17:37:09.743000+00:00,u_9b1b02090e,2,False,1,0,1,0,,148,0,,open,,,https://forums.ohdsi.org/t/call-for-participation-help-shape-the-vulcan-fhir-to-omop-implementation-guide/24023,,2025Q3,247,announcement,"vocabulary_mapping,etl_cdm_conversion,community_process",,,,none,False,no_reply,True,True,,high,no_reply,True
f24024,forums,General,OMOP LATAM context,cdm,2025-07-22 19:32:51.476000+00:00,2025-07-22 19:32:51.520000+00:00,u_34bb8e1583,1,False,1,0,1,0,,212,0,,open,,,https://forums.ohdsi.org/t/omop-latam-context/24024,,2025Q3,64,discussion,"etl_cdm_conversion,learning_onboarding,community_process",CommonDataModel,,Learn about OMOP implementation practices in Latin America.,none,False,no_reply,True,True,,high,no_reply,True
f24026,forums,Implementers,Duplicate OPCS4 Codes Per Visit,cdm,2025-07-23 14:35:18.852000+00:00,2025-07-23 14:35:18.906000+00:00,u_61602b39f3,2,False,1,0,1,0,,271,0,,open,,,https://forums.ohdsi.org/t/duplicate-opcs4-codes-per-visit/24026,,2025Q3,157,question,etl_cdm_conversion,CommonDataModel,Unclear how to represent duplicate procedure codes for different anatomical sites during single visit.,Represent multiple identical procedure codes for different body sites in OMOP CDM.,minor,False,no_reply,False,True,How should multiple identical procedures for different sites be reflected in CDM?,high,no_reply,True
f24027,forums,Vocabulary Users,Incorrect mappings identified,,2025-07-23 15:37:17.531000+00:00,2025-07-24 13:17:09.815000+00:00,u_00bdaa7fa9,1,False,3,2,3,2,2025-07-24 08:48:59.226000+00:00,170,0,,open,,,https://forums.ohdsi.org/t/incorrect-mappings-identified/24027,17.194915277777778,2025Q3,84,bug,vocabulary_mapping,"Athena,Vocabulary",Ezetimibe concept incorrectly maps to Enalapril NDC codes; vocabulary contains wrong medication mappings.,Correct NDC-to-concept mappings in OMOP vocabulary.,major,False,unresolved,False,True,Concept maps to Enalapril which is not the same medication,high,unresolved,True
f24030,forums,Implementers,Defining Relative Time Criteria in ATLAS for Cohort Creation,atlas,2025-07-23 22:14:16.719000+00:00,2025-07-24 22:55:57.640000+00:00,u_a6408d26f5,1,False,2,1,2,1,2025-07-24 22:55:57.640000+00:00,159,0,,open,,,https://forums.ohdsi.org/t/defining-relative-time-criteria-in-atlas-for-cohort-creation/24030,24.694700277777777,2025Q3,219,question,cohort_definition,Atlas,"ATLAS only allows time criteria relative to index date, not relative to other events like targeted therapy.",Define time criteria in ATLAS relative to non-index events for complex cohort inclusion rules.,major,True,resolved,False,False,I can only set time filters relative to the index date,high,resolved,False
f24031,forums,Researchers,NYU is looking for partners to evaluate AI-based predictive models,,2025-07-24 01:34:33.373000+00:00,2025-11-06 21:39:56.687000+00:00,u_7bcfbb5195,2,False,3,2,3,2,2025-07-24 02:44:14.021000+00:00,230,0,,open,,,https://forums.ohdsi.org/t/nyu-is-looking-for-partners-to-evaluate-ai-based-predictive-models/24031,1.161291111111111,2025Q3,157,announcement,"prediction_ml,network_study_execution",PatientLevelPrediction,,Evaluate generalizability and temporal stability of AI predictive models across multiple data partners.,none,False,partially,True,False,,high,partially,True
f24037,forums,Vocabulary Users,Addition of new races and ethnicities: open to community feedback,,2025-07-24 15:16:03.762000+00:00,2025-07-24 15:16:03.799000+00:00,u_8b1a42a943,2,False,1,0,1,0,,161,1,,open,,,https://forums.ohdsi.org/t/addition-of-new-races-and-ethnicities-open-to-community-feedback/24037,,2025Q3,145,announcement,vocabulary_mapping,"Vocabulary,Athena",,,none,False,no_reply,True,True,,high,no_reply,True
f24039,forums,Researchers,Querying for specific state in ATLAS,"cdm,atlas,vocabularies",2025-07-24 15:32:23.380000+00:00,2025-08-08 16:59:46.763000+00:00,u_84f7536860,1,False,4,3,2,2,2025-08-06 21:30:50.063000+00:00,442,1,,open,,,https://forums.ohdsi.org/t/querying-for-specific-state-in-atlas/24039,317.9740786111111,2025Q3,111,question,cohort_definition,Atlas,ATLAS does not support querying by state; location_concept_ids not populated in database.,Filter OMOP cohorts by patient state or location in ATLAS.,minor,True,resolved,False,False,Is it possible to query the location.state column within ATLAS,high,resolved,False
f24042,forums,Vocabulary Users,Allergy to concepts became non-standard,,2025-07-24 23:50:56.967000+00:00,2025-07-28 21:10:55.665000+00:00,u_6b2c0a22c8,1,False,3,2,2,1,2025-07-28 07:21:29.456000+00:00,289,1,,open,,,https://forums.ohdsi.org/t/allergy-to-concepts-became-non-standard/24042,79.50902472222222,2025Q3,124,question,"vocabulary_mapping,etl_cdm_conversion",Vocabulary,"Vocabulary changes made 'Allergy to' concepts non-standard, creating confusion about correct ETL approach.",Correctly map allergy data to OMOP using updated non-standard concepts and post-coordination.,minor,True,resolved,False,True,Many 'Allergy to' concepts have become non-standard concepts,high,resolved,False
f24043,forums,Developers,TAB Recommendation: OHDSI Specifications,,2025-07-25 16:02:44.174000+00:00,2025-09-05 15:01:44.398000+00:00,u_7978f7920b,4,False,5,4,4,4,2025-07-29 02:09:45.266000+00:00,383,6,,open,,,https://forums.ohdsi.org/t/tab-recommendation-ohdsi-specifications/24043,82.11697,2025Q3,172,discussion,"community_process,governance_privacy","Atlas,CommonDataModel",Lack of formal specifications for OMOP JSON artifacts affects tool interoperability and long-term data preservation.,Establish formal published specifications for OHDSI artifacts like concept sets and cohort definitions.,major,False,partially,False,False,Lack of formal specification creates challenges for tool interoperability,high,partially,True
f24045,forums,General,Atlas 2.15.0,,2025-07-25 18:27:27.513000+00:00,2025-08-18 03:11:19.828000+00:00,u_c919d1b15d,2,False,2,1,1,0,,103,1,,open,,,https://forums.ohdsi.org/t/atlas-2-15-0/24045,,2025Q3,130,announcement,community_process,"Atlas,WebAPI",,,none,False,no_reply,False,False,,high,no_reply,True
f24055,forums,General,"Weekly OHDSI Digest - July 28, 2025",,2025-07-28 16:33:04.219000+00:00,2025-07-28 16:33:04.266000+00:00,u_8f4021bf34,2,False,1,0,1,0,,77,0,,open,,,https://forums.ohdsi.org/t/weekly-ohdsi-digest-july-28-2025/24055,,2025Q3,1246,announcement,community_process,,,,none,False,no_reply,False,False,,high,no_reply,True
f24056,forums,Researchers,Introduction & Proposed Study on Sézary Syndrome Treatment Patterns,"networkresearch,networkstudy",2025-07-28 17:21:22.687000+00:00,2025-07-29 19:09:43.932000+00:00,u_d314b0a04d,1,False,3,2,2,1,2025-07-29 18:47:12.529000+00:00,271,0,,open,,,https://forums.ohdsi.org/t/introduction-proposed-study-on-sezary-syndrome-treatment-patterns/24056,25.430511666666668,2025Q3,158,discussion,"characterization,network_study_execution",Characterization,,Establish network study of treatment patterns for rare cutaneous T-cell lymphomas.,none,False,partially,True,False,,high,partially,True
f24062,forums,CDM Builders,Seeking Guidance on Partitioning the MEASUREMENT Table in PostgreSQL CDM (v15),,2025-07-30 01:44:00.638000+00:00,2025-07-30 01:44:00.685000+00:00,u_59ff37a09f,1,True,1,0,1,0,,222,0,,open,,,https://forums.ohdsi.org/t/seeking-guidance-on-partitioning-the-measurement-table-in-postgresql-cdm-v15/24062,,2025Q3,184,question,infrastructure_deployment,"Postgres,Atlas,DatabaseConnector",Uncertain whether partitioning large MEASUREMENT table improves performance in OMOP/Atlas workflows.,Optimize query performance for large OMOP MEASUREMENT tables in PostgreSQL.,major,False,no_reply,False,False,Has anyone successfully partitioned the MEASUREMENT table for performance?,high,no_reply,True
f24063,forums,Researchers,Would you inform how to do Kaplan-Meier analysis through atlas?,atlas,2025-07-30 08:00:16.344000+00:00,2025-07-30 08:00:16.401000+00:00,u_d967e53ce0,1,False,1,0,1,0,,172,0,,open,,,https://forums.ohdsi.org/t/would-you-inform-how-to-do-kaplan-meier-analysis-through-atlas/24063,,2025Q3,25,question,"characterization,estimation",Atlas,ATLAS does not appear to offer Kaplan-Meier survival analysis functionality.,Perform Kaplan-Meier survival analysis using OMOP data.,minor,False,no_reply,False,False,I can not find any menu related to Kaplan-Meier analysis,high,no_reply,True
f24064,forums,Developers,Would you inform how to make concept set through csv files?,"atlas,vocabularies,conceptsets",2025-07-30 08:07:39.413000+00:00,2025-07-30 08:07:39.456000+00:00,u_d967e53ce0,1,False,1,0,1,0,,368,0,,open,,,https://forums.ohdsi.org/t/would-you-inform-how-to-make-concept-set-through-csv-files/24064,,2025Q3,47,question,vocabulary_mapping,"Atlas,Athena",Unclear how to create concept sets in ATLAS/Athena from CSV list of source codes.,Create OMOP concept sets from CSV files containing source codes like ATC codes.,minor,False,no_reply,False,True,How to make concept set from csv files?,high,no_reply,True
f24072,forums,General,OHDSI Global Symposium- Register now and book your hotel room!,,2025-07-31 15:26:30.777000+00:00,2025-07-31 15:26:30.825000+00:00,u_8f4021bf34,2,False,1,0,1,0,,70,0,,open,,,https://forums.ohdsi.org/t/ohdsi-global-symposium-register-now-and-book-your-hotel-room/24072,,2025Q3,52,announcement,community_process,,,,none,False,no_reply,False,False,,high,no_reply,True
f24076,forums,Developers,WebAPI 2.15.0 Docker Image,webapi,2025-08-01 11:20:04.803000+00:00,2025-08-11 09:35:43.070000+00:00,u_9082cccda7,2,False,4,3,2,2,2025-08-01 12:46:02.836000+00:00,323,1,,open,,,https://forums.ohdsi.org/t/webapi-2-15-0-docker-image/24076,1.4327869444444445,2025Q3,52,bug,"infrastructure_deployment,governance_privacy","WebAPI,Docker",WebAPI 2.15.0 Docker OpenID authentication failing with pac4j compilation/runtime error.,Enable OpenID authentication with WebAPI 2.15.0 in Docker deployment.,blocker,True,resolved,False,False,Cannot sign in; WebAPI compiled code not available in runtime,high,resolved,False
f24096,forums,General,"Weekly OHDSI Digest - Aogust 4, 2025",,2025-08-04 19:06:12.988000+00:00,2025-08-04 19:06:13.033000+00:00,u_8f4021bf34,2,False,1,0,1,0,,51,0,,open,,,https://forums.ohdsi.org/t/weekly-ohdsi-digest-aogust-4-2025/24096,,2025Q3,1441,announcement,community_process,,,,none,False,no_reply,False,False,,high,no_reply,True
f24097,forums,Developers,Security of White Rabbit,,2025-08-04 20:30:53.995000+00:00,2025-08-04 20:30:54.034000+00:00,u_fb41d4a681,1,False,1,0,1,0,,272,0,,open,,,https://forums.ohdsi.org/t/security-of-white-rabbit/24097,,2025Q3,76,question,etl_cdm_conversion,WhiteRabbit,macOS reports White Rabbit as potentially malicious; unclear how to verify software authenticity and security.,Securely deploy White Rabbit tool on macOS while verifying software integrity.,minor,False,no_reply,False,False,Apple could not verify White Rabbit is free of malware,high,no_reply,True
f24102,forums,Implementers,"Understanding image feature, observation, and measurement tables",cdm,2025-08-05 13:04:21.184000+00:00,2025-11-10 12:54:06.394000+00:00,u_2b363e9a23,1,True,9,8,3,4,2025-08-05 19:49:35.148000+00:00,1016,7,,open,,,https://forums.ohdsi.org/t/understanding-image-feature-observation-and-measurement-tables/24102,6.753878888888889,2025Q3,195,question,"etl_cdm_conversion,vocabulary_mapping",CommonDataModel,"Confusion about whether to use Observation, Measurement, or Condition tables for medical imaging findings, and uncertainty about appropriate domain assignment.",Map DICOM metadata and radiology report findings into correct OMOP CDM tables with appropriate concept domains.,major,False,unresolved,False,True,I have uncertainty about whether to use observation or measurement (or even condition) table,high,unresolved,True
f24104,forums,Implementers,OMOP Concept Retriever - Multilingual Semantic Search for OMOP Concepts,,2025-08-06 00:04:00.585000+00:00,2025-08-06 00:04:00.629000+00:00,u_bc85c86c9b,1,False,1,0,1,0,,234,0,,open,,,https://forums.ohdsi.org/t/omop-concept-retriever-multilingual-semantic-search-for-omop-concepts/24104,,2025Q3,228,announcement,"vocabulary_mapping,learning_onboarding","Vocabulary,CommonDataModel",,,none,False,no_reply,False,False,,high,no_reply,True
f24111,forums,Implementers,Achilles fails after running analytics,,2025-08-07 19:20:54.511000+00:00,2025-08-07 19:20:54.554000+00:00,u_b885773692,0,False,1,0,1,0,,200,0,,open,,,https://forums.ohdsi.org/t/achilles-fails-after-running-analytics/24111,,2025Q3,119,bug,"data_quality,infrastructure_deployment","Achilles,DatabaseConnector,SQL Server","Achilles analytics execution fails when attempting to create results table, preventing completion of data quality checks.",Run Achilles data quality analysis successfully to completion on SQL Server database.,blocker,False,no_reply,False,True,Achilles fails after running analytics... Cannot find the object achilles_results because it does not exist,high,no_reply,True
f24112,forums,General,Global Symposium Hotel Rooms - Book your room asap,,2025-08-07 21:43:35.731000+00:00,2025-08-07 21:43:35.771000+00:00,u_8f4021bf34,2,False,1,0,1,0,,64,0,,open,,,https://forums.ohdsi.org/t/global-symposium-hotel-rooms-book-your-room-asap/24112,,2025Q3,66,announcement,community_process,,,,none,False,no_reply,False,False,,high,no_reply,True
f24115,forums,Implementers,OPCS4 and Snomed Domain Differences,,2025-08-08 15:14:18.583000+00:00,2025-08-22 18:42:29.086000+00:00,u_61602b39f3,2,False,4,3,2,2,2025-08-08 16:57:30.666000+00:00,270,1,,open,,,https://forums.ohdsi.org/t/opcs4-and-snomed-domain-differences/24115,1.7200230555555553,2025Q3,66,question,"vocabulary_mapping,cohort_definition","Vocabulary,Atlas,CommonDataModel",Uncertainty about correct table placement when standard concept domain differs from non-standard source code domain.,Correctly map non-standard ICD10 diagnosis codes to standard SNOMED concepts and place cohort data in appropriate CDM table.,major,True,resolved,False,True,domain on standard snomed concept doesn't match the non standard ICD10 domain... Should I be pushing these cohorts into Condition_Occurrence or Observation?,high,resolved,False
f24120,forums,Implementers,Using HADES for in-house curation of registry data,atlas,2025-08-11 10:36:02.257000+00:00,2025-08-14 15:39:21.221000+00:00,u_e538af6427,1,False,5,4,4,4,2025-08-11 12:25:56.484000+00:00,384,4,,open,,,https://forums.ohdsi.org/t/using-hades-for-in-house-curation-of-registry-data/24120,1.8317297222222222,2025Q3,149,question,"governance_privacy,etl_cdm_conversion","Atlas,HADES","Difficulty tracking data provenance and differentiation across multiple registries within CDM, forcing data stewards to manually filter data.",Enable data stewards to verify and track their registry-specific data within unified CDM for validation purposes.,major,True,resolved,True,True,I'd like to be able to somehow tag provenance of data in Atlas... my data stewards will demand to check and verify the data they are supposed to have under their care,high,resolved,False
f24122,forums,General,HMA/EMA Annual Data Forum on 9 December 2025,,2025-08-11 13:20:11.677000+00:00,2025-08-11 13:20:11.718000+00:00,u_d1cb658a4b,1,False,1,0,1,0,,54,0,,open,,,https://forums.ohdsi.org/t/hma-ema-annual-data-forum-on-9-december-2025/24122,,2025Q3,271,announcement,"community_process,results_sharing_dissemination",,,,none,False,no_reply,False,False,,high,no_reply,True
f24123,forums,General,"Weekly OHDSI Digest - August 11, 2025",,2025-08-11 15:31:34.645000+00:00,2025-08-11 15:31:34.703000+00:00,u_8f4021bf34,2,False,1,0,1,0,,61,0,,open,,,https://forums.ohdsi.org/t/weekly-ohdsi-digest-august-11-2025/24123,,2025Q3,1310,announcement,community_process,,,,none,False,no_reply,False,False,,high,no_reply,True
f24124,forums,Researchers,Seeking Collaborators: Dental Antibiotic Prophylaxis & Infection Outcomes,networkresearch,2025-08-12 05:45:56.453000+00:00,2025-08-12 17:01:14.452000+00:00,u_d314b0a04d,1,False,2,1,2,1,2025-08-12 17:01:14.452000+00:00,142,0,,open,,,https://forums.ohdsi.org/t/seeking-collaborators-dental-antibiotic-prophylaxis-infection-outcomes/24124,11.254999722222223,2025Q3,101,discussion,"characterization,network_study_execution",CommonDataModel,,Conduct a characterization study across multiple hospitals to describe antibiotic prophylaxis patterns in dental procedures and infection outcomes.,none,False,resolved,True,False,,high,resolved,False
f24125,forums,OHDSI in Korea,건강보험심사평가원 CDM 상시개방의 분석실행파일 업로드를 위해 R code 추출 방법 질의 드립니다,"atlas,estimationmethods",2025-08-12 07:01:57.224000+00:00,2025-08-28 16:22:30.652000+00:00,u_d967e53ce0,1,False,2,1,2,1,2025-08-28 16:22:30.652000+00:00,311,0,,open,,,https://forums.ohdsi.org/t/cdm-r-code/24125,393.3426188888889,2025Q3,143,question,"cohort_definition,infrastructure_deployment","Atlas,R",Difficulty extracting R code from Atlas for cohort definitions and analyses as required by Korean health insurance authority.,Extract R packages from Atlas-designed cohort and analysis definitions for submission to regulatory authority.,major,False,resolved,False,False,Atlas에서 R 코드를 추출하는 방법... 건강보험심사평가원에서 요구하는 R 코드 추출 방법을 찾지 못한,high,resolved,False
f24126,forums,Researchers,Inquire about methods for extracting analyses defined in Atlas as R code,,2025-08-12 07:48:41.232000+00:00,2025-08-14 19:09:55.683000+00:00,u_d967e53ce0,1,False,2,1,2,1,2025-08-14 19:09:55.683000+00:00,160,0,,open,,,https://forums.ohdsi.org/t/inquire-about-methods-for-extracting-analyses-defined-in-atlas-as-r-code/24126,59.354014166666666,2025Q3,162,question,"cohort_definition,infrastructure_deployment","Atlas,R",Lack of method to extract R code packages from Atlas for regulatory submission of analysis definitions.,"Extract R packages from Atlas-defined cohorts, estimation analyses, and incidence rate analyses for health authority submission.",major,True,resolved,False,False,ATLAS doesn't support exporting cohort definitions in R (only SQL or JSON),high,resolved,False
f24127,forums,General,Titian Awards Nominations are Open!,,2025-08-12 14:23:25.740000+00:00,2025-08-12 14:23:25.783000+00:00,u_8f4021bf34,2,False,1,0,1,0,,73,1,,open,,,https://forums.ohdsi.org/t/titian-awards-nominations-are-open/24127,,2025Q3,317,announcement,community_process,,,,none,False,no_reply,False,False,,high,no_reply,True
f24133,forums,Vocabulary Users,"Vocabulary WG meeting Aug 19 [Mapping considerations, rules and assumptions]",,2025-08-13 19:38:19.427000+00:00,2025-09-15 23:13:02.295000+00:00,u_8b1a42a943,2,False,2,1,1,0,,254,1,,open,,,https://forums.ohdsi.org/t/vocabulary-wg-meeting-aug-19-mapping-considerations-rules-and-assumptions/24133,,2025Q3,52,announcement,"vocabulary_mapping,community_process",Vocabulary,,,none,False,no_reply,False,False,,high,no_reply,True
f24143,forums,CDM Builders,Self-reported genetic mutation,,2025-08-15 22:06:27.605000+00:00,2025-08-18 02:46:25.628000+00:00,u_86e4b78633,1,False,3,2,2,1,2025-08-17 11:40:04.289000+00:00,284,0,,open,,,https://forums.ohdsi.org/t/self-reported-genetic-mutation/24143,37.560190000000006,2025Q3,175,question,"etl_cdm_conversion,data_quality",CommonDataModel,Uncertainty about correct CDM table placement for self-reported genetic mutation data that lacks clinical verification.,Map self-reported genetic mutation survey responses into appropriate CDM table with clear quality indicators.,major,True,resolved,False,True,"self-reported, not clinically verified... I don't think a patient claiming they have a mutation feels right in measurement",high,resolved,False
f24149,forums,Implementers,Questions about the expected content of the Metadata table,metadata,2025-08-18 20:02:45.109000+00:00,2025-08-28 21:49:17.651000+00:00,u_2ef076e3a1,0,False,3,2,3,2,2025-08-19 16:05:04.035000+00:00,327,1,,open,,,https://forums.ohdsi.org/t/questions-about-the-expected-content-of-the-metadata-table/24149,20.038590555555558,2025Q3,81,question,"etl_cdm_conversion,governance_privacy",CommonDataModel,"Ambiguous specifications for OMOP Metadata table content and requirements, leaving unclear what documentation is needed.",Determine whether and what content should be populated in CDM Metadata table during ETL implementation.,minor,True,resolved,False,True,"The documentation... is extremely vague. What, if anything, is required to exist. What is suggested?",high,resolved,False
f24151,forums,General,"Weekly OHDSI Digest - August 18, 2025",,2025-08-18 20:50:01.129000+00:00,2025-08-18 20:50:01.170000+00:00,u_8f4021bf34,2,False,1,0,1,0,,82,0,,open,,,https://forums.ohdsi.org/t/weekly-ohdsi-digest-august-18-2025/24151,,2025Q3,953,announcement,community_process,,,,none,False,no_reply,False,False,,high,no_reply,True
f24153,forums,Researchers,Characterizing General Anesthesia Use in Dental Procedures for Patients with Behavioral Conditions: A Preliminary Phenotype,,2025-08-18 23:51:54.466000+00:00,2025-08-18 23:51:54.534000+00:00,u_452971be50,0,False,1,0,1,0,,162,1,,open,,,https://forums.ohdsi.org/t/characterizing-general-anesthesia-use-in-dental-procedures-for-patients-with-behavioral-conditions-a-preliminary-phenotype/24153,,2025Q3,1792,discussion,"characterization,vocabulary_mapping",CommonDataModel,,"Create a phenotype definition to identify patients receiving general anesthesia for dental procedures, particularly those with neurodevelopmental conditions.",none,False,no_reply,False,False,,high,no_reply,True
f24161,forums,Uncategorized,Only a few hotel rooms left for the Global Symposium- Book Now!,,2025-08-19 17:58:35.816000+00:00,2025-08-19 17:58:35.863000+00:00,u_8f4021bf34,2,False,1,0,1,0,,139,0,,open,,,https://forums.ohdsi.org/t/only-a-few-hotel-rooms-left-for-the-global-symposium-book-now/24161,,2025Q3,51,announcement,community_process,,,,none,False,no_reply,False,False,,high,no_reply,True
f24162,forums,Vocabulary Users,IgG4 Related Diseases (IgG4-RD),"atlas,vocabularies",2025-08-19 21:39:58.575000+00:00,2025-08-21 06:59:14.689000+00:00,u_36e4c54f5e,0,False,2,1,2,1,2025-08-21 06:59:14.689000+00:00,363,0,,open,,,https://forums.ohdsi.org/t/igg4-related-diseases-igg4-rd/24162,33.32114277777778,2025Q3,157,question,"cohort_definition,vocabulary_mapping","Atlas,Vocabulary","Limited concept coverage for rare disease IgG4-RD in SNOMED vocabulary, with only single specific phenotype represented.",Build comprehensive cohort definition for multi-systemic IgG4-related disease using available SNOMED concepts.,major,True,resolved,False,False,only code corresponding to this condition is ID# 36716713 SNOMED... does not fully capture all the phenotypes,high,resolved,False
f24172,forums,Vocabulary Users,A mono drug in RxNorm is linked to a combination ATC in concept_ancestor,,2025-08-21 10:13:14.137000+00:00,2025-09-08 12:07:21.017000+00:00,u_278461d6b3,2,True,5,4,3,3,2025-08-22 09:51:09.339000+00:00,322,0,,open,,,https://forums.ohdsi.org/t/a-mono-drug-in-rxnorm-is-linked-to-a-combination-atc-in-concept-ancestor/24172,23.632000555555557,2025Q3,158,question,vocabulary_mapping,Vocabulary,Unexplained RxNorm concept appearing as descendant of combination ATC code when it should only map to monotherapy code.,Understand and resolve apparent inconsistency in ATC-RxNorm concept mapping relationships.,minor,False,resolved,False,True,"RxNorm timolol 5 MG/ML appears as descendant of ATC S01ED51 timolol, combinations; ophthalmic",high,resolved,False
f24174,forums,Developers,CohortMethod 'fun' function error,,2025-08-21 12:26:03.587000+00:00,2025-09-24 13:46:06.442000+00:00,u_42df2f51e9,2,False,9,8,2,4,2025-08-26 06:30:46.651000+00:00,503,0,,open,,,https://forums.ohdsi.org/t/cohortmethod-fun-function-error/24174,114.07862888888889,2025Q3,73,bug,"estimation,infrastructure_deployment","CohortMethod,R,Eunomia","CohortMethod execution fails with error when attempting to aggregate results, blocking completion of estimation analysis.",Execute CohortMethod estimation analysis successfully to produce results.,blocker,False,resolved,False,False,"error calling function 'fun', no rows to aggregate",high,resolved,False
f24179,forums,General,Only a handful of sleeping rooms left for the Global Symposium- Book now!,,2025-08-21 22:13:58.768000+00:00,2025-08-21 22:13:58.806000+00:00,u_8f4021bf34,2,False,1,0,1,0,,62,0,,open,,,https://forums.ohdsi.org/t/only-a-handful-of-sleeping-rooms-left-for-the-global-symposium-book-now/24179,,2025Q3,51,announcement,community_process,,,,none,False,no_reply,False,False,,high,no_reply,True
f24186,forums,Implementers,There's a GPT for that: ATLAS Coach - Concept Sets and Cohorts,,2025-08-22 13:39:10.669000+00:00,2025-08-22 13:39:10.708000+00:00,u_e0136b2158,2,False,1,0,1,0,,230,1,,open,,,https://forums.ohdsi.org/t/theres-a-gpt-for-that-atlas-coach-concept-sets-and-cohorts/24186,,2025Q3,219,announcement,"learning_onboarding,community_process",Atlas,,,none,False,no_reply,False,False,,high,no_reply,True
f24188,forums,Developers,Can Arachne Execution Engine be connected in Atlas + WebAPI?,"cdm,atlas,webapi,hades",2025-08-22 13:53:12.172000+00:00,2025-08-22 13:53:12.270000+00:00,u_8b58a3fe74,0,True,1,0,1,0,,352,0,,open,,,https://forums.ohdsi.org/t/can-arachne-execution-engine-be-connected-in-atlas-webapi/24188,,2025Q3,329,question,"infrastructure_deployment,estimation,prediction_ml","WebAPI,Atlas,Arachne,R,Strategus","Difficulty connecting Arachne Execution Engine with WebAPI and HADES packages, with version mismatches preventing analysis execution.",Configure and connect Arachne Execution Engine with WebAPI for automated HADES-based analysis execution.,major,True,unresolved,False,False,"Training Settings into the analysis JSON, but with the ExecutionEngine + r-hades combination, version does not match",high,no_reply,True
f24191,forums,Researchers,Seeking collaborators for a research study (Ophthalmology),,2025-08-22 16:19:20.233000+00:00,2025-08-28 21:46:16.600000+00:00,u_2de17479ed,1,False,2,1,2,1,2025-08-28 21:46:16.600000+00:00,176,0,,open,,,https://forums.ohdsi.org/t/seeking-collaborators-for-a-research-study-ophthalmology/24191,149.4489908333333,2025Q3,101,discussion,"characterization,network_study_execution",CommonDataModel,,Conduct research study on GLP-1 RA and ophthalmologic diseases by recruiting data partners and statisticians.,none,False,resolved,True,False,,high,resolved,False
f24196,forums,Vocabulary Users,Concept Names of ATC code,,2025-08-23 10:46:19.161000+00:00,2025-09-04 21:09:54.844000+00:00,u_b83b67c84a,2,False,5,4,4,3,2025-08-25 11:05:53.186000+00:00,357,0,,open,,,https://forums.ohdsi.org/t/concept-names-of-atc-code/24196,48.326118055555554,2025Q3,822,question,vocabulary_mapping,"Athena,Vocabulary","Inconsistent and potentially incorrect route information in ATC concept names, with some routes missing and QA procedures unclear.",Understand the methodology and ensure consistency in how routes are represented in ATC concept names.,major,False,resolved,False,True,routes added in the concept names of ATC codes... this may be useful but it then needs to be correct,high,resolved,False
f24204,forums,General,"Weekly OHDSI Digest - August 25, 2025",,2025-08-25 17:13:01.232000+00:00,2025-08-25 17:13:01.279000+00:00,u_8f4021bf34,2,False,1,0,1,0,,76,0,,open,,,https://forums.ohdsi.org/t/weekly-ohdsi-digest-august-25-2025/24204,,2025Q3,952,announcement,community_process,,,,none,False,no_reply,False,False,,high,no_reply,True
f24207,forums,Vocabulary Users,Translation from SNOMED topography codes to OMOP SNOMED concept id,,2025-08-26 10:34:57.931000+00:00,2026-09-15 16:16:51.670000+00:00,u_bf5b652103,0,False,10,9,4,8,2025-08-26 14:59:59.270000+00:00,399,0,,open,,,https://forums.ohdsi.org/t/translation-from-snomed-topography-codes-to-omop-snomed-concept-id/24207,4.417038611111111,2025Q3,50,question,"vocabulary_mapping,etl_cdm_conversion","Vocabulary,CommonDataModel",Difficulty translating SNOMED pathology topography and morphology codes (T and M codes) to OMOP SNOMED concept IDs.,Map SNOMED topography and morphology codes from pathology register to standard OMOP SNOMED concepts.,major,True,resolved,False,True,Do any of you know how to translate these T-codes to the OMOP SNOMED concept id's?,high,resolved,False
f24208,forums,Vocabulary Users,Vocabulathon 2025: Precise mapping,"cdm,vocabularies",2025-08-26 13:24:54.251000+00:00,2025-09-26 13:44:57.862000+00:00,u_f0b6afc0df,2,False,9,8,4,3,2025-08-28 11:14:45.440000+00:00,574,2,,open,,,https://forums.ohdsi.org/t/vocabulathon-2025-precise-mapping/24208,45.83088583333334,2025Q3,164,discussion,"vocabulary_mapping,community_process",Vocabulary,"Non-precise vocabulary mappings create errors in phenotypes and research, affecting data accuracy across organizations.",Collaboratively develop solutions for non-precise vocabulary mapping problems that impact phenotype accuracy.,major,False,unresolved,False,True,non-precise mappings... how it affects your phenotypes and research in general,high,unresolved,True
f24209,forums,General,Using the 'Mapped' function of concept set expressions,,2025-08-26 15:38:05.341000+00:00,2025-09-02 18:25:32.907000+00:00,u_c919d1b15d,2,False,14,13,4,11,2025-08-30 11:49:19.636000+00:00,242,0,,open,,,https://forums.ohdsi.org/t/using-the-mapped-function-of-concept-set-expressions/24209,92.18730416666666,2025Q3,525,discussion,"cohort_definition,community_process","Atlas,WebAPI","Unintuitive behavior of 'Mapped' option in concept sets, where selecting mapped concepts also includes standard concepts unexpectedly.",Clarify and potentially change concept set mapping behavior to align with user expectations and use cases.,major,False,unresolved,False,False,not intuitive that when you asked for mapped concepts you are also getting the standard concepts,high,unresolved,True
f24212,forums,Vocabulary Users,Aug 2025 release is available,,2025-08-27 14:53:28.690000+00:00,2025-08-27 14:53:28.737000+00:00,u_dea3b89267,2,False,1,0,1,0,,235,7,,open,,,https://forums.ohdsi.org/t/aug-2025-release-is-available/24212,,2025Q3,162,announcement,"vocabulary_mapping,community_process","Vocabulary,Athena",,,none,False,no_reply,False,False,,high,no_reply,True
f24215,forums,CDM Builders,Concept ID = 0,,2025-08-28 11:18:22.348000+00:00,2025-11-11 10:10:22.252000+00:00,u_c153d29900,1,False,15,14,4,7,2025-08-28 15:33:49.371000+00:00,647,0,,open,,,https://forums.ohdsi.org/t/concept-id-0/24215,4.257506388888888,2025Q3,194,question,"etl_cdm_conversion,vocabulary_mapping",CommonDataModel,Uncertainty about whether unmapped source data should be assigned concept_id 0 and uncertainty about its value for downstream analysis.,Determine best practice for handling unmapped source data when standard concepts cannot be found.,major,True,resolved,False,True,we can't find any valid drug concepts... Do we still copy them across to OMOP and set the Concept ID to 0?,high,resolved,False
f24218,forums,General,5 Rooms left in the OHDSI room block for the Global Symposium- You should book your room now!,,2025-08-28 15:34:18.172000+00:00,2025-08-28 15:34:18.216000+00:00,u_8f4021bf34,2,False,1,0,1,0,,58,0,,open,,,https://forums.ohdsi.org/t/5-rooms-left-in-the-ohdsi-room-block-for-the-global-symposium-you-should-book-your-room-now/24218,,2025Q3,49,announcement,community_process,,,,none,False,no_reply,False,False,,high,no_reply,True
f24219,forums,General,5 Weeks to the Global Symposium- Register now!,,2025-08-28 15:40:40.873000+00:00,2025-08-28 15:40:40.909000+00:00,u_8f4021bf34,2,False,1,0,1,0,,69,0,,open,,,https://forums.ohdsi.org/t/5-weeks-to-the-global-symposium-register-now/24219,,2025Q3,25,announcement,community_process,,,,none,False,no_reply,False,False,,high,no_reply,True
f24220,forums,General,Job Posting - Yale School of Medicine,,2025-08-28 15:44:02.254000+00:00,2025-08-28 15:44:02.307000+00:00,u_899e49305b,2,False,1,0,1,0,,161,0,,open,,,https://forums.ohdsi.org/t/job-posting-yale-school-of-medicine/24220,,2025Q3,407,job_or_event,,CommonDataModel,,,none,False,no_reply,False,False,,high,no_reply,True
f24221,forums,General,Titan Nominations Deadline Sept. 9th- nominate today!,,2025-08-28 15:44:24.957000+00:00,2025-08-28 15:44:25.009000+00:00,u_8f4021bf34,2,False,1,0,1,0,,61,0,,open,,,https://forums.ohdsi.org/t/titan-nominations-deadline-sept-9th-nominate-today/24221,,2025Q3,92,announcement,community_process,,,,none,False,no_reply,False,False,,high,no_reply,True
f24228,forums,General,Why is phenotyping difficult in OHDSI? Blame the concept set expression and vocabulary,"cdm,atlas,vocabularies,phenotyping,knowledge-graph",2025-08-30 13:21:17.180000+00:00,2025-09-19 16:01:13.654000+00:00,u_e13632bec5,4,True,12,11,6,5,2025-09-18 00:04:09.443000+00:00,737,1,,open,,,https://forums.ohdsi.org/t/why-is-phenotyping-difficult-in-ohdsi-blame-the-concept-set-expression-and-vocabulary/24228,442.7145175,2025Q3,887,discussion,"cohort_definition,vocabulary_mapping,community_process","Atlas,CommonDataModel,Vocabulary",Phenotyping is difficult because concept set expressions lack support for lateral ontological relationships beyond hierarchy and limited mapping.,Improve OHDSI tools to support richer concept relationships for more intuitive and comprehensive phenotype definitions.,major,False,unresolved,False,False,complex concept set expressions... CIRCE Concept Set Expression does not support the concept_relationship,high,unresolved,True
f24229,forums,General,Global Symposium Hotel Sleeping Rooms Now Sold out,,2025-08-30 17:08:24.264000+00:00,2025-08-30 17:08:24.306000+00:00,u_8f4021bf34,2,False,1,0,1,0,,80,0,,open,,,https://forums.ohdsi.org/t/global-symposium-hotel-sleeping-rooms-now-sold-out/24229,,2025Q3,43,announcement,community_process,,,,none,False,no_reply,False,False,,high,no_reply,True
f24234,forums,General,Finding the Exact Event(s) That Made Someone Eligible for a Cohort,,2025-09-01 16:40:02.439000+00:00,2025-09-08 17:10:17.711000+00:00,u_5ec1d7e320,2,False,5,4,2,1,2025-09-03 22:48:20.662000+00:00,242,2,,open,,,https://forums.ohdsi.org/t/finding-the-exact-event-s-that-made-someone-eligible-for-a-cohort/24234,54.138395277777775,2025Q3,329,question,"cohort_definition,characterization","Atlas,CohortDiagnostics,CommonDataModel","Difficulty determining which specific recorded events qualified patients for cohort entry, producing false positives during audit.",Identify exact events and conditions that made individual patients eligible for a specific cohort definition.,major,True,resolved,False,False,trying to determine the exact events recorded... that made someone eligible for a particular cohort,high,resolved,False
f24236,forums,General,Documented national OMOP/OHDSI cases?,,2025-09-02 07:26:25.694000+00:00,2025-09-02 07:26:25.742000+00:00,u_5a5ee36172,1,False,1,0,1,0,,197,1,,open,,,https://forums.ohdsi.org/t/documented-national-omop-ohdsi-cases/24236,,2025Q3,186,discussion,"community_process,results_sharing_dissemination",CommonDataModel,,Gather and learn from documented national implementations of OMOP to guide Sweden's adoption strategy.,none,False,no_reply,False,False,,high,no_reply,True
f24238,forums,Vocabulary Users,CPT4 Processing Issue August 2025 version,,2025-09-02 09:35:14.810000+00:00,2025-09-02 10:14:09.603000+00:00,u_f005b26f5a,1,False,4,3,2,2,2025-09-02 10:04:40.354000+00:00,135,0,,open,,,https://forums.ohdsi.org/t/cpt4-processing-issue-august-2025-version/24238,0.4904288888888889,2025Q3,261,bug,vocabulary_mapping,Vocabulary,CPT4 vocabulary processing crashes at end of concept updates due to null pointer exception in resource loading.,Process and update CPT4 vocabulary concepts successfully.,blocker,False,resolved,False,True,CPT processing crashes at the end... Cannot read or process resource: cpt4,high,resolved,False
f24241,forums,CDM Builders,CDM mapping Sites of current disease,,2025-09-02 13:23:22.272000+00:00,2025-10-14 11:31:00.741000+00:00,u_9229631a95,1,False,6,5,2,3,2025-09-02 15:08:46.596000+00:00,323,0,,open,,,https://forums.ohdsi.org/t/cdm-mapping-sites-of-current-disease/24241,1.7567566666666665,2025Q3,106,question,"etl_cdm_conversion,vocabulary_mapping",CommonDataModel,Uncertainty about CDM table mapping for oncology cancer disease status and anatomical sites of disease.,Map oncology database cancer disease status and disease site information into appropriate OMOP CDM tables and concepts.,major,True,resolved,False,True,columns I am struggling to map... Current disease status and Sites of current disease... unsure how to map these in CDM,high,resolved,False
f24245,forums,Implementers,"OMOP, Corewell Health, and a Request",,2025-09-02 17:30:20.855000+00:00,2025-09-04 22:48:23.609000+00:00,u_5afcb4d0a7,1,False,3,2,3,2,2025-09-02 21:46:29.532000+00:00,385,2,,open,,,https://forums.ohdsi.org/t/omop-corewell-health-and-a-request/24245,4.2690769444444445,2025Q3,143,discussion,"etl_cdm_conversion,results_sharing_dissemination",CommonDataModel,,Gather community feedback on usage and adoption of published OMOP ETL code base.,none,False,resolved,False,True,,high,resolved,False
f24246,forums,General,Titan Awards Nominations Deadline One Week Away - Nominate Now!,,2025-09-02 18:16:16.515000+00:00,2025-09-02 18:16:16.555000+00:00,u_8f4021bf34,2,False,1,0,1,0,,53,0,,open,,,https://forums.ohdsi.org/t/titan-awards-nominations-deadline-one-week-away-nominate-now/24246,,2025Q3,92,announcement,community_process,,,,none,False,no_reply,False,False,,high,no_reply,True
f24250,forums,CDM Builders,The Observation vs. Condition Mapping Dilemma: Where do clinical findings belong?,,2025-09-03 03:03:29.276000+00:00,2025-09-04 15:53:51.953000+00:00,u_0b37787d13,1,False,5,4,3,3,2025-09-03 07:12:17.633000+00:00,442,1,,open,,,https://forums.ohdsi.org/t/the-observation-vs-condition-mapping-dilemma-where-do-clinical-findings-belong/24250,4.146765833333333,2025Q3,153,question,"etl_cdm_conversion,vocabulary_mapping",CommonDataModel,Unclear guidance on distinguishing between Observation and Condition tables for provider-observed clinical findings and procedure-discovered abnormalities.,Establish clear guidelines for appropriate CDM table placement of clinical findings discovered during examination or procedures.,major,False,unresolved,False,True,uncertainty about whether provider-observed clinical finding or procedure-discovered abnormality should be recorded in OBSERVATION versus CONDITION_OCCURRENCE,high,unresolved,True
f24252,forums,Researchers,How to share PLP results without including patient level data?,patientprediction,2025-09-03 13:45:01.367000+00:00,2025-09-03 15:32:44.504000+00:00,u_1ae4b0838d,1,True,2,1,2,1,2025-09-03 15:32:44.504000+00:00,119,0,,open,,,https://forums.ohdsi.org/t/how-to-share-plp-results-without-including-patient-level-data/24252,1.7953158333333332,2025Q3,98,question,"prediction_ml,results_sharing_dissemination,governance_privacy",PatientLevelPrediction,Sharing PLP model results with external collaborators while preventing access to patient-level data tables.,Share prediction results in a Shiny app with external collaborators while keeping patient-level data private.,major,True,resolved,True,False,"I want to share the prediction results with external collaborators, I'm not allowed to share patient level tables",high,resolved,False
f24261,forums,General,Psychiatry WG Agenda for 2025 Global Symposium,,2025-09-04 02:48:15.456000+00:00,2025-09-04 13:09:59.305000+00:00,u_40cff4e6f3,1,False,2,1,2,1,2025-09-04 13:09:59.305000+00:00,139,0,,open,,,https://forums.ohdsi.org/t/psychiatry-wg-agenda-for-2025-global-symposium/24261,10.362180277777778,2025Q3,30,job_or_event,community_process,,,,none,False,unclear,False,False,,high,unclear,False
f24263,forums,Vocabulary Users,Athena Update Alert: concept_ancestor table correction,vocabularies,2025-09-04 12:00:36.814000+00:00,2025-10-03 14:56:49.918000+00:00,u_2b4748d33c,2,False,7,6,6,5,2025-09-04 12:48:17.192000+00:00,561,2,,open,,,https://forums.ohdsi.org/t/athena-update-alert-concept-ancestor-table-correction/24263,0.7945494444444445,2025Q3,151,announcement,"vocabulary_mapping,data_quality","Athena,Vocabulary",An error during vocabulary data migration caused loss of records for ATC concepts in the concept_ancestor table.,,major,False,resolved,False,True,An error happened during data migration resulting in loss of records for a portion of ATC concepts,high,resolved,False
f24277,forums,Developers,Llm-assisted omop concept mapping,"cdm,vocabularies,webapi",2025-09-05 16:46:03.545000+00:00,2025-09-19 13:55:21.729000+00:00,u_8a5de990bc,0,False,2,1,2,1,2025-09-19 13:55:21.729000+00:00,684,2,,open,,,https://forums.ohdsi.org/t/llm-assisted-omop-concept-mapping/24277,333.1550511111111,2025Q3,41,announcement,vocabulary_mapping,other,,,none,False,unclear,False,True,,high,unclear,False
f24295,forums,Researchers,Data set at Karolinska Institutet in Sweden interested in participating in studies on elderly patients,,2025-09-08 08:50:07.917000+00:00,2025-09-08 08:50:07.960000+00:00,u_5a5ee36172,1,False,1,0,1,0,,165,0,,open,,,https://forums.ohdsi.org/t/data-set-at-karolinska-institutet-in-sweden-interested-in-participating-in-studies-on-elderly-patients/24295,,2025Q3,92,job_or_event,"community_process,network_study_execution",,,Connect Swedish data partners interested in participating in federated studies on elderly populations.,none,False,unclear,True,False,,high,no_reply,True
f24300,forums,General,"Titan Awards Nominations- Deadline Tomorrow, Sept. 9th",,2025-09-08 13:45:36.900000+00:00,2025-09-08 13:45:36.943000+00:00,u_8f4021bf34,2,False,1,0,1,0,,60,0,,open,,,https://forums.ohdsi.org/t/titan-awards-nominations-deadline-tomorrow-sept-9th/24300,,2025Q3,92,job_or_event,community_process,,,,none,False,unclear,False,False,,high,no_reply,True
f24301,forums,Implementers,Laboratory measurement - duplicates from different measurement samples,,2025-09-08 14:12:56.486000+00:00,2025-09-22 10:51:49.039000+00:00,u_1d1301d280,1,False,6,5,3,4,2025-09-08 15:17:11.470000+00:00,362,0,,open,,,https://forums.ohdsi.org/t/laboratory-measurement-duplicates-from-different-measurement-samples/24301,1.0708288888888888,2025Q3,123,question,"data_quality,etl_cdm_conversion",CommonDataModel,Laboratory measurements from different samples taken at the same time with identical results create duplicate rows in the measurement table.,Handle duplicate laboratory measurements from different sample locations appropriately in the OMOP measurement table.,major,True,resolved,False,True,Patients with laboratory measurements taken on same moment with same results from different sample create duplicates,high,resolved,False
f24304,forums,General,"Weekly OHDSI Digest - September 8, 2025",,2025-09-08 18:32:40.990000+00:00,2025-09-08 18:32:41.033000+00:00,u_8f4021bf34,2,False,1,0,1,0,,69,0,,open,,,https://forums.ohdsi.org/t/weekly-ohdsi-digest-september-8-2025/24304,,2025Q3,964,announcement,community_process,,,,none,False,unclear,False,False,,high,no_reply,True
f24305,forums,General,Exhibit at the OHDSI Global Symposium!,,2025-09-09 13:00:16.375000+00:00,2025-09-09 13:00:16.426000+00:00,u_8f4021bf34,2,False,1,0,1,0,,52,0,,open,,,https://forums.ohdsi.org/t/exhibit-at-the-ohdsi-global-symposium/24305,,2025Q3,38,job_or_event,community_process,,,,none,False,unclear,False,False,,high,no_reply,True
f24306,forums,General,"Upcoming Webinar: Delivery, Not Hype: How to Harmonise FHIR × openEHR × OMOP in practice","cdm,vocabularies",2025-09-09 15:00:13.364000+00:00,2025-09-09 15:00:13.415000+00:00,u_9b1b02090e,2,False,1,0,1,0,,360,1,,open,,,https://forums.ohdsi.org/t/upcoming-webinar-delivery-not-hype-how-to-harmonise-fhir-x-openehr-x-omop-in-practice/24306,,2025Q3,425,job_or_event,"community_process,learning_onboarding",,,,none,False,unclear,False,True,,high,no_reply,True
f24308,forums,General,[2025 OHDSI APAC Symposium] Collaborator Showcase submissions due Sep 21!,,2025-09-10 04:48:35.682000+00:00,2025-09-10 04:48:35.732000+00:00,u_3e98e34fc1,2,False,1,0,1,0,,74,0,,open,,,https://forums.ohdsi.org/t/2025-ohdsi-apac-symposium-collaborator-showcase-submissions-due-sep-21/24308,,2025Q3,109,job_or_event,community_process,,,,none,False,unclear,False,False,,high,no_reply,True
f24316,forums,Vocabulary Users,ICD-10 code Y06 (Neglect and abandonment) Non-standard to Standard map (OMOP) question,vocabularies,2025-09-10 14:11:32.818000+00:00,2025-09-11 08:44:29.244000+00:00,u_24d44e2968,1,False,2,1,2,1,2025-09-11 08:44:29.244000+00:00,325,0,,open,,,https://forums.ohdsi.org/t/icd-10-code-y06-neglect-and-abandonment-non-standard-to-standard-map-omop-question/24316,18.549007222222222,2025Q3,47,bug,vocabulary_mapping,"Athena,Vocabulary",ICD-10 code Y06 and all subcodes are mapped to the same concept instead of having individual distinct mappings.,Verify and correct the Non-standard to Standard mapping for ICD-10 Y06 codes and subcodes.,minor,False,resolved,False,True,Subcodes Y06.0 to Y06.9 are all linked to 1447946 Neglect. Please check if there are issues.,high,resolved,False
f24320,forums,General,Tutorial: Synthetic OMOP Data Generation Using CEHR-GPT,,2025-09-10 16:46:09.457000+00:00,2025-09-10 16:46:09.508000+00:00,u_6d6b9a8fee,2,False,1,0,1,0,,314,1,,open,,,https://forums.ohdsi.org/t/tutorial-synthetic-omop-data-generation-using-cehr-gpt/24320,,2025Q3,122,announcement,learning_onboarding,"Python,other",,,none,False,unclear,False,False,,high,no_reply,True
f24328,forums,Developers,dsOMOP: A Federated Analysis Project,patientprediction,2025-09-12 13:16:26.936000+00:00,2025-09-12 13:18:57.435000+00:00,u_ae6f26a13a,0,True,2,1,1,0,,423,2,,open,,,https://forums.ohdsi.org/t/dsomop-a-federated-analysis-project/24328,,2025Q3,189,announcement,"network_study_execution,infrastructure_deployment","other,SQL",,Enable secure federated analysis and meta-analysis across OMOP CDM databases using DataSHIELD integration.,none,False,unclear,True,False,,high,no_reply,True
f24330,forums,General,Evidence Network Symposium 2025 Session,,2025-09-13 14:33:57.603000+00:00,2025-09-13 14:33:57.663000+00:00,u_6590a1d640,2,False,1,0,1,0,,74,2,,open,,,https://forums.ohdsi.org/t/evidence-network-symposium-2025-session/24330,,2025Q3,170,job_or_event,"community_process,network_study_execution",,,,none,False,unclear,True,False,,high,no_reply,True
f24334,forums,Vocabulary Users,Vocabulathon 2025: What’s Next for Oncology Vocabularies?,"cdm,vocabularies",2025-09-15 02:09:32.225000+00:00,2026-05-28 11:15:51.962000+00:00,u_bb8ad4efa0,2,False,3,2,3,2,2026-05-28 09:36:44.428000+00:00,449,2,,open,,,https://forums.ohdsi.org/t/vocabulathon-2025-what-s-next-for-oncology-vocabularies/24334,6127.453389722223,2025Q3,234,discussion,"vocabulary_mapping,community_process","Athena,Vocabulary","Oncology vocabularies have incomplete coverage for ICDO4 updates, HemOnc integration, genomic data, and radiotherapy procedures.",Prioritize and plan vocabulary development needs for oncology use cases at Vocabulathon.,major,True,partially,False,True,"ICDO4 is on horizon, HemOnc evolving needs better integration, OMOP Genomic needs refresh",high,partially,True
f24337,forums,General,OHDSI Symposium - Women of OHDSI (WoO) Workgroup - 9th October,workinggroup,2025-09-16 02:49:02.151000+00:00,2025-09-16 02:49:02.203000+00:00,u_09dfb93564,2,False,1,0,1,0,,116,0,,open,,,https://forums.ohdsi.org/t/ohdsi-symposium-women-of-ohdsi-woo-workgroup-9th-october/24337,,2025Q3,232,job_or_event,community_process,,,,none,False,unclear,False,False,,high,no_reply,True
f24338,forums,Researchers,Pre- and Post-Exposure Incidence Rates of Safety Outcomes,,2025-09-16 09:37:35.095000+00:00,2025-09-16 09:37:35.139000+00:00,u_3c365a3d4c,1,False,1,0,1,0,,112,0,,open,,,https://forums.ohdsi.org/t/pre-and-post-exposure-incidence-rates-of-safety-outcomes/24338,,2025Q3,94,question,estimation,,Unclear whether to compare incidence rates against a background rate or examine rates before and after medication exposure.,Determine the appropriate statistical method to assess significance of observed incidence rates in post-marketing surveillance studies.,major,False,no_reply,False,False,Unsure whether to compare findings against background rate or examine rates before and after exposure,medium,no_reply,True
f24345,forums,Uncategorized,ATLAS Estimation: “specification :: negative control - invalid” error when adding negative controls,,2025-09-17 13:37:06.478000+00:00,2025-09-17 13:37:06.548000+00:00,u_7c2e8aafab,0,True,1,0,1,0,,191,0,,open,,,https://forums.ohdsi.org/t/atlas-estimation-specification-negative-control-invalid-error-when-adding-negative-controls/24345,,2025Q3,147,bug,estimation,"Atlas,WebAPI",ATLAS shows 'specification :: negative control - invalid' error when adding negative controls to Estimation studies.,Resolve negative control specification error and provide UI to specify negative control outcomes in ATLAS Estimation.,blocker,False,unresolved,False,False,Adding negative control option gives 'specification :: negative control - invalid' error,high,no_reply,True
f24349,forums,General,Mind Meets Machines - OHDSI Symposium 2025 - Phenotype Development and Evaluation Work Group,"phenotyping,conceptsets,ai",2025-09-17 23:16:37.890000+00:00,2025-10-24 12:14:46.621000+00:00,u_e13632bec5,4,False,40,39,14,19,2025-09-17 23:52:13.796000+00:00,1917,12,,open,,,https://forums.ohdsi.org/t/mind-meets-machines-ohdsi-symposium-2025-phenotype-development-and-evaluation-work-group/24349,0.5933072222222222,2025Q3,727,job_or_event,"cohort_definition,community_process",Atlas,,,none,False,unclear,False,False,,high,unclear,False
f24353,forums,Implementers,Unable to save conceptsets after 2.15 update,,2025-09-18 14:20:27.305000+00:00,2025-09-19 17:29:29.232000+00:00,u_0b77fa3857,2,True,3,2,2,2,2025-09-19 17:15:49.578000+00:00,288,0,,open,,,https://forums.ohdsi.org/t/unable-to-save-conceptsets-after-2-15-update/24353,26.922853611111112,2025Q3,133,bug,governance_privacy,"Atlas,WebAPI","After ATLAS/WebAPI 2.15 update, regular users cannot save concept sets and receive generic error without logs.",Restore ability for regular users to save concept sets after ATLAS/WebAPI 2.15 upgrade.,blocker,False,partially,False,False,After 2.15 update users get 'error occurred while attempting to save' but no Java errors in logs,high,partially,True
f24358,forums,Uncategorized,Search for existing phenotypes in ATLAS?,atlas,2025-09-19 06:48:04.031000+00:00,2025-09-19 06:48:04.099000+00:00,u_596a9b49b3,0,False,1,0,1,0,,227,0,,open,,,https://forums.ohdsi.org/t/search-for-existing-phenotypes-in-atlas/24358,,2025Q3,46,question,"cohort_definition,learning_onboarding",Atlas,Documentation for finding and reusing existing phenotypes in ATLAS appears outdated for the current version.,Find and reuse or modify existing phenotypes in ATLAS rather than building new cohorts from scratch.,minor,False,no_reply,False,False,ATLAS documentation for finding contributed phenotypes appears to be for earlier version,medium,no_reply,True
f24360,forums,General,2 weeks to go for the 2025 Global Symposium! Register now!,,2025-09-19 15:19:52.924000+00:00,2025-09-19 15:19:52.965000+00:00,u_8f4021bf34,2,False,1,0,1,0,,76,0,,open,,,https://forums.ohdsi.org/t/2-weeks-to-go-for-the-2025-global-symposium-register-now/24360,,2025Q3,0,,,,,,,,,,,,,no_reply,True
f24371,forums,General,"Weekly OHDSI Digest - September 22, 2025",,2025-09-22 20:18:18.306000+00:00,2025-09-22 20:18:18.354000+00:00,u_8f4021bf34,2,False,1,0,1,0,,113,0,,open,,,https://forums.ohdsi.org/t/weekly-ohdsi-digest-september-22-2025/24371,,2025Q3,1411,announcement,"learning_onboarding,community_process",,,,none,False,unclear,False,False,,high,no_reply,True
f24376,forums,Vocabulary Users,Propose to add concepts for digital therapeutics,,2025-09-23 18:57:37.083000+00:00,2025-09-27 20:41:05.077000+00:00,u_7574c9a4c2,0,False,8,7,6,6,2025-09-24 15:36:23.191000+00:00,536,3,,open,,,https://forums.ohdsi.org/t/propose-to-add-concepts-for-digital-therapeutics/24376,20.64614111111111,2025Q3,46,feature_request,vocabulary_mapping,"Athena,Vocabulary","Digital therapeutics (reSET, reSET-O, Rejoyn) are prescribed as therapies but lack standard vocabulary concepts.",Add vocabulary concepts for FDA-approved digital therapeutics to OMOP standard vocabulary.,minor,True,partially,False,True,Digital therapeutics prescribed like drugs but are not traditional drugs as they are apps,high,partially,True
f24385,forums,Uncategorized,GIS WG Agenda for 2025 Global Symposium,,2025-09-24 16:02:30.589000+00:00,2025-09-24 16:02:30.643000+00:00,u_40cff4e6f3,1,False,1,0,1,0,,234,1,,open,,,https://forums.ohdsi.org/t/gis-wg-agenda-for-2025-global-symposium/24385,,2025Q3,35,job_or_event,community_process,GIS,,,none,False,unclear,False,False,,high,no_reply,True
f24389,forums,Vocabulary Users,Proposal: Add UCUM unit “ea”,"cdm,vocabularies",2025-09-25 01:52:21.644000+00:00,2025-09-26 11:20:06.596000+00:00,u_59ff37a09f,1,True,4,3,2,2,2025-09-25 04:15:09.768000+00:00,554,1,,open,,,https://forums.ohdsi.org/t/proposal-add-ucum-unit-ea/24389,2.3800344444444446,2025Q3,143,feature_request,vocabulary_mapping,"Vocabulary,Athena",The UCUM unit 'ea' (each) is missing from OMOP standard vocabulary despite being widely used for counting individual items.,Add UCUM unit 'ea' to OMOP standard vocabulary to properly represent counts of individual items.,minor,False,resolved,False,True,'Each' is widely used internationally to indicate individual items but lacks OMOP standard concept,high,resolved,False
f24391,forums,Uncategorized,How how to include HLA test into the CDM,,2025-09-25 06:38:21.650000+00:00,2025-09-25 06:38:21.700000+00:00,u_278461d6b3,2,False,1,0,1,0,,170,0,,open,,,https://forums.ohdsi.org/t/how-how-to-include-hla-test-into-the-cdm/24391,,2025Q3,157,question,"data_quality,etl_cdm_conversion,vocabulary_mapping","Atlas,Vocabulary","Unclear how to represent HLA test data with gene, allele, and protein information in the OMOP CDM.",Structure HLA (Human leukocyte antigen) test information from genetic data as OMOP measurements or observations.,major,False,no_reply,False,True,"HLA info from genetic data - unclear if should use Measurements, Observations, or Genomic vocabularies",medium,no_reply,True
f24394,forums,General,Proposal for a New Workgroup: openEHR and OMOP Workgroup,workinggroup,2025-09-25 21:51:11.229000+00:00,2026-03-31 12:23:53.643000+00:00,u_99f00d369b,1,False,19,18,8,10,2025-09-27 19:56:25.962000+00:00,1325,17,,open,,,https://forums.ohdsi.org/t/proposal-for-a-new-workgroup-openehr-and-omop-workgroup/24394,46.087425833333334,2025Q3,513,discussion,"community_process,vocabulary_mapping",other,Bridging openEHR (clinical data modeling) and OMOP (secondary use analytics) lacks systematic connection and guidance.,Establish a workgroup to develop frameworks and tools for seamless data transformation between openEHR and OMOP.,minor,True,partially,True,True,Need for systematic and precise connection between openEHR and OMOP is more pressing than ever,high,partially,True
f24406,forums,Implementers,Condition_occurrence source_value: Epic site implementations,,2025-09-29 14:18:54.124000+00:00,2025-10-01 21:15:43.871000+00:00,u_238dbe1436,2,False,5,4,3,2,2025-09-30 12:57:46.503000+00:00,283,1,,open,,,https://forums.ohdsi.org/t/condition-occurrence-source-value-epic-site-implementations/24406,22.647883055555557,2025Q3,121,discussion,"etl_cdm_conversion,data_quality","CommonDataModel,SQL Server,DatabaseConnector",Uncertainty about best practice for representing condition source values using native codes versus standard ICD codes.,Determine best practice for populating condition_source_value field in Epic-based ETL implementations.,minor,True,resolved,False,True,,high,resolved,False
f24409,forums,General,"Weekly OHDSI Digest - September 29, 2025",,2025-09-29 18:35:33.513000+00:00,2025-09-29 18:35:33.555000+00:00,u_8f4021bf34,2,False,1,0,1,0,,79,0,,open,,,https://forums.ohdsi.org/t/weekly-ohdsi-digest-september-29-2025/24409,,2025Q3,1460,announcement,community_process,,,,none,False,unclear,False,False,,high,no_reply,True
f24414,forums,Vocabulary Users,NUVA SNOMED extension for vaccine mapping,,2025-09-30 10:16:50.965000+00:00,2025-10-13 21:08:48.536000+00:00,u_dfaa9f1a7c,1,False,3,2,3,2,2025-10-01 09:23:34.456000+00:00,275,0,,open,,,https://forums.ohdsi.org/t/nuva-snomed-extension-for-vaccine-mapping/24414,23.11208083333333,2025Q3,49,feature_request,"vocabulary_mapping,etl_cdm_conversion","Athena,Vocabulary",Local vaccine codes do not map well to standard OMOP concepts; NUVA SNOMED extension offers better coverage.,Integrate NUVA SNOMED extension for vaccines into OMOP vocabulary.,minor,False,unresolved,False,True,Struggling with the mapping of local vaccine codes to standard ones,high,unresolved,True
f24430,forums,Implementers,Non-standard drug type concepts,,2025-10-02 10:01:17.923000+00:00,2025-10-08 14:08:46.506000+00:00,u_d4a5b9d184,1,False,3,2,2,1,2025-10-02 14:16:07.936000+00:00,320,1,,open,,,https://forums.ohdsi.org/t/non-standard-drug-type-concepts/24430,4.247225833333333,2025Q4,223,question,etl_cdm_conversion,"CommonDataModel,Athena",Standard drug type concepts don't accurately represent the distinction between administered drugs and prescriptions.,Determine whether to use standard but less-accurate drug type concepts or implement non-standard concepts that better represent reality.,major,True,resolved,False,True,Standard type concepts not fully representative for distinguishing administered drugs from prescriptions,high,resolved,False
f24433,forums,Vocabulary Users,Downloading vocab v20240229 via Athena gives another vocabulary version,,2025-10-02 14:40:17.026000+00:00,2025-10-03 14:35:44.108000+00:00,u_12112e974b,1,False,9,8,3,5,2025-10-02 15:57:13.384000+00:00,410,0,,open,,,https://forums.ohdsi.org/t/downloading-vocab-v20240229-via-athena-gives-another-vocabulary-version/24433,1.2823216666666668,2025Q4,91,bug,"vocabulary_mapping,data_quality","Athena,Vocabulary","Downloading historical vocabulary versions from Athena returns incorrect or more recent versions, preventing reproducibility.",Restore ability to download specific historical vocabulary versions from Athena for reproducibility and version compatibility checking.,major,False,unresolved,False,True,Downloading vocab v20240229 gives more recent version; important for evaluating compatibility,high,unresolved,True
f24445,forums,Developers,"ARTEMIS getConDF() fails on PostgreSQL with ""syntax error at or near numeri""",,2025-10-03 13:01:53.178000+00:00,2025-10-06 08:32:29.116000+00:00,u_d7e2ca91d8,1,True,3,2,2,1,2025-10-03 15:47:35.409000+00:00,239,0,,open,,,https://forums.ohdsi.org/t/artemis-getcondf-fails-on-postgresql-with-syntax-error-at-or-near-numeri/24445,2.7617308333333335,2025Q4,102,bug,characterization,"ARTEMIS,Postgres,R,CohortGenerator",ARTEMIS getConDF() fails on PostgreSQL with 'syntax error at or near numeri' after generateCohortSet() succeeds.,Fix PostgreSQL compatibility issue in ARTEMIS getConDF() function for cohort characterization.,blocker,False,partially,False,False,ARTEMIS getConDF() fails on PostgreSQL with 'syntax error at or near numeri',high,partially,True
f24474,forums,Vocabulary Users,Should clinical laboratory test codes be mapped to Observable Entity or Procedure?,vocabularies,2025-10-06 12:57:28.644000+00:00,2025-10-07 07:42:34.279000+00:00,u_f6996d1734,1,False,3,2,2,1,2025-10-07 06:11:47.305000+00:00,461,3,,open,,,https://forums.ohdsi.org/t/should-clinical-laboratory-test-codes-be-mapped-to-observable-entity-or-procedure/24474,17.238516944444445,2025Q4,85,question,"vocabulary_mapping,etl_cdm_conversion","Vocabulary,Athena",Unclear whether lab test codes should be mapped to Procedure class or to Observable Entity/Measurement domain.,Determine correct OMOP domain (Procedure vs Measurement) for mapping clinical laboratory test codes.,minor,True,resolved,False,True,Lab tests often mapped to Procedure but unclear if should use Observable Entity when results defined,high,resolved,False
f24497,forums,Vocabulary Users,Will ICDO3 codes be updated?,,2025-10-09 13:02:56.619000+00:00,2025-10-13 20:50:58.616000+00:00,u_ce29f0fce8,1,False,3,2,3,2,2025-10-11 02:04:27.082000+00:00,306,0,,open,,,https://forums.ohdsi.org/t/will-icdo3-codes-be-updated/24497,37.02512861111111,2025Q4,67,feature_request,vocabulary_mapping,"Athena,Vocabulary",ICDO3 vocabulary last updated June 2020 is missing newer histology codes like HPV-associated adenocarcinoma.,Update ICDO3 vocabulary codes in OMOP to include newer histology codes available on cancer.gov.,minor,False,partially,False,True,ICDO3 last updated 29-Jun-2020 but newer version available; missing HPV-associated histology codes,high,partially,True
f24504,forums,Developers,"ARTEMIS processAlignments() returns ""missing values are not allowed in subscripted assignments of data frames""",,2025-10-10 07:34:25.164000+00:00,2025-10-10 07:34:25.219000+00:00,u_d7e2ca91d8,1,True,1,0,1,0,,234,0,,open,,,https://forums.ohdsi.org/t/artemis-processalignments-returns-missing-values-are-not-allowed-in-subscripted-assignments-of-data-frames/24504,,2025Q4,38,bug,characterization,"ARTEMIS,R",ARTEMIS processAlignments() returns error about missing values not being allowed in data frame subscripted assignments.,Debug and resolve ARTEMIS processAlignments() error during post-processing of breast cancer cohort analysis.,blocker,False,no_reply,False,False,processAlignments() returns 'missing values not allowed in subscripted assignments',high,no_reply,True
f24512,forums,Developers,Building a JuliaHealth-specific Genie.jl Dashboard,,2025-10-12 15:35:23.801000+00:00,2025-10-12 15:35:23.850000+00:00,u_f0f32a45c2,0,False,1,0,1,0,,251,0,,open,,,https://forums.ohdsi.org/t/building-a-juliahealth-specific-genie-jl-dashboard/24512,,2025Q4,187,announcement,"infrastructure_deployment,learning_onboarding","other,CommonDataModel",,"Build unified JuliaHealth dashboard using Genie.jl for OMOP CDM data management, cohort creation, and analysis.",none,False,unclear,False,False,,high,no_reply,True
f24520,forums,General,"OHDSI Weekly Digest - October 13, 2025",,2025-10-13 15:52:01.886000+00:00,2025-10-13 15:52:01.929000+00:00,u_8f4021bf34,2,False,1,0,1,0,,96,0,,open,,,https://forums.ohdsi.org/t/ohdsi-weekly-digest-october-13-2025/24520,,2025Q4,1007,announcement,"community_process,learning_onboarding",,,,none,False,unclear,False,False,,high,no_reply,True
f24532,forums,CDM Builders,Clarification on Ambiguity Between PROCEDURE_OCCURRENCE and MEASUREMENT Domains During ETL and NLP-based Entity Extraction,,2025-10-16 12:31:34.700000+00:00,2025-10-16 14:51:55.652000+00:00,u_0b37787d13,1,False,3,2,3,2,2025-10-16 13:12:43.756000+00:00,234,0,,open,,,https://forums.ohdsi.org/t/clarification-on-ambiguity-between-procedure-occurrence-and-measurement-domains-during-etl-and-nlp-based-entity-extraction/24532,0.685848888888889,2025Q4,189,question,"etl_cdm_conversion,data_quality","CommonDataModel,R,Python",Ambiguity between PROCEDURE_OCCURRENCE and MEASUREMENT domains when NLP text mentions tests without results.,Clarify OMOP convention for representing procedure-like tests with or without measurable results in NLP-driven ETL.,major,True,partially,False,True,Ambiguity between PROCEDURE and MEASUREMENT when text mentions test without result,high,partially,True
f24551,forums,Implementers,"Atlas/WebAPI: Limit user access to Person Profile, avoid global *:person:*:get","atlas,webapi",2025-10-20 14:00:38.172000+00:00,2025-10-21 09:19:40.064000+00:00,u_d359403c2a,1,False,3,2,2,1,2025-10-20 19:54:37.931000+00:00,358,0,,open,,,https://forums.ohdsi.org/t/atlas-webapi-limit-user-access-to-person-profile-avoid-global-get/24551,5.899933055555555,2025Q4,172,bug,governance_privacy,"Atlas,WebAPI",Cannot restrict person profile access to specific data sources without granting global access permission.,Implement source-level access control for person profile viewing in Atlas without requiring global permissions.,major,False,unresolved,False,False,Cannot limit person profile access to source1/source2 without granting global *:person:*:get permission,high,unresolved,True
f24557,forums,Implementers,TempDB full error when populating Achilles tables,,2025-10-20 19:17:58.869000+00:00,2025-10-20 19:17:58.912000+00:00,u_3c5cfaefe3,0,True,1,0,1,0,,215,0,,open,,,https://forums.ohdsi.org/t/tempdb-full-error-when-populating-achilles-tables/24557,,2025Q4,187,bug,"data_quality,infrastructure_deployment","Achilles,SQL Server,Broadsea",Athena concept_hierarchy SQL operations fill TempDB and fail during CDM configuration with WebAPI.,Resolve TempDB capacity issue and optimize Achilles concept_hierarchy setup for SQL Server CDM systems.,blocker,False,unresolved,False,False,SQL file for Achilles setup fills 60GB TempDB and fails on MEASUREMENT/OBSERVATION operations,high,no_reply,True
f24558,forums,General,"Weekly OHDSI Digest - October 20, 2025",,2025-10-20 20:04:54.391000+00:00,2025-10-20 20:04:54.450000+00:00,u_8f4021bf34,2,False,1,0,1,0,,78,0,,open,,,https://forums.ohdsi.org/t/weekly-ohdsi-digest-october-20-2025/24558,,2025Q4,1017,announcement,community_process,,,,none,False,unclear,False,False,,high,no_reply,True
f24563,forums,Researchers,LOINC to SNOMED mapping using new framework,,2025-10-21 09:57:41.815000+00:00,2025-10-22 09:33:13.575000+00:00,u_e63b0cde3d,0,False,2,1,2,1,2025-10-22 09:33:13.575000+00:00,135,1,,open,,,https://forums.ohdsi.org/t/loinc-to-snomed-mapping-using-new-framework/24563,23.592155555555554,2025Q4,93,question,vocabulary_mapping,"Vocabulary,Athena","Unclear how to use LOINC-SNOMED mapping framework and what tables, columns, and keys are needed for mapping.",Map LOINC codes to SNOMED codes using OHDSI vocabulary mapping framework.,minor,True,partially,False,True,Unclear what tables/columns to use for LOINC-SNOMED mapping or if SNOMED license required,medium,partially,True
f24566,forums,CDM Builders,Visit vocabulathon updates and next steps,"cdm,vocabularies,themis",2025-10-22 16:36:46.560000+00:00,2025-10-22 16:36:46.642000+00:00,u_4f6d298bed,3,True,1,0,1,0,,428,0,,open,,,https://forums.ohdsi.org/t/visit-vocabulathon-updates-and-next-steps/24566,,2025Q4,253,discussion,"vocabulary_mapping,community_process","Athena,Vocabulary",Visit domain has ambiguities in telehealth definitions and gaps in available visit type concepts.,Clean up and enhance the Visit domain vocabulary based on identified use cases and implementation gaps.,minor,False,partially,False,True,Need for further disambiguation of Outpatient Telehealth visits,high,no_reply,True
f24567,forums,CDM Builders,Episodes using Drug Regimen/Cycles Data Possible?,,2025-10-22 16:52:01.817000+00:00,2026-03-19 19:46:36.714000+00:00,u_c153d29900,1,False,2,1,2,1,2026-03-19 19:46:36.714000+00:00,260,0,,open,,,https://forums.ohdsi.org/t/episodes-using-drug-regimen-cycles-data-possible/24567,3554.909693611111,2025Q4,234,question,"etl_cdm_conversion,data_quality","CommonDataModel,Atlas",Unclear how to represent episodes of drug therapy with regimen and cycle data in OMOP CDM.,Extract episodes from oncology drug therapy data including regimen cycles and administration timing.,major,False,partially,False,True,confused on how to use the Episodes data for Oncology Drug Therapy data,high,partially,True
f24571,forums,Vocabulary Users,"How to handle mapping for ""non-standard"" parent but ""standard"" child concept_id?",,2025-10-23 10:44:39.817000+00:00,2025-10-27 08:14:52.874000+00:00,u_d69a75c875,1,False,6,5,4,3,2025-10-23 12:15:00.696000+00:00,475,1,,open,,,https://forums.ohdsi.org/t/how-to-handle-mapping-for-non-standard-parent-but-standard-child-concept-id/24571,1.5057997222222221,2025Q4,65,question,vocabulary_mapping,"Athena,CommonDataModel",Unsure how to represent ICDO3 behavior codes where child concepts are standard but parent is non-standard in the Observation table.,Map ICDO3 behavior codes with standard child concepts but non-standard parent to OMOP CDM.,major,False,resolved,False,True,parent (914042) is non-standard. How can I represent this in the Observation table,high,resolved,False
f24578,forums,General,"Weekly OHDSI Digest - October 27, 2025",,2025-10-27 18:43:06.719000+00:00,2025-10-27 18:43:06.766000+00:00,u_8f4021bf34,2,False,1,0,1,0,,170,0,,open,,,https://forums.ohdsi.org/t/weekly-ohdsi-digest-october-27-2025/24578,,2025Q4,1040,announcement,community_process,,,,none,False,no_reply,False,False,,high,no_reply,True
f24584,forums,Uncategorized,Basis of cancer diagnosis (Observation or Condition)?,vocabularies,2025-10-30 03:42:31.796000+00:00,2025-11-17 18:19:38.310000+00:00,u_d69a75c875,1,False,10,9,3,6,2025-10-31 18:43:12.948000+00:00,510,0,,open,,,https://forums.ohdsi.org/t/basis-of-cancer-diagnosis-observation-or-condition/24584,39.011431111111115,2025Q4,68,question,vocabulary_mapping,"Athena,CommonDataModel",A concept semantically representing an observational property was miscategorized in Condition domain instead of Observation.,Understand the rationale for and potentially correct the domain classification of basis of cancer diagnosis concept.,minor,False,unresolved,False,True,Basis of cancer diagnosis is under domain Condition. I think it should be Observation,high,unresolved,True
f24591,forums,Developers,TAB Update: Concept Set Specification Draft Updated,,2025-10-31 15:31:29.981000+00:00,2025-10-31 15:31:30.020000+00:00,u_7978f7920b,4,True,1,0,1,0,,249,1,,open,,,https://forums.ohdsi.org/t/tab-update-concept-set-specification-draft-updated/24591,,2025Q4,346,announcement,"community_process,vocabulary_mapping","Atlas,WebAPI,Capr",,,none,False,no_reply,False,False,,high,no_reply,True
f24594,forums,General,"Weekly OHDSI Digest - November 3, 2025",,2025-11-03 18:28:14.260000+00:00,2025-11-03 18:28:14.313000+00:00,u_8f4021bf34,2,False,1,0,1,0,,170,0,,open,,,https://forums.ohdsi.org/t/weekly-ohdsi-digest-november-3-2025/24594,,2025Q4,1190,announcement,community_process,,,,none,False,no_reply,False,False,,high,no_reply,True
f24596,forums,General,How to Create a Cohort using Webapi in Python to OHDSI Broadsea?,,2025-11-03 20:10:35.631000+00:00,2025-11-04 19:48:19.618000+00:00,u_74f5b0d371,2,True,4,3,2,2,2025-11-04 03:49:11.516000+00:00,284,2,,open,,,https://forums.ohdsi.org/t/how-to-create-a-cohort-using-webapi-in-python-to-ohdsi-broadsea/24596,7.643301388888888,2025Q4,110,question,infrastructure_deployment,"WebAPI,Broadsea,Atlas,Python",Authentication with WebAPI via Python fails with 401 error despite successful login with 200 response.,Create a cohort programmatically using Python to connect to a local OHDSI Broadsea instance.,major,True,partially,False,False,"returns 200 for the login, and 401 for the cohort creating",high,partially,True
f24598,forums,Implementers,"Basic security Wepapi/Atlas problem, user can login but has no permissions",,2025-11-04 11:20:52.677000+00:00,2025-11-05 17:19:25.518000+00:00,u_b18e0722ca,2,False,4,3,2,2,2025-11-04 19:50:25.614000+00:00,369,0,,open,,,https://forums.ohdsi.org/t/basic-security-wepapi-atlas-problem-user-can-login-but-has-no-permissions/24598,8.492482500000001,2025Q4,80,bug,"infrastructure_deployment,governance_privacy","WebAPI,Atlas",User authenticated successfully but cannot perform any actions because they lack permissions despite being assigned roles.,Configure basic security in WebAPI to properly grant users operational permissions after authentication.,blocker,False,unresolved,False,False,user can login but has no permissions. every option shows not having permissions,medium,unresolved,True
f24599,forums,General,Maven repository is down,,2025-11-04 13:20:21.365000+00:00,2026-04-01 09:08:09.943000+00:00,u_82e9153200,0,False,8,7,3,6,2025-11-04 14:02:00.168000+00:00,331,1,,open,,,https://forums.ohdsi.org/t/maven-repository-is-down/24599,0.6941119444444445,2025Q4,37,bug,infrastructure_deployment,"Atlas,Maven","The OHDSI maven repository (Nexus service) is down, blocking Atlas development work.",Restore access to the OHDSI maven repository for building OHDSI tools.,blocker,False,resolved,False,False,OHDSI maven repository is down,high,resolved,False
f24605,forums,General,Tidy R programming book,,2025-11-05 12:40:20.052000+00:00,2025-11-05 12:40:20.112000+00:00,u_2e1ac8d74a,2,False,1,0,1,0,,228,2,,open,,,https://forums.ohdsi.org/t/tidy-r-programming-book/24605,,2025Q4,61,announcement,learning_onboarding,R,,,none,False,no_reply,False,False,,high,no_reply,True
f24636,forums,General,"Weekly OHDSI Digest - November 10, 2025",,2025-11-10 19:47:51.585000+00:00,2025-11-10 19:47:51.635000+00:00,u_8f4021bf34,2,False,1,0,1,0,,206,0,,open,,,https://forums.ohdsi.org/t/weekly-ohdsi-digest-november-10-2025/24636,,2025Q4,1041,announcement,community_process,,,,none,False,no_reply,False,False,,high,no_reply,True
f24650,forums,Vocabulary Users,OMOP Genomic v3: Call for community input,,2025-11-12 12:18:48.206000+00:00,2026-01-27 21:18:39.399000+00:00,u_bb8ad4efa0,2,False,5,4,4,3,2025-11-12 14:46:32.156000+00:00,662,4,,open,,,https://forums.ohdsi.org/t/omop-genomic-v3-call-for-community-input/24650,2.4622083333333333,2025Q4,241,discussion,"vocabulary_mapping,community_process","CommonDataModel,Athena,Vocabulary","Gaps and missing elements in OMOP Genomic limit representation of genomic variation, clone-specific information, and clinical genomic testing.",Gather community feedback to guide updates to OMOP Genomic v3 to better support genomic data in cancer research.,major,False,unresolved,True,True,Gaps or missing elements in the current OMOP Genomic concepts,high,unresolved,True
f24653,forums,General,"OMOP Vocabulary and diagnoses, laterality, ICD, SNOMED",,2025-11-12 22:20:30.758000+00:00,2026-05-19 18:18:31.372000+00:00,u_9c94568ef1,2,False,8,7,3,2,2025-11-24 08:10:21.972000+00:00,601,0,,open,,,https://forums.ohdsi.org/t/omop-vocabulary-and-diagnoses-laterality-icd-snomed/24653,273.83089277777776,2025Q4,475,discussion,vocabulary_mapping,"Athena,Vocabulary,SNOMED","Standard terminologies lack laterality-specific terms for diseases, causing mappings from source data with laterality to lose information.",Solve mapping challenges when source data specifies laterality but target concepts lack separate laterality variants.,major,True,partially,False,True,source terminology has left and right terms but mapped to single concept without laterality,high,partially,True
f24658,forums,General,Invitation to Join the new openEHR & OMOP Workgroup,workinggroup,2025-11-13 14:46:56.585000+00:00,2026-05-26 16:43:30.861000+00:00,u_99f00d369b,1,False,2,1,2,1,2026-05-26 16:43:30.861000+00:00,253,0,,open,,,https://forums.ohdsi.org/t/invitation-to-join-the-new-openehr-omop-workgroup/24658,4657.9428544444445,2025Q4,83,announcement,community_process,,,,none,False,no_reply,False,False,,high,no_reply,True
f24660,forums,Vocabulary Users,Hearing Test in Observation or Measurement Domain?,vocabularies,2025-11-13 21:33:00.273000+00:00,2025-11-25 15:36:27.947000+00:00,u_79fe907c87,1,False,6,5,5,5,2025-11-16 17:46:16.999000+00:00,442,0,,open,,,https://forums.ohdsi.org/t/hearing-test-in-observation-or-measurement-domain/24660,68.22131277777778,2025Q4,332,question,"vocabulary_mapping,etl_cdm_conversion","Athena,Vocabulary,SNOMED,LOINC",Unsure whether hearing test thresholds belong in Observation or Measurement domain and missing vocabulary for many hearing test frequencies.,Map hearing test data from Epic to OMOP using correct domain and handle missing frequencies.,major,False,unresolved,False,True,thresholds mapped to observation or measurement? Multiple thresholds not found in SNOMED or LOINC,high,unresolved,True
f24669,forums,CDM Builders,Guidance Needed on Modeling Geographic and Environmental Variables using the GIS Workgroup,cdm,2025-11-17 14:11:12.417000+00:00,2025-12-16 07:29:27.792000+00:00,u_311106ee60,1,True,2,1,2,1,2025-12-16 07:29:27.792000+00:00,382,0,,open,,,https://forums.ohdsi.org/t/guidance-needed-on-modeling-geographic-and-environmental-variables-using-the-gis-workgroup/24669,689.3042708333334,2025Q4,409,question,"etl_cdm_conversion,data_quality","CommonDataModel,GIS",Unclear how to model geographic/environmental variables avoiding duplication when identical exposure measured from different geographic bases.,Map geographic and environmental attributes to OMOP external_exposure table while preserving geographic context.,major,False,partially,True,True,"environmental measures represent the same phenomenon, even from different geographic classification systems",medium,partially,True
f24671,forums,Implementers,Achilles query performance,,2025-11-17 18:38:14.938000+00:00,2025-11-17 18:38:14.986000+00:00,u_ae7ae539ac,0,False,1,0,1,0,,241,0,,open,,,https://forums.ohdsi.org/t/achilles-query-performance/24671,,2025Q4,150,bug,"data_quality,infrastructure_deployment","Achilles,SQL Server,R",Achilles metrics #515 and #2002 extremely slow and timeout at 20+ hours for large tables despite hardware upgrades and optimization.,Get Achilles to complete data quality assessment on large databases without timing out.,blocker,False,unresolved,False,False,stuck at metric #515 and #2002. queries long running and do not complete,high,no_reply,True
f24674,forums,Vocabulary Users,CPT4 Jar,,2025-11-17 22:53:04.939000+00:00,2025-11-18 13:47:16.263000+00:00,u_32c858e2d0,1,False,3,2,2,1,2025-11-17 23:12:24.037000+00:00,301,0,,open,,,https://forums.ohdsi.org/t/cpt4-jar/24674,0.32197166666666666,2025Q4,39,bug,vocabulary_mapping,"Usagi,Java",Running the CPT4 jar file to add descriptions for Usagi results in a java memory error.,Generate CPT4 descriptions for use in Usagi.,minor,True,resolved,False,True,running the cpt4 jar file to add the description for Usagi and getting java memory error,high,resolved,False
f24675,forums,General,"Weekly OHDSI Digest - November 17, 2025",,2025-11-17 23:29:42.996000+00:00,2025-11-17 23:29:43.040000+00:00,u_8f4021bf34,2,False,1,0,1,0,,193,0,,open,,,https://forums.ohdsi.org/t/weekly-ohdsi-digest-november-17-2025/24675,,2025Q4,800,announcement,community_process,,,,none,False,no_reply,False,False,,high,no_reply,True
f24681,forums,General,Call for Collaboration: Pediatric Cancer and OMOP Research Workgroup,,2025-11-18 13:32:07.316000+00:00,2025-11-27 20:04:41.570000+00:00,u_7e21df487e,0,False,4,3,4,3,2025-11-18 16:04:47.672000+00:00,295,0,,open,,,https://forums.ohdsi.org/t/call-for-collaboration-pediatric-cancer-and-omop-research-workgroup/24681,2.5445433333333334,2025Q4,206,announcement,"community_process,estimation",CommonDataModel,,,none,False,no_reply,True,False,,high,no_reply,True
f24687,forums,Implementers,Running White Rabbit on SQL Server with Azure Active Directory Only Authentication,,2025-11-19 16:00:23.707000+00:00,2025-12-03 14:13:40.718000+00:00,u_1176bd0bb6,1,False,4,3,2,2,2025-11-27 15:49:13.943000+00:00,480,1,,open,,,https://forums.ohdsi.org/t/running-white-rabbit-on-sql-server-with-azure-active-directory-only-authentication/24687,191.81395444444445,2025Q4,107,question,"etl_cdm_conversion,infrastructure_deployment","White Rabbit,SQL Server,Azure",White Rabbit cannot authenticate to SQL Server on Azure because it does not support Entra ID (Azure Active Directory only) authentication.,Enable White Rabbit to connect to OMOP data hosted on Azure SQL Server with Entra ID authentication.,blocker,True,resolved,False,True,White Rabbit cannot connect. Azure Active Directory only authentication is enabled,high,resolved,False
f24688,forums,General,Job Opportunity: Developer analyst (Fully remote),,2025-11-19 16:33:53.654000+00:00,2025-11-19 16:33:53.697000+00:00,u_98ef8a8f81,1,False,1,0,1,0,,308,0,,open,,,https://forums.ohdsi.org/t/job-opportunity-developer-analyst-fully-remote/24688,,2025Q4,178,job_or_event,,,,,none,False,no_reply,False,False,,high,no_reply,True
f24693,forums,Implementers,Running cdmInspection-1.2.4 on OMOP v5.3,,2025-11-20 08:29:27.293000+00:00,2025-11-25 16:40:03.996000+00:00,u_ec01cada80,1,True,2,1,2,1,2025-11-25 16:40:03.996000+00:00,243,0,,open,,,https://forums.ohdsi.org/t/running-cdminspection-1-2-4-on-omop-v5-3/24693,128.17686194444443,2025Q4,51,bug,data_quality,"cdmInspection,R",cdmInspection crashes when querying CDM_SOURCE table with replacement error despite valid date in CDM_RELEASE_DATE field.,Run cdmInspection to validate an OMOP v5.3 CDM instance.,blocker,False,unclear,False,False,replacement has 0 rows. this field contains a valid date,high,unclear,False
f24694,forums,Researchers,Looking for OMOP-based rare disease datasets for research,phenotyping,2025-11-20 08:48:05.497000+00:00,2025-11-22 23:21:10.664000+00:00,u_d3d1016c11,1,False,2,1,2,1,2025-11-22 23:21:10.664000+00:00,224,0,,open,,,https://forums.ohdsi.org/t/looking-for-omop-based-rare-disease-datasets-for-research/24694,62.55143527777778,2025Q4,142,question,"characterization,learning_onboarding","CommonDataModel,Vocabulary","Limited availability of OMOP CDM datasets with rich rare disease phenotypes, HPO data, or clinical narrative text for validation.",Find or access existing OMOP CDM databases with rare disease cohorts to validate diagnostic delay algorithms.,minor,False,partially,True,False,Looking for OMOP-based rare disease datasets enriched with rare disease cohorts,medium,partially,True
f24711,forums,General,"Weekly OHDSI Digest - November 24, 2025",,2025-11-24 20:57:08.009000+00:00,2025-11-24 20:57:08.056000+00:00,u_8f4021bf34,2,False,1,0,1,0,,180,0,,open,,,https://forums.ohdsi.org/t/weekly-ohdsi-digest-november-24-2025/24711,,2025Q4,932,announcement,community_process,,,,none,False,no_reply,False,False,,high,no_reply,True
f24712,forums,Vocabulary Users,Discharged_to_concept_id,,2025-11-25 21:39:18.239000+00:00,2025-12-16 15:55:36.693000+00:00,u_6b2c0a22c8,1,False,4,3,4,3,2025-11-25 22:09:12.295000+00:00,449,0,,open,,,https://forums.ohdsi.org/t/discharged-to-concept-id/24712,0.4983488888888889,2025Q4,160,question,"etl_cdm_conversion,data_quality","CommonDataModel,Vocabulary",Unclear how to differentiate between no discharge information and discharge to home when the standard home concept no longer exists.,Map discharge destination data to visit_occurrence including distinguishing home from missing information.,minor,False,unresolved,False,True,differentiate between Home and No information rather than treating both as 0,high,unresolved,True
f24724,forums,General,"Weekly OHDSI Digest - December 1, 2025",,2025-12-01 17:59:04.706000+00:00,2025-12-01 17:59:04.757000+00:00,u_8f4021bf34,2,False,1,0,1,0,,235,0,,open,,,https://forums.ohdsi.org/t/weekly-ohdsi-digest-december-1-2025/24724,,2025Q4,1074,announcement,community_process,,,,none,False,no_reply,False,False,,high,no_reply,True
f24725,forums,Developers,Modify OMOP DDL: Will It Affect OHDSI Tools?,,2025-12-03 06:42:45.830000+00:00,2025-12-04 00:35:42.843000+00:00,u_4e7a8bb02f,0,False,3,2,2,1,2025-12-03 07:09:28.845000+00:00,315,0,,open,,,https://forums.ohdsi.org/t/modify-omop-ddl-will-it-affect-ohdsi-tools/24725,0.44528194444444447,2025Q4,130,question,etl_cdm_conversion,"CommonDataModel,PostgreSQL,HADES,DatabaseConnector",Uncertain whether modifying OMOP DDL with IDENTITY fields and ON DELETE CASCADE will break compatibility with OHDSI tools.,Customize OMOP DDL to use database-managed ID generation while maintaining HADES tool compatibility.,major,False,partially,False,False,modifications should not affect it since it does not modify the CDM,high,partially,True
f24727,forums,Vocabulary Users,Issue in ICD10 to SNOMED mapping (C90),,2025-12-03 13:59:23.478000+00:00,2025-12-05 13:55:18.502000+00:00,u_d7e2ca91d8,1,False,10,9,3,5,2025-12-03 15:49:59.782000+00:00,450,0,,open,,,https://forums.ohdsi.org/t/issue-in-icd10-to-snomed-mapping-c90/24727,1.8434177777777778,2025Q4,48,question,vocabulary_mapping,"Athena,Vocabulary,SNOMED","Both ICD10 parent code (C90) and child code (C90.0) map to the same SNOMED concept, which is unusual.",Understand and potentially improve the ICD10 to SNOMED mapping for cancer codes lacking sufficient specificity.,minor,False,unresolved,False,True,C90 and subcode C90.0 map to the same SNOMED standard concept,high,unresolved,True
f24728,forums,Vocabulary Users,Duplicate concepts?,,2025-12-04 15:49:27.516000+00:00,2025-12-14 19:12:41.215000+00:00,u_238dbe1436,2,False,4,3,3,2,2025-12-04 21:44:00.260000+00:00,361,2,,open,,,https://forums.ohdsi.org/t/duplicate-concepts/24728,5.909095555555555,2025Q4,12,question,vocabulary_mapping,"Athena,Vocabulary,CommonDataModel",Unsure whether certain concepts are duplicates.,,minor,False,unresolved,False,True,Wondering if these are duplicates,low,unresolved,True
f24734,forums,Implementers,NOTE_NLP guidance,,2025-12-05 21:26:10.504000+00:00,2025-12-12 20:23:08.218000+00:00,u_238dbe1436,2,False,6,5,3,3,2025-12-08 03:56:25.038000+00:00,413,0,,open,,,https://forums.ohdsi.org/t/note-nlp-guidance/24734,54.50403722222222,2025Q4,74,question,"characterization,data_quality","CommonDataModel,Vocabulary",Unclear which type concept to use for patient-reported data from notes and whether to link NOTE_NLP records to clinical table records.,Establish best practices for encoding patient-reported data from clinical notes into OMOP tables.,minor,False,unresolved,False,False,extracting patient-reported data from notes. what type concept id to use in clinical tables,medium,unresolved,True
f24738,forums,General,"Weekly OHDSI Digest - December 8, 2025",,2025-12-08 18:50:18.720000+00:00,2025-12-08 18:50:18.772000+00:00,u_8f4021bf34,2,False,1,0,1,0,,224,0,,open,,,https://forums.ohdsi.org/t/weekly-ohdsi-digest-december-8-2025/24738,,2025Q4,944,announcement,community_process,,,,none,False,no_reply,False,False,,high,no_reply,True
f24739,forums,Implementers,Modeling samples derived from specimens,cdm,2025-12-08 21:47:36.194000+00:00,2025-12-12 20:40:29.035000+00:00,u_986a6e0605,1,False,3,2,3,2,2025-12-08 22:30:33.399000+00:00,461,0,,open,,,https://forums.ohdsi.org/t/modeling-samples-derived-from-specimens/24739,0.7158902777777778,2025Q4,159,question,etl_cdm_conversion,"CommonDataModel,Genomic-CDM","Unclear how to model nucleic acid samples derived from specimens in cancer genomics data, as OMOP lacks direct sample-level entities.",Map cancer genomics data with specimen-to-sample hierarchy to OMOP CDM.,major,False,partially,False,True,sample is the physical object sent to sequencing centre linking results back to person,medium,partially,True
f24740,forums,CDM Builders,"If there is data that starts from the discharge date, should it be recorded in the Visit Occurrence?",cdm,2025-12-09 02:51:15.220000+00:00,2025-12-19 03:54:24.493000+00:00,u_f6996d1734,1,False,4,3,3,2,2025-12-15 18:28:06.359000+00:00,455,2,,open,,,https://forums.ohdsi.org/t/if-there-is-data-that-starts-from-the-discharge-date-should-it-be-recorded-in-the-visit-occurrence/24740,159.61420527777776,2025Q4,108,question,"etl_cdm_conversion,data_quality",CommonDataModel,Data lacking admission dates but containing discharge dates creates a dilemma for populating visit_occurrence records.,Handle incomplete visit data where admission date is missing but discharge date is known.,major,True,resolved,False,False,data starts with a discharge date without an admission date,high,resolved,False
f24741,forums,General,Do you have or work with EHR data? Do you know IMO,,2025-12-09 03:25:46.584000+00:00,2025-12-09 03:25:46.636000+00:00,u_4f6d298bed,3,False,1,0,1,0,,269,0,,open,,,https://forums.ohdsi.org/t/do-you-have-or-work-with-ehr-data-do-you-know-imo/24741,,2025Q4,73,announcement,"vocabulary_mapping,learning_onboarding",,,,none,False,no_reply,False,True,,high,no_reply,True
f24746,forums,General,Temporary OMOP Postdoc Position in Austria,"cdm,atlas",2025-12-10 03:02:14.591000+00:00,2025-12-10 03:02:14.693000+00:00,u_10e5c933f8,0,False,1,0,1,0,,394,2,,open,,,https://forums.ohdsi.org/t/temporary-omop-postdoc-position-in-austria/24746,,2025Q4,95,job_or_event,,,,,none,False,no_reply,False,False,,high,no_reply,True
f24760,forums,General,Dec. 16 Community Call: Holiday Farewell to 2025,,2025-12-15 20:48:53.282000+00:00,2025-12-15 20:48:53.325000+00:00,u_ded4baaf3b,2,False,1,0,1,0,,306,0,,open,,,https://forums.ohdsi.org/t/dec-16-community-call-holiday-farewell-to-2025/24760,,2025Q4,149,announcement,community_process,,,,none,False,no_reply,False,False,,high,no_reply,True
f24761,forums,General,"Weekly OHDSI Digest - December 15, 2025",,2025-12-16 01:39:13.905000+00:00,2025-12-16 01:39:13.964000+00:00,u_8f4021bf34,2,False,1,0,1,0,,316,0,,open,,,https://forums.ohdsi.org/t/weekly-ohdsi-digest-december-15-2025/24761,,2025Q4,1008,announcement,community_process,,,,none,False,no_reply,False,False,,high,no_reply,True
f24762,forums,Vocabulary Users,Review of proposed changes for February Vocabularies release and community contributions,,2025-12-16 03:22:17.528000+00:00,2026-01-06 23:00:48.591000+00:00,u_8b1a42a943,2,False,3,2,1,0,,436,1,,open,,,https://forums.ohdsi.org/t/review-of-proposed-changes-for-february-vocabularies-release-and-community-contributions/24762,,2025Q4,143,announcement,"vocabulary_mapping,community_process","Athena,Vocabulary",,,none,False,no_reply,False,True,,high,no_reply,True
f24769,forums,Vocabulary Users,In search for the optimal drug classification vocabulary / share your use cases of drug classification usage,,2025-12-16 17:10:05.793000+00:00,2025-12-16 17:10:05.836000+00:00,u_f0b6afc0df,2,False,1,0,1,0,,374,1,,open,,,https://forums.ohdsi.org/t/in-search-for-the-optimal-drug-classification-vocabulary-share-your-use-cases-of-drug-classification-usage/24769,,2025Q4,345,discussion,"vocabulary_mapping,community_process","ATC,Vocabulary,DrugBank,SNOMED","ATC classification is problematic with ambiguous terms, duplicates, monoaxial structure, and ingredient-level misalignment for features and phenotyping.",Improve or replace ATC with better drug classification supporting feature engineering and phenotyping.,major,True,unresolved,False,True,ATC far from perfect with terms like Other aminoglycosides when you cannot know what other means,high,no_reply,True
f24777,forums,Researchers,Sharing executable phenotype definitions beyond OHDSI network？,phenotyping,2025-12-17 17:13:08.208000+00:00,2025-12-17 17:13:08.270000+00:00,u_79c9030a99,1,True,1,0,1,0,,331,0,,open,,,https://forums.ohdsi.org/t/sharing-executable-phenotype-definitions-beyond-ohdsi-network/24777,,2025Q4,339,discussion,"cohort_definition,community_process","Atlas,CohortDiagnostics,Python",Published phenotype definitions lack implementation detail and are hard to reproduce; sharing across non-OHDSI organizations is difficult.,"Create and share standardized, portable, human-readable phenotype definitions across organizations.",major,True,unresolved,True,False,actual implementation buried in 200 lines of SQL with implicit assumptions,medium,no_reply,True
f24778,forums,General,Request for Accessibility Attestation,,2025-12-17 22:34:59.841000+00:00,2026-01-08 10:51:34.002000+00:00,u_0b77fa3857,2,False,2,1,2,1,2026-01-08 10:51:34.002000+00:00,374,0,,open,,,https://forums.ohdsi.org/t/request-for-accessibility-attestation/24778,516.2761558333334,2025Q4,181,question,community_process,,OHDSI tools may not be compliant with upcoming WCAG 2.1 AA federal accessibility requirements.,Determine if OHDSI tools meet or plan to meet WCAG 2.1 AA accessibility standards.,minor,False,unclear,False,False,"New federal rules requiring compliance with WCAG 2.1 AA go into effect April 24, 2026",high,unclear,False
f24783,forums,Researchers,Linking Visit domain to Cost table,cdm,2025-12-24 01:17:43.909000+00:00,2026-01-09 09:33:16.305000+00:00,u_69128defac,1,True,3,2,3,2,2025-12-26 11:10:17.777000+00:00,389,0,,open,,,https://forums.ohdsi.org/t/linking-visit-domain-to-cost-table/24783,57.87607444444444,2025Q4,164,question,"etl_cdm_conversion,characterization","CommonDataModel,Cost",Unclear whether visit_occurrence or visit_detail should link to cost and what the difference means when both have cost records.,Properly link visit data to cost records for healthcare resource utilization analysis.,minor,False,partially,False,False,cost records exist for both visit_occurrence and visit_detail tables,medium,partially,True
f24794,forums,Developers,OHDSI Context7,,2025-12-30 05:58:42.796000+00:00,2026-01-08 10:40:16.081000+00:00,u_6919f72b37,1,False,3,2,2,1,2026-01-05 09:41:44.420000+00:00,331,0,,open,,,https://forums.ohdsi.org/t/ohdsi-context7/24794,147.71711777777776,2025Q4,87,discussion,"learning_onboarding,community_process","Context7,GitHub",Limited OHDSI documentation available in Context7 makes it harder for agentic AI coding tools to generate correct OHDSI code.,Improve AI coding tool performance by making OHDSI documentation available in Context7.,minor,False,unresolved,False,False,not much OHDSI in context7. agentic coding tools harder to understand,medium,unresolved,True
f24802,forums,CDM Builders,Should multiple data sets be generated for analysis for each study?,atlas,2026-01-05 05:49:49.617000+00:00,2026-01-23 01:08:23.937000+00:00,u_f6996d1734,1,False,3,2,2,1,2026-01-14 02:52:14.587000+00:00,379,2,,open,,,https://forums.ohdsi.org/t/should-multiple-data-sets-be-generated-for-analysis-for-each-study/24802,213.04026944444445,2026Q1,84,question,"characterization,network_study_execution",CommonDataModel,Uncertainty about whether analysis datasets should be locked and frozen for each study like in clinical trials.,Establish best practices for analysis dataset management in real-world data studies.,minor,False,resolved,False,False,data is usually locked after cleaning in clinical trials. Is this also common for RWD,high,resolved,False
f24813,forums,Uncategorized,CohortDiagnostics Adding Additional Concept Codes Unexpectedly To Phenotype Definition?,,2026-01-08 15:57:48.709000+00:00,2026-01-09 16:12:15.706000+00:00,u_5ec1d7e320,2,True,3,2,2,1,2026-01-08 19:48:31.855000+00:00,261,2,,open,,,https://forums.ohdsi.org/t/cohortdiagnostics-adding-additional-concept-codes-unexpectedly-to-phenotype-definition/24813,3.8453183333333336,2026Q1,376,question,"cohort_definition,data_quality","CohortDiagnostics,Atlas","CohortDiagnostics displays source concepts in results that are not visible in the Atlas phenotype definition, creating confusion about definition correctness.",Validate that a cohort definition correctly captures intended phenotypes by understanding how CohortDiagnostics displays source vs. standard concepts.,minor,False,resolved,False,True,why are additional concepts being added in CohortDiagnostics results?,high,resolved,False
f24824,forums,CDM Builders,Episode Event,,2026-01-09 21:15:25.574000+00:00,2026-01-13 23:32:36.750000+00:00,u_fa781d66f3,2,False,6,5,3,4,2026-01-10 02:14:19.740000+00:00,398,4,,open,,,https://forums.ohdsi.org/t/episode-event/24824,4.981712777777778,2026Q1,122,feature_request,"etl_cdm_conversion,infrastructure_deployment","Circe,Atlas,FeatureExtraction,CommonDataModel","The episode_event table uses indirect linking through field_concept_id and event_id, making ETL and analysis more complex than direct episode_id linking.",Simplify representation of oncology episodes and linked events in the OMOP CDM for more straightforward ETL and analysis implementation.,major,False,unresolved,True,True,episode_event table indirectly links events to episodes via field_concept_id,high,unresolved,True
f24825,forums,Implementers,Using OMOP to capture EHR data for both AI and observational research,,2026-01-09 22:29:25.962000+00:00,2026-01-11 18:30:22.156000+00:00,u_40c29173da,1,False,5,4,2,2,2026-01-10 02:51:47.487000+00:00,419,0,,open,,,https://forums.ohdsi.org/t/using-omop-to-capture-ehr-data-for-both-ai-and-observational-research/24825,4.372645833333333,2026Q1,347,discussion,"etl_cdm_conversion,data_quality,prediction_ml","CommonDataModel,Atlas","OMOP's closed-world assumption (only presence counts) conflicts with AI/ML model development which requires negation information, and supporting both uses with a single ETL is challenging.","Design an OMOP implementation that supports both observational research and AI/ML model training, particularly capturing negative findings and uncertain diagnoses.",major,False,unresolved,False,True,for pathology important to know something was looked for but not found,high,unresolved,True
f24833,forums,General,"Weekly OHDSI Digest - January 12, 2026",,2026-01-12 19:29:53.005000+00:00,2026-01-12 19:29:53.058000+00:00,u_8f4021bf34,2,False,1,0,1,0,,196,0,,open,,,https://forums.ohdsi.org/t/weekly-ohdsi-digest-january-12-2026/24833,,2026Q1,1362,announcement,community_process,,,,none,False,unclear,False,False,,high,no_reply,True
f24836,forums,Researchers,OHDSI Network Study Announcement - Infection and Autoimmune Disease,networkstudy,2026-01-13 12:27:32.247000+00:00,2026-01-13 12:27:32.301000+00:00,u_5b9cd5ac34,1,False,1,0,1,0,,276,0,,open,,,https://forums.ohdsi.org/t/ohdsi-network-study-announcement-infection-and-autoimmune-disease/24836,,2026Q1,344,job_or_event,"network_study_execution,estimation","Atlas,HADES,CommonDataModel",,,none,False,unclear,True,False,,high,no_reply,True
f24848,forums,CDM Builders,Resources on SQL Query Standards for OMOP Compliance,cdm,2026-01-16 12:30:42.554000+00:00,2026-03-03 22:11:11.988000+00:00,u_683d23eabd,1,False,9,8,3,5,2026-02-12 04:51:19.252000+00:00,391,0,,open,,,https://forums.ohdsi.org/t/resources-on-sql-query-standards-for-omop-compliance/24848,640.3435272222222,2026Q1,148,question,infrastructure_deployment,SQL,"No formal documentation exists defining OMOP SQL compliance standards, making it difficult to build automated validators for LLM-generated queries.",Establish and formalize OMOP SQL best practices and compliance rules to enable automated validation and improve LLM-generated query quality.,major,True,partially,False,False,OMOP does not specify database flavor or version,high,partially,True
f24851,forums,General,MS Teams/Email issues,,2026-01-16 17:42:52.833000+00:00,2026-02-09 13:23:56.115000+00:00,u_ded4baaf3b,2,False,6,5,5,4,2026-02-01 20:24:37.242000+00:00,455,6,,open,,,https://forums.ohdsi.org/t/ms-teams-email-issues/24851,386.6956691666667,2026Q1,61,announcement,community_process,,,,none,False,unclear,False,False,,high,unclear,False
f24860,forums,Implementers,Dealing with multiple person source values for patients,,2026-01-19 13:59:45.101000+00:00,2026-01-20 22:16:08.491000+00:00,u_1176bd0bb6,1,False,3,2,2,1,2026-01-20 13:36:08.866000+00:00,221,1,,open,,,https://forums.ohdsi.org/t/dealing-with-multiple-person-source-values-for-patients/24860,23.60660138888889,2026Q1,213,question,etl_cdm_conversion,CommonDataModel,"When source patient identifiers change over time, it is unclear how to represent this in OMOP while preserving traceability to original records.",Handle source identifier changes in an OMOP implementation while maintaining data integrity and ability to retrieve original records.,minor,False,resolved,False,True,patient's NHS number might change several times,high,resolved,False
f24861,forums,Developers,Connection Timeout accessing repo.ohdsi.org from GitHub Actions,,2026-01-19 14:12:58.939000+00:00,2026-01-19 21:39:43.214000+00:00,u_fc7db55443,0,True,2,1,2,1,2026-01-19 21:39:43.214000+00:00,171,0,,open,,,https://forums.ohdsi.org/t/connection-timeout-accessing-repo-ohdsi-org-from-github-actions/24861,7.445631944444445,2026Q1,153,bug,infrastructure_deployment,"GitHub Actions,Maven","GitHub Actions builds fail with connection timeouts to the OHDSI Maven repository while local builds succeed, suggesting firewall or network blocking.",Ensure reliable access to the OHDSI Maven repository from GitHub Actions CI/CD pipelines for OHDSI dependency builds.,major,False,partially,False,False,build fails on GitHub Actions with connection timeout error,medium,partially,True
f24863,forums,General,"Weekly OHDSI Digest - January 19, 2026",,2026-01-20 14:56:28.388000+00:00,2026-01-20 14:56:28.436000+00:00,u_8f4021bf34,2,False,1,0,1,0,,163,0,,open,,,https://forums.ohdsi.org/t/weekly-ohdsi-digest-january-19-2026/24863,,2026Q1,909,announcement,community_process,,,,none,False,unclear,False,False,,high,no_reply,True
f24864,forums,General,OHDSI In A Box Deployment on OCI,,2026-01-21 02:40:57.253000+00:00,2026-01-21 02:40:57.307000+00:00,u_c1d951e990,1,False,1,0,1,0,,159,0,,open,,,https://forums.ohdsi.org/t/ohdsi-in-a-box-deployment-on-oci/24864,,2026Q1,72,question,"infrastructure_deployment,learning_onboarding","Docker,AWS","OHDSI In A Box deployment fails on AWS free tier, and alternative deployment platforms and dataset access options are needed for learning.",Deploy an OHDSI environment for learning using publicly available infrastructure and sample data.,minor,False,no_reply,False,False,trying through tutorials OHDSI in a box without success,high,no_reply,True
f24867,forums,General,Where Is the Community Dashboard?,,2026-01-21 19:18:23.123000+00:00,2026-06-18 18:32:19.028000+00:00,u_5ec1d7e320,2,False,2,1,2,1,2026-06-18 18:32:19.028000+00:00,191,1,,open,,,https://forums.ohdsi.org/t/where-is-the-community-dashboard/24867,3551.232195833333,2026Q1,101,question,"community_process,results_sharing_dissemination",Ares,The OHDSI Community Dashboard appears to be offline or inaccessible.,Access dashboards that track the health and impact of the OHDSI community.,minor,False,resolved,False,False,dash.ohdsi.org is a dead end,high,resolved,False
f24868,forums,General,Notice of Cancellation: openEHR & OMOP Working Group Meeting (27 January),workinggroup,2026-01-23 12:51:36.271000+00:00,2026-01-23 12:51:36.328000+00:00,u_99f00d369b,1,False,1,0,1,0,,150,0,,open,,,https://forums.ohdsi.org/t/notice-of-cancellation-openehr-omop-working-group-meeting-27-january/24868,,2026Q1,62,announcement,community_process,,,,none,False,unclear,False,False,,high,no_reply,True
f24870,forums,Developers,Circe python implementation - alpha releaase,,2026-01-23 16:46:25.250000+00:00,2026-01-23 16:46:25.296000+00:00,u_8ebf43a0ed,2,True,1,0,1,0,,174,0,,open,,,https://forums.ohdsi.org/t/circe-python-implementation-alpha-releaase/24870,,2026Q1,157,announcement,"cohort_definition,community_process","Circe,Python",,,none,False,unclear,False,False,,high,no_reply,True
f24878,forums,General,"Weekly OHDSI Digest - January 26, 2026",,2026-01-26 20:11:01.460000+00:00,2026-01-26 20:11:01.505000+00:00,u_8f4021bf34,2,False,1,0,1,0,,113,0,,open,,,https://forums.ohdsi.org/t/weekly-ohdsi-digest-january-26-2026/24878,,2026Q1,869,announcement,community_process,,,,none,False,unclear,False,False,,high,no_reply,True
f24880,forums,Implementers,Active Directory autentication Fails to load roles,,2026-01-27 12:56:50.089000+00:00,2026-02-04 20:32:44.647000+00:00,u_0f23f307f0,1,False,5,4,2,2,2026-01-28 20:27:58.420000+00:00,196,0,,open,,,https://forums.ohdsi.org/t/active-directory-autentication-fails-to-load-roles/24880,31.518980833333334,2026Q1,79,bug,infrastructure_deployment,"Atlas,WebAPI",Atlas with Active Directory authentication allows user login but denies access to all modules despite WebAPI showing proper role assignments.,Successfully configure Atlas authentication and authorization with Active Directory to properly display user roles and grant appropriate feature access.,blocker,False,resolved,False,False,every module shows You do not have access to this,high,resolved,False
f24883,forums,General,Incorporating omics into the OMOP CDM,,2026-01-27 20:30:10.782000+00:00,2026-02-04 04:55:28.569000+00:00,u_f507f1616d,0,False,6,5,4,4,2026-01-27 20:52:52.495000+00:00,340,1,,open,,,https://forums.ohdsi.org/t/incorporating-omics-into-the-omop-cdm/24883,0.3782536111111111,2026Q1,41,question,vocabulary_mapping,CommonDataModel,"OMOP lacks comprehensive standards for representing omics data such as genetics, transcriptomics, and proteomics within the measurement framework.",Enable representation and analysis of omics data alongside clinical data within the OMOP CDM for genomic and molecular research.,major,True,partially,True,True,extend OMOP to include omics genetics transcriptomics proteomics,high,partially,True
f24888,forums,Implementers,Atlas/WebAPI - Linux-based install instructions?,"atlas,webapi",2026-01-28 17:12:57.200000+00:00,2026-01-29 10:09:59.127000+00:00,u_777e081ef2,1,False,2,1,2,1,2026-01-29 10:09:59.127000+00:00,145,0,,open,,,https://forums.ohdsi.org/t/atlas-webapi-linux-based-install-instructions/24888,16.950535277777778,2026Q1,40,question,"infrastructure_deployment,learning_onboarding","Atlas,WebAPI,Docker",Installation documentation for Atlas and WebAPI on Linux platforms like RHEL 9 lacks clear step-by-step guidance.,Deploy Atlas and WebAPI on RHEL Linux servers following standard system administration practices.,minor,True,partially,False,False,looking for Linux-focused installation instructions on RHEL 9,high,partially,True
f24890,forums,Developers,Seeking input on services that the OHDSI Study Agent will provide,,2026-01-29 21:13:15.689000+00:00,2026-02-12 12:29:37.355000+00:00,u_6668879772,2,True,7,6,6,5,2026-01-30 09:42:14.005000+00:00,320,10,,open,,,https://forums.ohdsi.org/t/seeking-input-on-services-that-the-ohdsi-study-agent-will-provide/24890,12.482865555555556,2026Q1,645,discussion,"community_process,estimation","Atlas,WebAPI,HADES",Researchers need better AI-assisted support to move from study ideas to well-specified research questions and computable study specifications.,Develop an AI study agent to support OHDSI researchers in rapidly and accurately determining study feasibility and designing reproducible studies.,minor,False,unresolved,True,False,determine feasibility and design research studies using OHDSI tools,high,unresolved,True
f24891,forums,General,Phenotype Phebruary 2026 (see aPHril thread),"phenotyping,phenotype-phebruary",2026-01-29 21:36:54.160000+00:00,2026-03-28 11:17:01.851000+00:00,u_e13632bec5,4,False,11,10,2,4,2026-02-04 12:44:34.523000+00:00,438,2,,open,,,https://forums.ohdsi.org/t/phenotype-phebruary-2026-see-aphril-thread/24891,135.1278786111111,2026Q1,739,job_or_event,"cohort_definition,community_process","Atlas,CohortDiagnostics,KEEPER",,,none,False,unclear,True,False,,high,unclear,False
f24895,forums,General,OHDSI emails and MS Teams tenant,,2026-01-30 14:38:32.883000+00:00,2026-01-30 15:42:52.904000+00:00,u_4f6d298bed,3,False,3,2,3,2,2026-01-30 14:55:21.043000+00:00,183,3,,open,,,https://forums.ohdsi.org/t/ohdsi-emails-and-ms-teams-tenant/24895,0.28004444444444443,2026Q1,55,announcement,community_process,,,,none,False,unclear,False,False,,high,unclear,False
f24907,forums,General,OHDSI Teams/Email Outage Update; Feb. 3 Community Call Will Be Cancelled,,2026-02-02 15:49:10.740000+00:00,2026-02-02 15:49:10.791000+00:00,u_ded4baaf3b,2,False,1,0,1,0,,107,0,,open,,,https://forums.ohdsi.org/t/ohdsi-teams-email-outage-update-feb-3-community-call-will-be-cancelled/24907,,2026Q1,188,announcement,community_process,,,,none,False,unclear,False,False,,high,no_reply,True
f24909,forums,Vocabulary Users,ICD-10 Screening Encounters Mapping to Measurement Concepts,vocabularies,2026-02-02 17:15:09.537000+00:00,2026-04-07 00:56:32.512000+00:00,u_6b2c0a22c8,1,False,5,4,3,3,2026-02-02 17:31:35.166000+00:00,183,0,,open,,,https://forums.ohdsi.org/t/icd-10-screening-encounters-mapping-to-measurement-concepts/24909,0.27378583333333334,2026Q1,73,question,vocabulary_mapping,"Vocabulary,SNOMED",ICD-10 screening encounter codes are mapped to Measurement domain concepts instead of Procedure domain in SNOMED vocabulary.,Ensure correct domain assignments for screening procedures in the OMOP vocabulary to support proper analysis and consistent taxonomy.,major,False,partially,False,True,ICD-10 screening encounters mapped to Measurement domain concepts,high,partially,True
f24910,forums,General,"Weekly OHDSI Digest - February 2, 2026",,2026-02-02 19:22:25.226000+00:00,2026-02-02 19:22:25.276000+00:00,u_8f4021bf34,2,False,1,0,1,0,,100,0,,open,,,https://forums.ohdsi.org/t/weekly-ohdsi-digest-february-2-2026/24910,,2026Q1,1014,announcement,community_process,,,,none,False,unclear,False,False,,high,no_reply,True
f24912,forums,General,Atlas / WebAPI February 2026 Meeting Cancelled,,2026-02-04 01:08:34.695000+00:00,2026-02-04 01:08:34.740000+00:00,u_c919d1b15d,2,False,1,0,1,0,,80,1,,open,,,https://forums.ohdsi.org/t/atlas-webapi-february-2026-meeting-cancelled/24912,,2026Q1,39,announcement,community_process,,,,none,False,unclear,False,False,,high,no_reply,True
f24915,forums,General,[OHDSI APAC] Notice of cancellation for OHDSI APAC Scientific Forum (05 Feb 2026),,2026-02-04 05:19:34.562000+00:00,2026-02-04 05:19:34.606000+00:00,u_d69a75c875,1,False,1,0,1,0,,96,0,,open,,,https://forums.ohdsi.org/t/ohdsi-apac-notice-of-cancellation-for-ohdsi-apac-scientific-forum-05-feb-2026/24915,,2026Q1,80,announcement,community_process,,,,none,False,unclear,False,False,,high,no_reply,True
f24918,forums,General,Call for 2026 Symposium Training Collaborator(s)!,"cdm,atlas",2026-02-04 16:26:24.394000+00:00,2026-02-04 16:26:24.450000+00:00,u_01bafa1dfc,1,False,1,0,1,0,,113,0,,open,,,https://forums.ohdsi.org/t/call-for-2026-symposium-training-collaborator-s/24918,,2026Q1,149,job_or_event,"learning_onboarding,community_process","Atlas,WebAPI",,,none,False,unclear,False,False,,high,no_reply,True
f24919,forums,General,Oncology WG Update – Subgroup Meeting Schedule,,2026-02-05 02:57:29.931000+00:00,2026-02-09 16:58:14.107000+00:00,u_bb8ad4efa0,2,False,2,1,1,0,,114,1,,open,,,https://forums.ohdsi.org/t/oncology-wg-update-subgroup-meeting-schedule/24919,,2026Q1,88,announcement,community_process,,,,none,False,unclear,False,False,,high,no_reply,True
f24921,forums,Vocabulary Users,Help me understand OHDSI's approach to post coordination,,2026-02-06 03:47:28.501000+00:00,2026-02-10 13:00:09.587000+00:00,u_4f6d298bed,3,False,6,5,2,3,2026-02-06 04:19:41.826000+00:00,151,3,,open,,,https://forums.ohdsi.org/t/help-me-understand-ohdsis-approach-to-post-coordination/24921,0.5370347222222223,2026Q1,29,question,vocabulary_mapping,Vocabulary,OHDSI's approach to post-coordination for complex clinical conditions like cancer metastasis and secondary conditions is not clearly documented or consistently applied.,Understand and apply OHDSI's post-coordination principles consistently across different clinical domains.,minor,False,partially,False,True,metastasis and secondary cancers mapped to Measurement domain,high,partially,True
f24926,forums,General,"Feb. 6 Update: New Link for Feb 10 Community Call, More",,2026-02-06 20:36:43.860000+00:00,2026-02-06 20:36:43.901000+00:00,u_ded4baaf3b,2,False,1,0,1,0,,79,0,,open,,,https://forums.ohdsi.org/t/feb-6-update-new-link-for-feb-10-community-call-more/24926,,2026Q1,295,announcement,community_process,,,,none,False,unclear,False,False,,high,no_reply,True
f24941,forums,General,We're Back! MS Teams/Email Update (and it's a happy one!),,2026-02-10 20:25:29.638000+00:00,2026-02-13 20:09:06.304000+00:00,u_ded4baaf3b,2,False,7,6,7,6,2026-02-13 01:10:51.282000+00:00,146,13,,open,,,https://forums.ohdsi.org/t/were-back-ms-teams-email-update-and-its-a-happy-one/24941,52.756012222222225,2026Q1,156,announcement,community_process,,,,none,False,unclear,False,False,,high,unclear,False
f24945,forums,General,Seeking guidance on becoming AI Clinical Researcher and Contributing to OHDSI Network,,2026-02-11 18:03:44.667000+00:00,2026-02-11 18:03:44.715000+00:00,u_14ef122f13,0,False,1,0,1,0,,25,0,,open,,,https://forums.ohdsi.org/t/seeking-guidance-on-becoming-ai-clinical-researcher-and-contributing-to-ohdsi-network/24945,,2026Q1,57,question,learning_onboarding,,Unclear how to begin a career as an AI clinical researcher or how to contribute meaningfully to the OHDSI community.,Connect with the OHDSI community and gain guidance on becoming an AI clinical researcher.,none,False,no_reply,False,False,seeking guidance becoming AI Clinical Researcher Contributing OHDSI,high,no_reply,True
f24952,forums,Uncategorized,Steering WG 13feb2026 Cancelled,,2026-02-13 12:35:47.396000+00:00,2026-02-13 12:35:47.443000+00:00,u_3b2a65d584,4,False,1,0,1,0,,24,0,,open,,,https://forums.ohdsi.org/t/steering-wg-13feb2026-cancelled/24952,,2026Q1,33,announcement,community_process,,,,none,False,unclear,False,False,,high,no_reply,True
f24953,forums,Implementers,Difficulty with generating the OMOP Observations table from EHR data,cdm,2026-02-13 13:51:16.107000+00:00,2026-02-13 13:51:16.157000+00:00,u_09ee286c0d,1,False,1,0,1,0,,51,0,,open,,,https://forums.ohdsi.org/t/difficulty-with-generating-the-omop-observations-table-from-ehr-data/24953,,2026Q1,303,question,etl_cdm_conversion,CommonDataModel,"When source data lacks observation dates, it is unclear how to populate the required non-nullable observation_date column in the OMOP Observations table without using artificial dates.",Map observational data without explicit dates into the OMOP Observations table while maintaining data integrity.,major,False,no_reply,False,True,observation_date is required non-nullable when dates not in source,high,no_reply,True
f24956,forums,Implementers,Test execution returning no status - do all CDM tables need to be populated,cdm,2026-02-13 18:46:57.704000+00:00,2026-02-14 15:05:40.768000+00:00,u_29af4388cc,1,False,2,1,2,1,2026-02-14 15:05:40.768000+00:00,58,1,,open,,,https://forums.ohdsi.org/t/test-execution-returning-no-status-do-all-cdm-tables-need-to-be-populated/24956,20.31196222222222,2026Q1,196,bug,data_quality,"DataQualityDashboard,DuckDB",Data Quality Dashboard tests complete but return no status indicators in the assessment table despite showing passed in results table.,Successfully run Data Quality Dashboard with proper status reporting for all CDM table checks.,major,False,partially,False,False,tests finish but return no status Pass Fail indicators,high,partially,True
f24966,forums,General,Vibe-athon or list of small vibe-coding OHDSI themed ideas,,2026-02-16 03:57:06.282000+00:00,2026-02-16 03:57:06.368000+00:00,u_9c94568ef1,2,False,1,0,1,0,,33,0,,open,,,https://forums.ohdsi.org/t/vibe-athon-or-list-of-small-vibe-coding-ohdsi-themed-ideas/24966,,2026Q1,382,job_or_event,community_process,"Python,R,CapR,Circe",,,none,False,unclear,True,False,,high,no_reply,True
f24972,forums,Researchers,Looking for partners for a colorectal cancer screening analysis,,2026-02-16 17:15:01.101000+00:00,2026-02-16 17:15:01.146000+00:00,u_54a9815459,0,False,1,0,1,0,,56,0,,open,,,https://forums.ohdsi.org/t/looking-for-partners-for-a-colorectal-cancer-screening-analysis/24972,,2026Q1,121,job_or_event,"network_study_execution,characterization","Atlas,HADES",Insufficient sample size and data partners available for conducting comprehensive colorectal cancer screening and outcomes research.,Conduct a target trial emulation study on colorectal cancer screening delays and outcomes across multiple institutions.,none,False,unclear,True,False,,high,no_reply,True
f24973,forums,General,Join the Scientific Review Committee for the 2026 OHDSI Global Symposium,,2026-02-16 18:04:18.517000+00:00,2026-02-16 18:04:18.561000+00:00,u_8f4021bf34,2,False,1,0,1,0,,52,1,,open,,,https://forums.ohdsi.org/t/join-the-scientific-review-committee-for-the-2026-ohdsi-global-symposium/24973,,2026Q1,279,job_or_event,community_process,,,,none,False,unclear,False,False,,high,no_reply,True
f24974,forums,General,Feb. 17 Community Call (with new link),,2026-02-16 19:43:35.454000+00:00,2026-02-23 15:16:31.472000+00:00,u_ded4baaf3b,2,False,3,2,2,1,2026-02-18 16:23:50.363000+00:00,92,0,,open,,,https://forums.ohdsi.org/t/feb-17-community-call-with-new-link/24974,44.67080805555556,2026Q1,268,announcement,community_process,,,,none,False,unclear,False,False,,high,unclear,False
f24978,forums,General,"Weekly OHDSI Digest - February 17, 2026",,2026-02-17 16:37:20.300000+00:00,2026-02-17 16:37:20.345000+00:00,u_8f4021bf34,2,False,1,0,1,0,,40,0,,open,,,https://forums.ohdsi.org/t/weekly-ohdsi-digest-february-17-2026/24978,,2026Q1,1077,announcement,community_process,,,,none,False,unclear,False,False,,high,no_reply,True
f24982,forums,General,OHDSI APAC Community Call-20260219,,2026-02-18 05:56:44.339000+00:00,2026-02-18 05:56:44.389000+00:00,u_f76921998c,1,False,1,0,1,0,,40,0,,open,,,https://forums.ohdsi.org/t/ohdsi-apac-community-call-20260219/24982,,2026Q1,67,announcement,community_process,,,,none,False,unclear,False,False,,high,no_reply,True
f24985,forums,Vocabulary Users,February 2026 release upcoming changes,,2026-02-18 14:34:19.826000+00:00,2026-02-19 08:32:27.930000+00:00,u_dea3b89267,2,False,3,2,2,1,2026-02-18 19:44:16.547000+00:00,91,4,,open,,,https://forums.ohdsi.org/t/february-2026-release-upcoming-changes/24985,5.165755833333334,2026Q1,31,announcement,"vocabulary_mapping,community_process","Athena,Vocabulary",,,none,False,unclear,False,False,,high,unclear,False
f24988,forums,CDM Builders,Authoritative source of generic (non RDBM-specific) definition of the CDM?,,2026-02-19 01:07:15.083000+00:00,2026-02-19 01:07:15.124000+00:00,u_dd2a3d6295,1,False,1,0,1,0,,41,0,,open,,,https://forums.ohdsi.org/t/authoritative-source-of-generic-non-rdbm-specific-definition-of-the-cdm/24988,,2026Q1,54,question,"etl_cdm_conversion,learning_onboarding",CommonDataModel,"It is unclear whether CSV files in the CommonDataModel package constitute the authoritative, single-source-of-truth for CDM definitions.",Identify the authoritative RDBMS-agnostic source for OMOP CDM table and field definitions.,minor,False,no_reply,False,True,looking for authoritative RDBMS-agnostic definition OMOP CDM,high,no_reply,True
f24990,forums,Implementers,Mapping Clinical Trial & Public Research Datasets to OMOP – Experiences?,"cdm,vocabularies",2026-02-19 05:34:49.071000+00:00,2026-03-02 00:29:01.270000+00:00,u_03d5026396,1,False,4,3,4,3,2026-02-19 13:44:39.528000+00:00,103,0,,open,,,https://forums.ohdsi.org/t/mapping-clinical-trial-public-research-datasets-to-omop-experiences/24990,8.164015833333332,2026Q1,287,question,"etl_cdm_conversion,vocabulary_mapping","Atlas,HADES,CommonDataModel","Mapping complex clinical trial data such as cognitive scales, randomization variables, and trial-derived outcomes to OMOP is not well standardized.",Develop standardized mappings for clinical trial data elements within the OMOP CDM to enable reproducible and interoperable analyses.,major,True,partially,True,True,mapping trial data cognitive scales and study variables OMOP,high,partially,True
f24992,forums,Developers,Seeking Participants: OMOP CDM Conversion Experience Interviews,,2026-02-19 12:45:57.869000+00:00,2026-02-19 12:45:57.909000+00:00,u_58249f0a53,0,False,1,0,1,0,,56,0,,open,,,https://forums.ohdsi.org/t/seeking-participants-omop-cdm-conversion-experience-interviews/24992,,2026Q1,94,job_or_event,"etl_cdm_conversion,community_process",CommonDataModel,,,none,False,unclear,False,False,,high,no_reply,True
f24993,forums,General,Undeliverable emails,,2026-02-19 18:51:10.538000+00:00,2026-02-23 12:05:26.410000+00:00,u_198ca20c61,1,False,2,1,2,1,2026-02-23 12:05:26.410000+00:00,69,0,,open,,,https://forums.ohdsi.org/t/undeliverable-emails/24993,89.23774222222221,2026Q1,21,announcement,,,The OHDSI group's email system is experiencing bounce-backs due to Microsoft account issues affecting community communication.,,major,False,unresolved,False,False,We're trying to send emails to the OHDSI group but we're getting bounce backs.,high,unresolved,True
f24994,forums,General,Request for Guidance on Adding Missing ICD‑O‑3 Site/Histology/,,2026-02-19 18:55:39.705000+00:00,2026-02-19 22:07:50.842000+00:00,u_198ca20c61,1,False,2,1,2,1,2026-02-19 22:07:50.842000+00:00,49,0,,open,,,https://forums.ohdsi.org/t/request-for-guidance-on-adding-missing-icd-o-3-site-histology/24994,3.2030936111111115,2026Q1,203,feature_request,vocabulary_mapping,"Athena,Vocabulary",Several ICD-O-3 site/histology/behavior code combinations from tumor registry data are missing from the OMOP vocabulary.,Map tumor registry data into OMOP CDM using complete ICD-O-3 vocabulary concepts with oncology extension.,major,False,partially,False,True,Several ICD-O-3 site/histology/behavior code combinations present in our source data do not exist,high,partially,True
f24995,forums,Uncategorized,[Collaborators Wanted] NIH R21/R33 Partnership: Scaling OMOP in Ghana (Pilot Active at Narh-Bita Hospital),,2026-02-19 19:49:07.392000+00:00,2026-05-20 18:27:04.799000+00:00,u_820445ec2d,0,False,2,1,2,1,2026-05-20 18:27:04.799000+00:00,60,0,,open,,,https://forums.ohdsi.org/t/collaborators-wanted-nih-r21-r33-partnership-scaling-omop-in-ghana-pilot-active-at-narh-bita-hospital/24995,2158.6326130555553,2026Q1,142,job_or_event,network_study_execution,,,Scale OMOP CDM implementation across Ghana hospitals to build a health intelligence network for research.,none,False,no_reply,True,True,,high,no_reply,True
f25000,forums,Implementers,How to record multiple equally granular location values?,cdm,2026-02-19 23:52:20.988000+00:00,2026-02-27 15:17:29.799000+00:00,u_fd78d91c13,1,False,4,3,2,2,2026-02-20 15:43:37.609000+00:00,60,0,,open,,,https://forums.ohdsi.org/t/how-to-record-multiple-equally-granular-location-values/25000,15.854616944444444,2026Q1,194,question,"etl_cdm_conversion,data_quality",,Recording multiple equally granular location values for the same person when census boundaries change lacks a standard OMOP approach.,Preserve multiple location values for different census boundaries in OMOP CDM for accurate research-ready data.,major,False,partially,False,True,We have multiple versions of our most granular location values for an individual's data,high,partially,True
f25002,forums,General,Cancellation of the upcoming openEHR & OMOP WG meeting,workinggroup,2026-02-20 11:37:50.780000+00:00,2026-02-20 11:37:50.850000+00:00,u_99f00d369b,1,False,1,0,1,0,,28,0,,open,,,https://forums.ohdsi.org/t/cancellation-of-the-upcoming-openehr-omop-wg-meeting/25002,,2026Q1,121,announcement,,,Microsoft Teams access issues prevented the openEHR and OMOP working group meeting from proceeding as scheduled.,,minor,False,unclear,False,False,OHDSI Microsoft Teams environment has encountered a technical issue,high,no_reply,True
f25006,forums,Developers,OHDSI Study Agent (development) demo with strategus,,2026-02-21 14:56:11.525000+00:00,2026-05-27 17:53:18.690000+00:00,u_6668879772,2,False,6,5,2,3,2026-04-16 08:36:24.953000+00:00,243,4,,open,,,https://forums.ohdsi.org/t/ohdsi-study-agent-development-demo-with-strategus/25006,1289.6703966666666,2026Q1,77,announcement,"characterization,estimation","Strategus,CohortIncidenceModule,R,Atlas",,"Enable researchers to design, run, and interpret OHDSI incidence rate analyses through natural language interaction.",none,False,no_reply,False,False,,high,no_reply,True
f25012,forums,General,"Weekly OHDSI Digest - February 23, 2026",,2026-02-23 20:29:53.381000+00:00,2026-02-23 20:29:53.425000+00:00,u_8f4021bf34,2,False,1,0,1,0,,50,0,,open,,,https://forums.ohdsi.org/t/weekly-ohdsi-digest-february-23-2026/25012,,2026Q1,974,announcement,community_process,,,,none,False,no_reply,False,False,,high,no_reply,True
f25013,forums,General,Join the 2026 Scientific Review Committee for this year's Global Symposium- DEADLINE TO JOIN MARCH 1,,2026-02-23 21:22:01.505000+00:00,2026-02-26 15:52:10.626000+00:00,u_8f4021bf34,2,False,3,2,2,1,2026-02-24 16:11:32.460000+00:00,51,0,,open,,,https://forums.ohdsi.org/t/join-the-2026-scientific-review-committee-for-this-years-global-symposium-deadline-to-join-march-1/25013,18.825265277777778,2026Q1,56,job_or_event,community_process,,,,none,False,resolved,False,False,,high,resolved,False
f25022,forums,General,Feb 2026 PHReG Monthly Meeting,,2026-02-25 01:09:26.780000+00:00,2026-02-25 01:09:26.828000+00:00,u_d6198ce60c,1,False,1,0,1,0,,27,0,,open,,,https://forums.ohdsi.org/t/feb-2026-phreg-monthly-meeting/25022,,2026Q1,19,announcement,community_process,,,,none,False,no_reply,False,False,,high,no_reply,True
f25027,forums,General,March 2026 Health Systems Monthly Meeting,,2026-02-25 16:31:16.246000+00:00,2026-02-25 16:31:16.288000+00:00,u_4f6d298bed,3,False,1,0,1,0,,31,1,,open,,,https://forums.ohdsi.org/t/march-2026-health-systems-monthly-meeting/25027,,2026Q1,47,announcement,community_process,,,,none,False,no_reply,False,False,,high,no_reply,True
f25031,forums,General,REMINDER- EVERYONE WELCOME- Join the SR Committee for the 2026 Global Symposium- Deadline to join March 3,,2026-02-26 15:53:30.078000+00:00,2026-02-26 15:53:30.132000+00:00,u_8f4021bf34,2,False,1,0,1,0,,30,0,,open,,,https://forums.ohdsi.org/t/reminder-everyone-welcome-join-the-sr-committee-for-the-2026-global-symposium-deadline-to-join-march-3/25031,,2026Q1,56,announcement,community_process,,,,none,False,no_reply,False,False,,high,no_reply,True
f25032,forums,Implementers,How do I capture my derivation of a patient's age from their self reported start date of alcohol consumption?,,2026-02-26 15:53:36.661000+00:00,2026-03-04 19:20:27.399000+00:00,u_09ee286c0d,1,False,4,3,2,2,2026-02-26 18:22:13.661000+00:00,82,1,,open,,,https://forums.ohdsi.org/t/how-do-i-capture-my-derivation-of-a-patients-age-from-their-self-reported-start-date-of-alcohol-consumption/25032,2.4769444444444444,2026Q1,143,question,etl_cdm_conversion,Athena,Recording a derivation of patient age from self-reported alcohol start date in OMOP CDM format is unclear.,Properly map self-reported alcohol start dates into OMOP observation records without overengineering.,minor,True,partially,False,True,I'm uncertain how best I can set up my table to fit OMOP CDM conventions,medium,partially,True
f25039,forums,Vocabulary Users,February 2026 release is available in Athena!,,2026-02-27 13:32:30.940000+00:00,2026-02-27 13:32:30.986000+00:00,u_dea3b89267,2,False,1,0,1,0,,149,6,,open,,,https://forums.ohdsi.org/t/february-2026-release-is-available-in-athena/25039,,2026Q1,184,announcement,,"Athena,Vocabulary",,,none,False,no_reply,False,False,,high,no_reply,True
f25043,forums,Researchers,Call for Participation: Shared Task on Medical Decision Extraction (MedExACT) @ BioNLP ACL 2026,,2026-02-27 16:36:26.082000+00:00,2026-02-27 16:36:26.158000+00:00,u_89aaebf289,0,False,1,0,1,0,,47,0,,open,,,https://forums.ohdsi.org/t/call-for-participation-shared-task-on-medical-decision-extraction-medexact-bionlp-acl-2026/25043,,2026Q1,311,job_or_event,,,,,none,False,no_reply,False,False,,high,no_reply,True
f25046,forums,Implementers,OMOP CDM on GIS data,cdm,2026-03-01 11:38:02.282000+00:00,2026-03-05 14:43:13.561000+00:00,u_78615c4b00,0,False,2,1,2,1,2026-03-05 14:43:13.561000+00:00,63,1,,open,,,https://forums.ohdsi.org/t/omop-cdm-on-gis-data/25046,99.08646638888888,2026Q1,105,question,"etl_cdm_conversion,harmonization_context",GIS,"Using OMOP CDM with GIS mapping data, DHIS2, and outbreak management tools lacks documented guidance or known implementation examples.","Map GIS, DHIS2, and outbreak data sources into OMOP CDM for integrated public health research.",major,False,partially,False,True,I haven't got any lead information on OMOP with the tools/data types mentioned,medium,partially,True
f25047,forums,Researchers,Mendelian Randomization,,2026-03-02 00:12:14.664000+00:00,2026-03-02 00:12:14.710000+00:00,u_81f3c3c2fd,2,False,1,0,1,0,,47,1,,open,,,https://forums.ohdsi.org/t/mendelian-randomization/25047,,2026Q1,77,discussion,prediction_ml,,"Most OMOP CDM instances lack genomic data integration, limiting Mendelian Randomization study possibilities.",Conduct federated Mendelian Randomization studies using OMOP CDM data with integrated genomic information.,major,False,no_reply,True,False,Most CDMs don't yet have genomic data,low,no_reply,True
f25051,forums,Researchers,Best practices for coupling OMOP with machine learning metadata for MLOps,cdm,2026-03-02 08:28:33.078000+00:00,2026-04-28 12:17:36.925000+00:00,u_def45980c9,0,False,2,1,2,1,2026-04-28 12:17:36.925000+00:00,87,2,,open,,,https://forums.ohdsi.org/t/best-practices-for-coupling-omop-with-machine-learning-metadata-for-mlops/25051,1371.8177352777777,2026Q1,100,question,prediction_ml,,Representing machine learning metadata including model outputs and versions in OMOP CDM lacks established OHDSI standards.,Integrate ML pipeline metadata and model predictions into OMOP CDM for reproducible and traceable workflows.,major,True,partially,False,False,How to bring into OMOP representation machine learning metadata,medium,partially,True
f25055,forums,General,"Weekly OHDSI Digest - March 2, 2026",,2026-03-02 17:34:11.218000+00:00,2026-03-02 17:34:11.261000+00:00,u_8f4021bf34,2,False,1,0,1,0,,38,0,,open,,,https://forums.ohdsi.org/t/weekly-ohdsi-digest-march-2-2026/25055,,2026Q1,1088,announcement,community_process,,,,none,False,no_reply,False,False,,high,no_reply,True
f25056,forums,General,MindMeetsMachines Vocabulary Edition @OHDSI EU Symposium,,2026-03-02 17:41:52.677000+00:00,2026-06-01 17:06:08.493000+00:00,u_8b1a42a943,2,False,14,13,7,7,2026-03-06 16:16:11.329000+00:00,579,7,,open,,,https://forums.ohdsi.org/t/mindmeetsmachines-vocabulary-edition-ohdsi-eu-symposium/25056,94.57184777777778,2026Q1,211,job_or_event,"vocabulary_mapping,community_process","Atlas,Vocabulary",,,none,False,no_reply,False,True,,high,no_reply,True
f25061,forums,General,March 3 Community Call (Columbia MS Teams Tenant): Winter Vocab Refresh,,2026-03-03 15:18:13.006000+00:00,2026-03-03 15:18:13.054000+00:00,u_ded4baaf3b,2,False,1,0,1,0,,25,0,,open,,,https://forums.ohdsi.org/t/march-3-community-call-columbia-ms-teams-tenant-winter-vocab-refresh/25061,,2026Q1,126,announcement,,"Athena,Vocabulary",,,none,False,no_reply,False,False,,high,no_reply,True
f25062,forums,Vocabulary Users,Vocabulary WG meeting March 17th [OKRs and plans for 2026],,2026-03-03 15:39:48.532000+00:00,2026-03-03 15:39:48.631000+00:00,u_8b1a42a943,2,False,1,0,1,0,,39,0,,open,,,https://forums.ohdsi.org/t/vocabulary-wg-meeting-march-17th-okrs-and-plans-for-2026/25062,,2026Q1,62,announcement,community_process,,,,none,False,no_reply,False,False,,high,no_reply,True
f25063,forums,General,Deadline today- join the scientific review committee for this year's global symposium!,,2026-03-03 20:06:50.262000+00:00,2026-03-03 20:06:50.306000+00:00,u_8f4021bf34,2,False,1,0,1,0,,24,0,,open,,,https://forums.ohdsi.org/t/deadline-today-join-the-scientific-review-committee-for-this-years-global-symposium/25063,,2026Q1,56,announcement,community_process,,,,none,False,no_reply,False,False,,high,no_reply,True
f25066,forums,General,Job Posting - Yale School of Medicine/Center for Outcomes Research & Evaluation (CORE),,2026-03-04 18:28:53.247000+00:00,2026-03-04 18:28:53.301000+00:00,u_91305f2cc5,1,False,1,0,1,0,,399,1,,open,,,https://forums.ohdsi.org/t/job-posting-yale-school-of-medicine-center-for-outcomes-research-evaluation-core/25066,,2026Q1,404,job_or_event,,,,,none,False,no_reply,False,False,,high,no_reply,True
f25072,forums,Implementers,Using Synthea with most recent Vocabulary - error when running some reports,,2026-03-06 15:35:38.845000+00:00,2026-03-06 15:35:38.892000+00:00,u_29b7b9ab44,1,False,1,0,1,0,,38,0,,open,,,https://forums.ohdsi.org/t/using-synthea-with-most-recent-vocabulary-error-when-running-some-reports/25072,,2026Q1,45,bug,data_quality,"Atlas,Broadsea,Synthea",Running Atlas reports on Synthea data with recent vocabulary versions returns errors for multiple domain reports.,Generate accurate reports from Synthea-generated OMOP data in Atlas without errors.,major,False,unresolved,False,False,"Getting errors when running Condition Occurrence, Condition Era, Procedure reports",medium,no_reply,True
f25073,forums,Implementers,What should I do about the multiple instances I have of 'AdditionalNotes' in my source data in regards to mapping it to my Note table?,,2026-03-06 16:13:36.650000+00:00,2026-03-09 13:26:22.547000+00:00,u_09ee286c0d,1,False,3,2,2,1,2026-03-06 22:01:32.951000+00:00,53,0,,open,,,https://forums.ohdsi.org/t/what-should-i-do-about-the-multiple-instances-i-have-of-additionalnotes-in-my-source-data-in-regards-to-mapping-it-to-my-note-table/25073,5.7989725,2026Q1,134,question,etl_cdm_conversion,,Mapping multiple AdditionalNotes columns from different source tables to OMOP Note table without losing provenance information is unclear.,Map multiple source note columns to OMOP Note table while maintaining data lineage and semantic meaning.,minor,False,partially,False,True,Multiple instances of a column named 'AdditionalNotes' in a number of other tables,medium,partially,True
f25078,forums,Vocabulary Users,"Mapping an ATC4 drug, when only the ATC4 code is present in the source data",,2026-03-09 07:52:07.840000+00:00,2026-03-12 12:48:37.329000+00:00,u_278461d6b3,2,False,4,3,2,2,2026-03-09 10:49:48.425000+00:00,86,0,,open,,,https://forums.ohdsi.org/t/mapping-an-atc4-drug-when-only-the-atc4-code-is-present-in-the-source-data/25078,2.961273611111111,2026Q1,176,question,"vocabulary_mapping,etl_cdm_conversion","Atlas,Athena","ATC4 vaccine codes lack proper mappings to standard drug concepts, making ATC values unusable in drug_concept_id.",Map source ATC vaccine codes to OMOP standard drug concepts for reliable cohort definition and analysis.,major,True,partially,False,True,"ATC are Classification codes not Standard codes, but we won't be able to map half our registry",medium,partially,True
f25083,forums,General,"Weekly OHDSI Digest - March 9, 2026",,2026-03-09 20:17:43.373000+00:00,2026-03-09 20:17:43.426000+00:00,u_8f4021bf34,2,False,1,0,1,0,,41,0,,open,,,https://forums.ohdsi.org/t/weekly-ohdsi-digest-march-9-2026/25083,,2026Q1,1172,announcement,community_process,,,,none,False,no_reply,False,False,,high,no_reply,True
f25084,forums,General,"# Introducing Parthenon — A Unified, Open-Source OHDSI Platform (Seeking Collaborators & Testers)",,2026-03-10 04:19:02.478000+00:00,2026-03-13 00:43:59.935000+00:00,u_5b9ece9490,2,True,3,2,2,1,2026-03-12 07:27:04.640000+00:00,182,1,,open,,,https://forums.ohdsi.org/t/introducing-parthenon-a-unified-open-source-ohdsi-platform-seeking-collaborators-testers/25084,51.13393388888889,2026Q1,780,announcement,"cohort_definition,characterization,estimation,prediction_ml,data_quality","Atlas,WebAPI,Achilles,DataQualityDashboard,Strategus,HADES,CohortMethod,PatientLevelPrediction,Usagi,WhiteRabbit,Docker,Python,R","OHDSI researchers struggle with toolchain fragmentation requiring separate setup, credentials, and interfaces for each tool.",Consolidate OHDSI analysis tools into one unified platform with single login to reduce researcher friction.,major,True,partially,False,False,"Each tool with its own setup, its own credentials, and its own quirks",high,partially,True
f25085,forums,Implementers,Drug_type_concept_id for prescription proposals,,2026-03-10 09:36:48.121000+00:00,2026-03-10 09:36:48.181000+00:00,u_f66c8b8a1d,2,False,1,0,1,0,,53,0,,open,,,https://forums.ohdsi.org/t/drug-type-concept-id-for-prescription-proposals/25085,,2026Q1,155,question,etl_cdm_conversion,Vocabulary,Recording specialist prescription proposals for prior authorization in drug_exposure table lacks clear drug_type_concept_id guidance.,Properly capture prescription proposal records from specialists in OMOP drug_exposure for diabetes studies.,minor,False,unresolved,False,True,Our question is about the appropriate drug_type_concept_id,medium,no_reply,True
f25095,forums,Implementers,Why varchar(1) for boolean data types in tables like RELATIONSHIP?,cdm,2026-03-12 19:11:12.116000+00:00,2026-03-12 20:54:44.648000+00:00,u_57c574ad8f,0,False,2,1,2,1,2026-03-12 20:54:44.648000+00:00,46,1,,open,,,https://forums.ohdsi.org/t/why-varchar-1-for-boolean-data-types-in-tables-like-relationship/25095,1.7257033333333334,2026Q1,55,question,,,"OMOP CDM uses varchar(1) for boolean fields instead of native data types, causing unnecessary complexity in data handling.",,minor,False,resolved,False,False,Tables like RELATIONSHIP specify varchar(1) for boolean flag values,high,resolved,False
f25099,forums,Researchers,Introducing THESEUS - a framework for translating natural-language study descriptions into Strategus scripts,"atlas,hades",2026-03-15 06:11:48.724000+00:00,2026-03-15 06:12:51.599000+00:00,u_0250385235,1,False,2,1,1,0,,112,3,,open,,,https://forums.ohdsi.org/t/introducing-theseus-a-framework-for-translating-natural-language-study-descriptions-into-strategus-scripts/25099,,2026Q1,194,announcement,"cohort_definition,estimation","Strategus,R,HADES,Atlas",,Enable natural language study descriptions to be automatically converted into executable OHDSI analysis code.,none,False,no_reply,True,False,,high,no_reply,True
f25110,forums,General,"Weekly OHDSI Digest - March 16, 2026",,2026-03-17 13:49:21.475000+00:00,2026-03-17 13:49:21.536000+00:00,u_8f4021bf34,2,False,1,0,1,0,,45,0,,open,,,https://forums.ohdsi.org/t/weekly-ohdsi-digest-march-16-2026/25110,,2026Q1,1117,announcement,community_process,,,,none,False,no_reply,False,False,,high,no_reply,True
f25118,forums,Implementers,CohortMethod PS Model Separation with Active Comparator New-User Designs — Best Practice for excludedCovariateConceptIds?,,2026-03-20 03:05:42.815000+00:00,2026-03-20 03:05:42.865000+00:00,u_5b9ece9490,2,True,1,0,1,0,,38,0,,open,,,https://forums.ohdsi.org/t/cohortmethod-ps-model-separation-with-active-comparator-new-user-designs-best-practice-for-excludedcovariateconceptids/25118,,2026Q1,2,,,,,,,,,,,,,no_reply,True
f25136,forums,General,"Weekly OHDSI Digest - March 23, 2026",,2026-03-23 17:00:48.156000+00:00,2026-03-23 17:00:48.202000+00:00,u_8f4021bf34,2,False,1,0,1,0,,29,0,,open,,,https://forums.ohdsi.org/t/weekly-ohdsi-digest-march-23-2026/25136,,2026Q1,1463,announcement,community_process,,,,none,False,no_reply,False,False,,high,no_reply,True
f25139,forums,Implementers,"Transform Your EMR Data into OMOP CDM — Faster, More Efficient, and Scalable","cdm,atlas,vocabularies,webapi",2026-03-24 07:53:16.939000+00:00,2026-03-24 07:53:17.005000+00:00,u_6ab79f3389,1,False,1,0,1,0,,79,0,,open,,,https://forums.ohdsi.org/t/transform-your-emr-data-into-omop-cdm-faster-more-efficient-and-scalable/25139,,2026Q1,160,job_or_event,"etl_cdm_conversion,data_quality","Usagi,WhiteRabbit,Achilles,Atlas,DataQualityDashboard",,,none,False,no_reply,False,True,,high,no_reply,True
f25142,forums,Developers,Athena Concept_Synonym Glue Ear,vocabularies,2026-03-25 12:25:05.772000+00:00,2026-05-11 07:49:10.941000+00:00,u_61602b39f3,2,False,2,1,2,1,2026-05-11 07:49:10.941000+00:00,54,0,,open,,,https://forums.ohdsi.org/t/athena-concept-synonym-glue-ear/25142,1123.4014358333334,2026Q1,66,bug,data_quality,"Athena,Vocabulary",Loading CONCEPT_SYNONYM table containing special characters causes SQL errors when double quotes are not properly escaped.,Properly load vocabulary tables with all valid concept synonym variations including special characters.,major,True,resolved,False,False,Same concept_synonym_name but one contains double quotes,high,resolved,False
f25148,forums,Uncategorized,"Register for the 2026 OHDSI Global Symposium, Oct. 20-22!",,2026-03-26 12:23:18.471000+00:00,2026-03-26 12:23:18.516000+00:00,u_8f4021bf34,2,False,1,0,1,0,,39,0,,open,,,https://forums.ohdsi.org/t/register-for-the-2026-ohdsi-global-symposium-oct-20-22/25148,,2026Q1,53,announcement,community_process,,,,none,False,no_reply,False,False,,high,no_reply,True
f25150,forums,General,Call for Participation for the Collaborator Showcase at the Global Symposium is open!,,2026-03-26 13:53:30.946000+00:00,2026-03-26 13:53:30.981000+00:00,u_8f4021bf34,2,False,1,0,1,0,,27,0,,open,,,https://forums.ohdsi.org/t/call-for-participation-for-the-collaborator-showcase-at-the-global-symposium-is-open/25150,,2026Q1,24,announcement,community_process,,,,none,False,no_reply,False,False,,high,no_reply,True
f25154,forums,CDM Builders,"Cycles in the ER (Entity Relationship) model - CONCEPT, VOCABULARY, DOMAIN as a graph",,2026-03-27 14:48:07.182000+00:00,2026-03-27 20:13:46.226000+00:00,u_dd2a3d6295,1,False,3,2,2,1,2026-03-27 17:34:40.225000+00:00,58,0,,open,,,https://forums.ohdsi.org/t/cycles-in-the-er-entity-relationship-model-concept-vocabulary-domain-as-a-graph/25154,2.7758452777777776,2026Q1,135,discussion,,SQL,"Circular foreign key relationships in CONCEPT, VOCABULARY, DOMAIN tables create data loading complexity requiring workarounds.",Refactor CDM schema to eliminate circular foreign key dependencies for cleaner loading processes and ORM generation.,major,True,unresolved,False,False,Cycles of keys/foreign keys which can cause problems or create additional burden,medium,unresolved,True
f25158,forums,General,OHDSI Phenotype Phebruary - (in aPHril) 2026,"atlas,phenotyping,phenotype-phebruary",2026-03-28 11:16:41.130000+00:00,2026-04-08 11:33:37.820000+00:00,u_e13632bec5,4,False,6,5,1,0,,175,0,,open,,,https://forums.ohdsi.org/t/ohdsi-phenotype-phebruary-in-aphril-2026/25158,,2026Q1,812,announcement,"cohort_definition,learning_onboarding,community_process","Atlas,R,HADES",,,none,False,no_reply,True,False,,high,no_reply,True
f25160,forums,Developers,OHDSI StudyAgent dockerized,,2026-03-28 20:13:13.247000+00:00,2026-03-28 20:13:13.292000+00:00,u_6668879772,2,True,1,0,1,0,,52,1,,open,,,https://forums.ohdsi.org/t/ohdsi-studyagent-dockerized/25160,,2026Q1,62,announcement,"infrastructure_deployment,cohort_definition","StudyAgent,Docker,R",,,none,False,no_reply,False,False,,high,no_reply,True
f25166,forums,Implementers,Guidance on Mapping Source “Observation” Visits to visit_concept_id in OMOP CDM,cdm,2026-03-29 20:27:30.568000+00:00,2026-03-31 15:44:38.379000+00:00,u_79a8c19418,1,False,4,3,2,2,2026-03-30 14:59:07.584000+00:00,86,1,,open,,,https://forums.ohdsi.org/t/guidance-on-mapping-source-observation-visits-to-visit-concept-id-in-omop-cdm/25166,18.52694888888889,2026Q1,283,question,etl_cdm_conversion,,Mapping source 'Observation' visit type to visit_concept_id lacks clear OMOP guidance with conflicting community responses.,Properly classify observation stays versus inpatient visits in OMOP visit_occurrence based on regulatory definitions.,major,True,partially,False,True,How a source visit type of 'Observation' should be mapped to visit_concept_id,medium,partially,True
f25170,forums,General,"Weekly OHDSI Digest - March 30, 2026",,2026-03-30 12:21:47.804000+00:00,2026-03-30 12:21:47.860000+00:00,u_8f4021bf34,2,False,1,0,1,0,,31,0,,open,,,https://forums.ohdsi.org/t/weekly-ohdsi-digest-march-30-2026/25170,,2026Q1,1379,announcement,community_process,,,,none,False,no_reply,False,False,,high,no_reply,True
f25174,forums,CDM Builders,Missing NDC code for COVID-19 Home Test Kits,,2026-03-31 16:34:17.321000+00:00,2026-04-02 13:01:30.725000+00:00,u_4c02f6bf08,1,False,2,1,2,1,2026-04-02 13:01:30.725000+00:00,39,1,,open,,,https://forums.ohdsi.org/t/missing-ndc-code-for-covid-19-home-test-kits/25174,44.453723333333336,2026Q1,71,question,"vocabulary_mapping,etl_cdm_conversion","Vocabulary,Athena","COVID-19 home test NDC codes are missing from OMOP vocabulary, preventing their use in drug exposure mapping.",Map source NDC codes for COVID tests to OMOP vocabulary for complete drug exposure capture in analyses.,major,True,partially,False,True,NDC codes that I would like to know if they were simply omitted,medium,partially,True
f25195,forums,Uncategorized,"Weekly OHDSI Digest - April 6, 2026",,2026-04-06 20:19:31.719000+00:00,2026-04-06 20:19:31.765000+00:00,u_8f4021bf34,2,False,1,0,1,0,,22,0,,open,,,https://forums.ohdsi.org/t/weekly-ohdsi-digest-april-6-2026/25195,,2026Q2,1129,announcement,community_process,,,,none,False,no_reply,False,False,,high,no_reply,True
f25204,forums,Developers,Release of Phenelope - LLM Concept Set Builder,,2026-04-09 13:26:06.691000+00:00,2026-06-02 16:57:10.031000+00:00,u_abf960bb46,1,False,3,2,2,1,2026-04-13 16:14:25.351000+00:00,121,2,,open,,,https://forums.ohdsi.org/t/release-of-phenelope-llm-concept-set-builder/25204,98.80518333333333,2026Q2,94,announcement,"cohort_definition,vocabulary_mapping",R,,Create OMOP concept sets for clinical conditions using LLM assistance for faster phenotype development.,none,False,no_reply,False,False,,high,no_reply,True
f25210,forums,CDM Builders,OMOP VI: The Undiscovered Caboodle,,2026-04-10 20:32:13.999000+00:00,2026-04-10 20:32:14.059000+00:00,u_5afcb4d0a7,1,False,1,0,1,0,,113,0,,open,,,https://forums.ohdsi.org/t/omop-vi-the-undiscovered-caboodle/25210,,2026Q2,441,announcement,"etl_cdm_conversion,data_quality","Epic,Clarity,Caboodle,OMOP",,,none,False,resolved,True,True,,high,resolved_self,False
f25215,forums,General,"Weekly OHDSI Digest - April 13, 2026",,2026-04-13 22:24:54.156000+00:00,2026-04-13 22:24:54.206000+00:00,u_8f4021bf34,2,False,1,0,1,0,,32,0,,open,,,https://forums.ohdsi.org/t/weekly-ohdsi-digest-april-13-2026/25215,,2026Q2,1005,announcement,"community_process,learning_onboarding","KEEPER,OHDSI",,,none,False,no_reply,False,False,,high,no_reply,True
f25216,forums,Vocabulary Users,Vocabulary WG meeting May 19 [HPO],,2026-04-14 02:17:04.892000+00:00,2026-04-14 02:17:04.932000+00:00,u_8b1a42a943,2,False,1,0,1,0,,28,1,,open,,,https://forums.ohdsi.org/t/vocabulary-wg-meeting-may-19-hpo/25216,,2026Q2,36,job_or_event,"vocabulary_mapping,community_process","Athena,Vocabulary",,,none,False,no_reply,False,True,,high,no_reply,True
f25217,forums,Vocabulary Users,Vocabulary WG meeting June 16 [Vaccine Ontology],,2026-04-14 02:22:32.889000+00:00,2026-04-14 02:22:32.925000+00:00,u_8b1a42a943,2,False,1,0,1,0,,40,1,,open,,,https://forums.ohdsi.org/t/vocabulary-wg-meeting-june-16-vaccine-ontology/25217,,2026Q2,63,job_or_event,"vocabulary_mapping,community_process","Athena,Vocabulary",,,none,False,no_reply,False,True,,high,no_reply,True
f25221,forums,Implementers, Guidance on whether records of pharmacy dispensed medications should be represented as entries in the visit_occurrence table.,,2026-04-14 10:25:20.070000+00:00,2026-04-27 03:31:38.048000+00:00,u_d83f1d20f3,1,False,5,4,4,3,2026-04-15 19:24:25.200000+00:00,86,5,,open,,,https://forums.ohdsi.org/t/guidance-on-whether-records-of-pharmacy-dispensed-medications-should-be-represented-as-entries-in-the-visit-occurrence-table/25221,32.98475833333333,2026Q2,112,question,"etl_cdm_conversion,harmonization_context",OMOP,Uncertainty about whether pharmacy-dispensed medication records must be represented in visit_occurrence or only in drug tables.,Determine the correct OMOP CDM representation for pharmacy-dispensed medications from a source registry.,major,False,unclear,False,True,Whether records from the prescribed drug register should be inserted into the visit_occurrence table as pharmacy visits.,medium,unclear,False
f25224,forums,General,Wearables data - 2026 update?,vocabularies,2026-04-14 16:52:27.466000+00:00,2026-04-20 16:00:13.842000+00:00,u_0674b7661c,1,False,3,2,3,2,2026-04-16 04:05:47.672000+00:00,81,0,,open,,,https://forums.ohdsi.org/t/wearables-data-2026-update/25224,35.222279444444446,2026Q2,35,question,"etl_cdm_conversion,learning_onboarding","OMOP,Measurement",Uncertainty about managing wearables data and where it fits in the OHDSI ecosystem.,Learn how to model and store wearables data in OMOP CDM.,minor,False,unclear,False,False,How to manage Wearables data and does OHDSI ecosystem support it.,low,unclear,False
f25226,forums,CDM Builders,Defining encounter-level visit grain from claims with inconsistent place-of-service and nested detail lines,,2026-04-14 19:36:13.688000+00:00,2026-06-05 11:53:09.483000+00:00,u_4c02f6bf08,1,True,6,5,4,4,2026-04-17 10:10:00.797000+00:00,96,3,,open,,,https://forums.ohdsi.org/t/defining-encounter-level-visit-grain-from-claims-with-inconsistent-place-of-service-and-nested-detail-lines/25226,62.56308583333333,2026Q2,537,question,etl_cdm_conversion,OMOP,"Claims data bundle multiple real-world encounters under single identifiers, making it difficult to define visit grain at the correct granularity.",Map claims-level detail lines to visit_occurrence with proper encounter-level grain for multi-service claims.,major,True,partially,False,True,47 separate psychotherapy sessions billed under one claim would become a single visit spanning six months.,high,partially,True
f25227,forums,Developers,Study Agent has keeper services!,,2026-04-14 22:37:22.266000+00:00,2026-04-14 22:37:22.312000+00:00,u_6668879772,2,False,1,0,1,0,,48,1,,open,,,https://forums.ohdsi.org/t/study-agent-has-keeper-services/25227,,2026Q2,76,announcement,"community_process,learning_onboarding","Study Agent,KEEPER",,,none,False,no_reply,False,False,,high,no_reply,True
f25230,forums,Implementers,Mapping ATC/Clinical Drug concepts to RxNorm Ingredient for drug_era,cdm,2026-04-15 12:21:17.322000+00:00,2026-04-15 21:14:43.174000+00:00,u_2e4b61a2b7,1,False,3,2,3,2,2026-04-15 19:17:30.424000+00:00,70,2,,open,,,https://forums.ohdsi.org/t/mapping-atc-clinical-drug-concepts-to-rxnorm-ingredient-for-drug-era/25230,6.936972777777777,2026Q2,320,question,etl_cdm_conversion,"OMOP,Usagi,Athena,Vocabulary","Mapping ATC codes to RxNorm Ingredients for drug_era loses dosage information, and the inverse ingredient lookup requires performance-prohibitive joins.",Map ATC-sourced medications to drug_era with preserved dosage and acceptable query performance.,major,True,partially,False,True,Cannot preserve dosage information when mapping to RxNorm Ingredient; additional table may be needed.,high,partially,True
f25236,forums,General,APAC-VALUE Study: A global characterization of VALproate Utilization and Exposure,,2026-04-16 06:02:20.689000+00:00,2026-04-16 10:52:43.981000+00:00,u_3f9faf676d,1,False,2,1,2,1,2026-04-16 10:52:43.981000+00:00,128,4,,open,,,https://forums.ohdsi.org/t/apac-value-study-a-global-characterization-of-valproate-utilization-and-exposure/25236,4.839803333333334,2026Q2,415,announcement,"network_study_execution,characterization","ATLAS,OHDSI",,Characterize valproate utilization patterns and regulatory response across regions in a federated network study.,none,False,resolved,True,False,,high,resolved,False
f25237,forums,Implementers,Guidance on how to map multiple alternative causes of death,,2026-04-16 06:45:14.859000+00:00,2026-04-17 20:11:22.268000+00:00,u_d83f1d20f3,1,False,3,2,3,2,2026-04-17 10:16:19.149000+00:00,66,2,,open,,,https://forums.ohdsi.org/t/guidance-on-how-to-map-multiple-alternative-causes-of-death/25237,27.517858333333333,2026Q2,67,question,etl_cdm_conversion,OMOP,Uncertainty about how to represent multiple alternative causes of death that go beyond what the death table can store.,Map granular death-cause data to OMOP CDM respecting standard conventions.,minor,True,partially,False,True,Multiple alternative causes of death in source data; CDM death table is limited.,medium,partially,True
f25239,forums,CDM Builders,Themis WG meetings,,2026-04-16 15:15:35.977000+00:00,2026-04-16 15:15:36.024000+00:00,u_4f6d298bed,3,False,1,0,1,0,,22,0,,open,,,https://forums.ohdsi.org/t/themis-wg-meetings/25239,,2026Q2,83,discussion,community_process,OHDSI,Low attendance at Themis working group meetings; organizer unclear if timing is poor or interest is waning.,,minor,False,no_reply,False,False,Not even the bots showed up; need to understand if timing or interest is the issue.,medium,no_reply,True
f25254,forums,General,Realizing the dream of evidence at scale,,2026-04-20 12:22:47.655000+00:00,2026-06-06 16:18:30.455000+00:00,u_3b2a65d584,4,False,15,14,14,14,2026-04-20 14:02:13.224000+00:00,360,30,,open,,,https://forums.ohdsi.org/t/realizing-the-dream-of-evidence-at-scale/25254,1.6571025000000001,2026Q2,86,announcement,community_process,OHDSI,,Produce reliable evidence at scale for all medical interventions across all databases worldwide.,none,False,unresolved,True,False,,high,unresolved,True
f25255,forums,General,"Weekly OHDSI Digest - April 20, 2026",,2026-04-20 19:35:47.754000+00:00,2026-04-20 19:35:47.798000+00:00,u_8f4021bf34,2,False,1,0,1,0,,32,0,,open,,,https://forums.ohdsi.org/t/weekly-ohdsi-digest-april-20-2026/25255,,2026Q2,1127,announcement,community_process,"OHDSI,ATLAS",,,none,False,no_reply,False,False,,high,no_reply,True
f25260,forums,General,Reminder- Submit your brief reports for the Global Symposium by June 5th 8pmET,,2026-04-21 13:10:20.341000+00:00,2026-04-21 13:10:20.389000+00:00,u_8f4021bf34,2,False,1,0,1,0,,19,0,,open,,,https://forums.ohdsi.org/t/reminder-submit-your-brief-reports-for-the-global-symposium-by-june-5th-8pmet/25260,,2026Q2,24,announcement,community_process,OHDSI,,,none,False,no_reply,False,False,,high,no_reply,True
f25261,forums,Vocabulary Users,Issue with SPL dosage/route concepts functioning as 'Classification' ancestors to RxNorm Ingredients,,2026-04-21 18:48:22.400000+00:00,2026-04-22 21:36:26.530000+00:00,u_40a908fa41,2,True,6,5,2,2,2026-04-21 21:32:04.721000+00:00,61,1,,open,,,https://forums.ohdsi.org/t/issue-with-spl-dosage-route-concepts-functioning-as-classification-ancestors-to-rxnorm-ingredients/25261,2.7284225,2026Q2,411,bug,vocabulary_mapping,"Athena,Vocabulary,RxNorm,SPL","SPL concepts are designated as Classification but contain specific dosages and routes, breaking the paradigm and creating noise in hierarchical queries.",Ensure SPL classification concepts function as true therapeutic groupings rather than mixing granular formulation details.,major,True,unresolved,False,True,SPL terms designated as Classification lack true higher-order groupings; instead mix dosages and routes.,high,unresolved,True
f25271,forums,Implementers,Guidance on how to map immigration and emigration records,,2026-04-23 06:50:27.511000+00:00,2026-04-23 06:50:27.561000+00:00,u_d83f1d20f3,1,False,1,0,1,0,,29,0,,open,,,https://forums.ohdsi.org/t/guidance-on-how-to-map-immigration-and-emigration-records/25271,,2026Q2,69,question,etl_cdm_conversion,OMOP,Uncertainty about mapping immigration and emigration events to OMOP CDM beyond using them to define observation_period.,Represent migration events as observations in the CDM.,minor,False,no_reply,False,True,How to represent immigration and emigration records in the CDM.,low,no_reply,True
f25275,forums,General,Databricks Genie Spaces for OMOP,ai,2026-04-23 18:12:56.649000+00:00,2026-04-23 18:12:56.707000+00:00,u_a8ee01973e,1,False,1,0,1,0,,51,3,,open,,,https://forums.ohdsi.org/t/databricks-genie-spaces-for-omop/25275,,2026Q2,180,discussion,"characterization,infrastructure_deployment","Databricks,OMOP,ATLAS",Clinical teams need to answer operational OMOP questions without becoming Atlas experts; Databricks AI provides a solution but optimal design patterns are unclear.,Enable non-expert users to perform OMOP cohort characterization and sizing through natural language interfaces.,minor,True,unresolved,False,False,Clinical teams want to use OHDSI/OMOP for operational questions without becoming Atlas experts.,medium,no_reply,True
f25280,forums,Implementers,Study period -Atlas cohort definition,,2026-04-24 10:48:54.300000+00:00,2026-05-06 19:55:12.347000+00:00,u_5f153f69e4,1,False,2,1,2,1,2026-05-06 19:55:12.347000+00:00,41,0,,open,,,https://forums.ohdsi.org/t/study-period-atlas-cohort-definition/25280,297.10501305555556,2026Q2,60,question,cohort_definition,ATLAS,Uncertainty about the correct Atlas feature to use for applying study period restrictions in cohort definitions.,Define a time-bounded cohort with appropriate study period constraints in Atlas.,minor,False,partially,False,False,Best way to define study period in Atlas for kids 5-15yo with asthma 2015-2025.,medium,partially,True
f25287,forums,General,Reminder to book your Hyatt sleeping room for the Global Symposium!,,2026-04-27 12:34:50.490000+00:00,2026-04-27 12:34:50.537000+00:00,u_8f4021bf34,2,False,1,0,1,0,,29,0,,open,,,https://forums.ohdsi.org/t/reminder-to-book-your-hyatt-sleeping-room-for-the-global-symposium/25287,,2026Q2,146,announcement,community_process,OHDSI,,,none,False,no_reply,False,False,,high,no_reply,True
f25289,forums,General,"Weekly OHDSI Digest - April 27, 2026",,2026-04-27 18:01:34.113000+00:00,2026-04-27 18:01:34.159000+00:00,u_8f4021bf34,2,False,1,0,1,0,,40,0,,open,,,https://forums.ohdsi.org/t/weekly-ohdsi-digest-april-27-2026/25289,,2026Q2,1347,announcement,community_process,OHDSI,,,none,False,no_reply,False,False,,high,no_reply,True
f25292,forums,General,The Saurus new lives,,2026-04-28 07:57:37.242000+00:00,2026-06-18 07:37:55.039000+00:00,u_8a9188d13e,2,False,2,1,2,1,2026-06-18 07:37:55.039000+00:00,78,7,,open,,,https://forums.ohdsi.org/t/the-saurus-new-lives/25292,1223.6716102777777,2026Q2,79,other,,,,,none,False,no_reply,False,False,,high,no_reply,True
f25293,forums,CDM Builders,Looking for synthetic datasets that have been used for tool tutorials,,2026-04-28 15:39:05.074000+00:00,2026-04-28 22:30:05.522000+00:00,u_c919d1b15d,2,False,7,6,2,3,2026-04-28 16:16:05.978000+00:00,88,0,,open,,,https://forums.ohdsi.org/t/looking-for-synthetic-datasets-that-have-been-used-for-tool-tutorials/25293,0.6169177777777778,2026Q2,148,question,learning_onboarding,"Eunomia,Synthea,OMOP","Limited availability of recent, diverse synthetic OMOP datasets for tutorials and network study replication.",Locate or create synthetic OMOP datasets suitable for tool tutorials and replicating published network studies.,minor,True,resolved,False,False,Need recent synthetic datasets for tutorials; Sympuf is outdated with limited years.,medium,resolved,False
f25295,forums,Vocabulary Users,Tool for building code sets outside of Atlas,,2026-04-28 19:15:58.436000+00:00,2026-04-28 19:15:58.479000+00:00,u_a39866ff40,2,False,1,0,1,0,,44,1,,open,,,https://forums.ohdsi.org/t/tool-for-building-code-sets-outside-of-atlas/25295,,2026Q2,77,announcement,vocabulary_mapping,"ATLAS,Vocabulary",,Provide non-Atlas users and non-experts a tool to quickly build OMOP code sets.,none,False,resolved,False,False,,high,resolved_self,False
f25300,forums,General,Reminder about Visa Application for Global Symposium,,2026-04-29 13:38:13.796000+00:00,2026-04-29 13:38:13.846000+00:00,u_8f4021bf34,2,False,1,0,1,0,,35,0,,open,,,https://forums.ohdsi.org/t/reminder-about-visa-application-for-global-symposium/25300,,2026Q2,32,announcement,community_process,OHDSI,,,none,False,no_reply,False,False,,high,no_reply,True
f25308,forums,Developers,Modifying Reports in Atlas,,2026-05-01 17:49:41.994000+00:00,2026-05-01 17:49:42.054000+00:00,u_593d8494f6,1,False,1,0,1,0,,37,0,,open,,,https://forums.ohdsi.org/t/modifying-reports-in-atlas/25308,,2026Q2,144,question,characterization,ATLAS,Atlas cohort and report generation lack built-in capability to stratify results by site in multi-site coordinated research.,Enable site-level stratification in Atlas feasibility queries and person reports.,major,True,unresolved,True,False,Need to stratify results by site so investigators can see patient counts per site.,medium,no_reply,True
f25318,forums,Researchers,Health systems with EHR data in OMOP,,2026-05-04 17:18:24.352000+00:00,2026-05-04 17:18:24.404000+00:00,u_420b84525a,0,False,1,0,1,0,,46,1,,open,,,https://forums.ohdsi.org/t/health-systems-with-ehr-data-in-omop/25318,,2026Q2,55,discussion,community_process,OMOP,,Compile a registry of health systems with OMOP-harmonized EHR data.,none,False,unresolved,False,False,,high,no_reply,True
f25319,forums,General,"Weekly OHDSI Digest - May 4, 2026",,2026-05-04 18:41:04.252000+00:00,2026-05-04 18:41:04.301000+00:00,u_8f4021bf34,2,False,1,0,1,0,,26,0,,open,,,https://forums.ohdsi.org/t/weekly-ohdsi-digest-may-4-2026/25319,,2026Q2,1535,announcement,community_process,OHDSI,,,none,False,no_reply,False,False,,high,no_reply,True
f25328,forums,General,"Job Opportunity: Senior Scientist, Translational Genetics & Real-World Evidence – Arrowhead Pharmaceuticals",,2026-05-05 22:37:39.814000+00:00,2026-05-05 22:37:39.910000+00:00,u_82dc26c3cf,1,False,1,0,1,0,,46,0,,open,,,https://forums.ohdsi.org/t/job-opportunity-senior-scientist-translational-genetics-real-world-evidence-arrowhead-pharmaceuticals/25328,,2026Q2,96,job_or_event,,"OMOP,R,Python",,,none,False,no_reply,False,False,,high,no_reply,True
f25333,forums,Implementers,How best should I map values that are the result of composite scores for a particular condition?,,2026-05-07 13:30:25.183000+00:00,2026-05-11 10:12:36.568000+00:00,u_09ee286c0d,1,False,3,2,2,1,2026-05-07 15:14:40.203000+00:00,67,2,,open,,,https://forums.ohdsi.org/t/how-best-should-i-map-values-that-are-the-result-of-composite-scores-for-a-particular-condition/25333,1.7375055555555556,2026Q2,208,question,etl_cdm_conversion,OMOP,Composite clinical scores lose granularity when mapped to OMOP concepts; unable to decompose scores into source components.,"Represent composite clinical scores (e.g., CHAD score) in OMOP CDM.",minor,True,partially,False,True,Composite score values cannot be easily broken down into component questions; mapping is unclear.,medium,partially,True
f25352,forums,CDM Builders,Looking for participants with experience in OMOP vocabulary mapping,vocabularies,2026-05-11 11:47:33.759000+00:00,2026-05-11 11:47:33.811000+00:00,u_58249f0a53,0,False,1,0,1,0,,38,0,,open,,,https://forums.ohdsi.org/t/looking-for-participants-with-experience-in-omop-vocabulary-mapping/25352,,2026Q2,85,discussion,community_process,"OMOP,Vocabulary",,Recruit research participants with OMOP vocabulary mapping experience for thesis interviews.,none,False,unresolved,False,False,,high,no_reply,True
f25355,forums,General,"Weekly OHDSI Digest - May 11, 2026",,2026-05-11 22:46:59.237000+00:00,2026-05-11 22:46:59.290000+00:00,u_8f4021bf34,2,False,1,0,1,0,,25,0,,open,,,https://forums.ohdsi.org/t/weekly-ohdsi-digest-may-11-2026/25355,,2026Q2,1516,announcement,community_process,OHDSI,,,none,False,no_reply,False,False,,high,no_reply,True
f25359,forums,Implementers,How do we upgrade Postgres in OMOP? - Getting errors in WebAPI,"atlas,webapi",2026-05-12 12:34:13.693000+00:00,2026-05-12 12:34:13.746000+00:00,u_3e617893ac,0,False,1,0,1,0,,34,0,,open,,,https://forums.ohdsi.org/t/how-do-we-upgrade-postgres-in-omop-getting-errors-in-webapi/25359,,2026Q2,202,bug,infrastructure_deployment,"PostgreSQL,ATLAS,WebAPI",Upgrading PostgreSQL from v10 to v17 causes WebAPI application startup failure with permission denied errors.,Successfully upgrade PostgreSQL to a supported version without breaking WebAPI/ATLAS.,blocker,False,unresolved,False,False,WebAPI application not loading after PostgreSQL upgrade with permission denied error.,high,no_reply,True
f25360,forums,Researchers,Introducing Alathea - a tool that tracks changes in cohorts due to vocabulary update,"cdm,atlas,vocabularies,phenotyping",2026-05-12 13:33:17.586000+00:00,2026-05-12 13:33:17.646000+00:00,u_f0b6afc0df,2,False,1,0,1,0,,45,1,,open,,,https://forums.ohdsi.org/t/introducing-alathea-a-tool-that-tracks-changes-in-cohorts-due-to-vocabulary-update/25360,,2026Q2,216,announcement,"vocabulary_mapping,cohort_definition","R,OHDSI Phenotype Library",,Track and communicate how vocabulary updates affect cohort definition resolution.,none,False,resolved,True,True,,high,resolved_self,False
f25362,forums,Vocabulary Users,Introducing the LLM mapping classificator,,2026-05-12 15:40:02.755000+00:00,2026-05-12 15:40:02.793000+00:00,u_f0b6afc0df,2,False,1,0,1,0,,58,0,,open,,,https://forums.ohdsi.org/t/introducing-the-llm-mapping-classificator/25362,,2026Q2,107,announcement,vocabulary_mapping,"LLM,Vocabulary",,"Classify OMOP vocabulary mappings as uphil, downhil, equal, or incorrect using LLM tools.",none,False,resolved,False,True,,high,resolved_self,False
f25363,forums,General,"Share Your LLM Research: June 2, 9 & 16 Community Calls",,2026-05-12 16:21:40.667000+00:00,2026-05-12 16:21:40.723000+00:00,u_ded4baaf3b,2,False,1,0,1,0,,35,0,,open,,,https://forums.ohdsi.org/t/share-your-llm-research-june-2-9-16-community-calls/25363,,2026Q2,81,job_or_event,community_process,OHDSI,,,none,False,no_reply,False,False,,high,no_reply,True
f25371,forums,General,Oncology ETL OnRamp is OUT,"cdm,vocabularies",2026-05-13 19:13:35.770000+00:00,2026-05-13 19:13:35.830000+00:00,u_bb8ad4efa0,2,False,1,0,1,0,,99,2,,open,,,https://forums.ohdsi.org/t/oncology-etl-onramp-is-out/25371,,2026Q2,113,announcement,etl_cdm_conversion,OMOP,,,none,False,resolved,False,True,,high,resolved_self,False
f25373,forums,General,Challenges Mapping Oncology Billing and Claims Data into the OMOP CDM,,2026-05-14 17:29:55.537000+00:00,2026-05-14 18:27:42.506000+00:00,u_27cea2b8dd,0,False,2,1,2,1,2026-05-14 18:27:42.506000+00:00,52,0,,open,,,https://forums.ohdsi.org/t/challenges-mapping-oncology-billing-and-claims-data-into-the-omop-cdm/25373,0.9630469444444445,2026Q2,267,question,etl_cdm_conversion,"OMOP,ATLAS","Oncology billing has specialized workflows (infusion complexities, prior auth, buy-and-bill) that are difficult to represent in patient-centric OMOP CDM.","Map oncology billing workflows to OMOP CDM while preserving links between infusions, drug exposures, and financial claims.",major,False,partially,False,True,Oncology billing is specialized with infusion complexity and prior auth that fit poorly into patient-centric CDM.,medium,partially,True
f25376,forums,Vocabulary Users,Questions on Vocabulary Registration for YJ and JLAC: Duplicate Names and Appropriate Mapping Granularity (RxNorm / LOINC / SNOMED),vocabularies,2026-05-17 09:20:33.643000+00:00,2026-05-29 08:17:51.844000+00:00,u_f6996d1734,1,False,3,2,2,1,2026-05-18 07:55:34.463000+00:00,84,1,,open,,,https://forums.ohdsi.org/t/questions-on-vocabulary-registration-for-yj-and-jlac-duplicate-names-and-appropriate-mapping-granularity-rxnorm-loinc-snomed/25376,22.583561111111113,2026Q2,150,question,vocabulary_mapping,"Athena,Vocabulary,RxNorm,LOINC,SNOMED","Japanese vocabulary registration (YJ, JLAC) has unclear guidance on handling duplicate names, mapping granularity, and concept naming conventions.",Register Japanese standard vocabularies in Athena with appropriate granularity and naming practices.,minor,False,partially,False,True,Duplicate concept names due to source constraints; unclear if acceptable or what mapping granularity to prefer.,medium,partially,True
f25377,forums,General,Reminder- Submit your brief report for the 2026 Global Symposium by 8pmET June 5th!,,2026-05-17 10:48:10.808000+00:00,2026-05-17 10:48:10.846000+00:00,u_8f4021bf34,2,False,1,0,1,0,,18,0,,open,,,https://forums.ohdsi.org/t/reminder-submit-your-brief-report-for-the-2026-global-symposium-by-8pmet-june-5th/25377,,2026Q2,24,announcement,community_process,OHDSI,,,none,False,no_reply,False,False,,high,no_reply,True
f25382,forums,General,"Weekly OHDSI Digest - May 18, 2026",,2026-05-18 20:32:15.898000+00:00,2026-05-18 20:32:15.959000+00:00,u_8f4021bf34,2,False,1,0,1,0,,21,0,,open,,,https://forums.ohdsi.org/t/weekly-ohdsi-digest-may-18-2026/25382,,2026Q2,1190,announcement,community_process,"OHDSI,MEDS",,,none,False,no_reply,False,False,,high,no_reply,True
f25398,forums,Researchers,Representing germline & somatic variants in OMOP — who's actively using the Genomic CDM extension?,,2026-05-25 07:52:44.104000+00:00,2026-06-20 21:09:58.070000+00:00,u_82dc26c3cf,1,True,6,5,4,3,2026-05-26 06:21:11.490000+00:00,107,1,,open,,,https://forums.ohdsi.org/t/representing-germline-somatic-variants-in-omop-whos-actively-using-the-genomic-cdm-extension/25398,22.474273888888888,2026Q2,303,discussion,"prediction_ml,network_study_execution","OMOP Genomic CDM,ATLAS,HADES","Limited practical guidance on operationalizing genomic data with OMOP; variant representation, linkage at scale, and genotype-phenotype workflows lack established patterns.",Define patterns for integrating biobank-scale genomic data with OMOP EHR in production network studies.,major,False,unresolved,True,True,Limited end-to-end production use of OMOP Genomic CDM; unclear how to represent and link genomic data.,medium,unresolved,True
f25399,forums,Researchers,"Adding PRS and variant-carrier status as features in PatientLevelPrediction — encoding, leakage, and cross-ancestry calibration",,2026-05-25 08:16:02.654000+00:00,2026-05-25 08:16:02.690000+00:00,u_82dc26c3cf,1,True,1,0,1,0,,25,0,,open,,,https://forums.ohdsi.org/t/adding-prs-and-variant-carrier-status-as-features-in-patientlevelprediction-encoding-leakage-and-cross-ancestry-calibration/25399,,2026Q2,405,question,prediction_ml,"PatientLevelPrediction,FeatureExtraction,HADES","Genetic features (PRS, variant-carrier status) are time-invariant and off-platform, breaking assumptions of FeatureExtraction and creating encoding, leakage, and cross-ancestry calibration challenges.","Include genetic covariates (PRS, carrier status) in PatientLevelPrediction models with proper encoding and cross-ancestry calibration.",major,False,unresolved,True,False,Genetic features are time-invariant and off-platform; unclear how to encode and prevent temporal leakage.,high,no_reply,True
f25403,forums,Vocabulary Users,Possible minor glitch in CVX data?,,2026-05-25 20:14:03.987000+00:00,2026-06-10 11:03:23.110000+00:00,u_5725efb4e9,2,False,4,3,2,2,2026-05-25 20:36:06.248000+00:00,62,0,,open,,,https://forums.ohdsi.org/t/possible-minor-glitch-in-cvx-data/25403,0.3672947222222222,2026Q2,63,bug,vocabulary_mapping,"Athena,CVX,RxNorm,Vocabulary","PCV21 is marked non-standard in Athena despite being FDA-approved and CDC-recommended, creating confusion about its usability.",Ensure OMOP vocabulary status accurately reflects real-world vaccine availability and recommendations.,minor,True,partially,False,True,PCV21 shows as non-standard in Athena despite FDA approval and CDC recommendation.,medium,partially,True
f25404,forums,Vocabulary Users,Regarding regional Node concepts in the Cancer Modifier Vocabulary,vocabularies,2026-05-26 00:14:54.698000+00:00,2026-06-01 00:28:24.450000+00:00,u_de9f930849,1,False,3,2,2,1,2026-05-29 22:07:24.180000+00:00,60,0,,open,,,https://forums.ohdsi.org/t/regarding-regional-node-concepts-in-the-cancer-modifier-vocabulary/25404,93.87485611111111,2026Q2,492,discussion,etl_cdm_conversion,"OMOP,Cancer Modifier Vocabulary",Cancer Modifier vocabulary lacks broader regional lymph node concepts for grouped nodal packets; only granular station-level concepts limit representation of real-world pathology reporting.,Add regional lymph node grouping concepts to Cancer Modifier vocabulary to match surgical pathology workflows.,minor,False,unresolved,False,True,"Pathology reports group lymph nodes as packets, not individual stations; current vocabulary lacks grouped concepts.",medium,unresolved,True
f25406,forums,Implementers,Can results schema be on a different database than cdm?,webapi,2026-05-26 10:24:28.039000+00:00,2026-05-27 15:37:42.526000+00:00,u_b18e0722ca,2,False,2,1,2,1,2026-05-27 15:37:42.526000+00:00,37,1,,open,,,https://forums.ohdsi.org/t/can-results-schema-be-on-a-different-database-than-cdm/25406,29.220690833333332,2026Q2,85,question,infrastructure_deployment,"WebAPI,Postgres,DatabaseConnector","Results schema and CDM must reside in the same database, preventing writes when the virtual layer lacks write access.",Separate the results database from the CDM database to accommodate volume constraints and access limitations.,major,True,partially,False,False,results (and temp) need writing access which the virtual layer won't allow,high,partially,True
f25408,forums,Uncategorized,PEPTIDE_LOCAL: proposed OMOP vocabulary for 12 therapeutic peptides without NDC/RxNorm — request for community feedback,vocabularies,2026-05-26 12:35:18.847000+00:00,2026-05-26 20:14:11.872000+00:00,u_cef2ad9844,0,False,4,3,2,2,2026-05-26 16:24:33.355000+00:00,46,3,,open,,,https://forums.ohdsi.org/t/peptide-local-proposed-omop-vocabulary-for-12-therapeutic-peptides-without-ndc-rxnorm-request-for-community-feedback/25408,3.8206966666666666,2026Q2,226,feature_request,"vocabulary_mapping,characterization","Atlas,Athena,Vocabulary","Therapeutic peptides from compounding pharmacies lack NDC codes, RxNorm entries, and OMOP concepts, making them invisible to pharmacovigilance analysis.",Create OMOP vocabulary entries for therapeutic peptides without standard drug codes to enable pharmacovigilance analysis.,major,False,unresolved,False,True,"173 FAERS reports across 6 compounds, with seriousness rates up to 100%",high,unresolved,True
f25411,forums,General,"Weekly OHDSI Digest - May 25, 2026",,2026-05-26 13:34:00.233000+00:00,2026-05-26 13:34:00.286000+00:00,u_8f4021bf34,2,False,1,0,1,0,,24,0,,open,,,https://forums.ohdsi.org/t/weekly-ohdsi-digest-may-25-2026/25411,,2026Q2,1722,announcement,community_process,,,,none,False,no_reply,False,False,,high,no_reply,True
f25412,forums,General,Introducing OHDSI Canada,,2026-05-26 15:09:42.089000+00:00,2026-05-26 15:09:42.142000+00:00,u_7a89bc6b5d,1,False,1,0,1,0,,51,0,,open,,,https://forums.ohdsi.org/t/introducing-ohdsi-canada/25412,,2026Q2,75,announcement,community_process,,,,none,False,no_reply,False,False,,high,no_reply,True
f25414,forums,Vocabulary Users,Question About Cocktail-Type Biomarker Concepts in OMOP Genomic Vocabulary,,2026-05-26 22:59:47.010000+00:00,2026-05-29 00:33:47.249000+00:00,u_de9f930849,1,False,3,2,2,1,2026-05-28 08:03:09.884000+00:00,40,0,,open,,,https://forums.ohdsi.org/t/question-about-cocktail-type-biomarker-concepts-in-omop-genomic-vocabulary/25414,33.056353888888886,2026Q2,226,question,"data_quality,vocabulary_mapping","Athena,Atlas,Vocabulary","Cocktail-type biomarkers and immunomarkers used in pathology lack corresponding OMOP Genomic concepts, complicating oncology ETL.",Map immunohistochemistry assays and antibody cocktail biomarkers to appropriate OMOP concepts for oncology pathology workflows.,major,False,partially,False,True,immunomarkers such as CD3 Ag do not have corresponding OMOP Genomic concepts,high,partially,True
f25418,forums,Vocabulary Users,Possible Missing Cancer Modifier Concepts Related to Invasion and Histopathologic Patterns,,2026-05-28 05:24:30.631000+00:00,2026-05-28 05:24:30.687000+00:00,u_de9f930849,1,False,1,0,1,0,,19,0,,open,,,https://forums.ohdsi.org/t/possible-missing-cancer-modifier-concepts-related-to-invasion-and-histopathologic-patterns/25418,,2026Q2,196,feature_request,"vocabulary_mapping,data_quality","Vocabulary,Atlas,Athena",Missing cancer modifier concepts for invasion patterns and lactiferous duct involvement complicate cancer staging and pathology workflows.,Add cancer modifier concepts for duct involvement and lung atelectasis patterns related to cancer to improve staging accuracy.,minor,False,unresolved,False,True,Involvement of lactiferous duct and atelectasis lack corresponding Cancer Modifier concepts,high,no_reply,True
f25422,forums,Uncategorized,Open Real World Data roles,,2026-05-28 14:25:32.518000+00:00,2026-05-28 14:25:32.559000+00:00,u_b2ecbd0ac9,0,False,1,0,1,0,,38,0,,open,,,https://forums.ohdsi.org/t/open-real-world-data-roles/25422,,2026Q2,26,job_or_event,,,,,none,False,no_reply,False,False,,high,no_reply,True
f25423,forums,Vocabulary Users,About enabling indication vocabulary,,2026-05-28 16:03:13.907000+00:00,2026-05-28 17:26:42.904000+00:00,u_4c02f6bf08,1,False,3,2,2,1,2026-05-28 17:19:05.242000+00:00,29,1,,open,,,https://forums.ohdsi.org/t/about-enabling-indication-vocabulary/25423,1.2642597222222223,2026Q2,44,question,vocabulary_mapping,"Athena,Vocabulary","First DataBank indication vocabulary is disabled in Athena, and the process for enabling proprietary vocabularies with a license is unclear.",Enable access to First DataBank indication vocabulary in Athena for mapping source data indications to OMOP.,minor,False,partially,False,True,vocabulary ( 19 Indication ) is disabled at athena,high,partially,True
f25424,forums,General,One week left to upload your brief report for the Global Symposium Collaborator Showcase!,,2026-05-29 10:46:58.874000+00:00,2026-05-29 10:46:58.915000+00:00,u_8f4021bf34,2,False,1,0,1,0,,11,0,,open,,,https://forums.ohdsi.org/t/one-week-left-to-upload-your-brief-report-for-the-global-symposium-collaborator-showcase/25424,,2026Q2,63,announcement,community_process,,,,none,False,no_reply,False,False,,high,no_reply,True
f25432,forums,General,Introduction Erik Koning ,,2026-05-31 19:43:35.366000+00:00,2026-05-31 19:43:35.448000+00:00,u_4a93396f43,0,False,1,0,1,0,,27,0,,open,,,https://forums.ohdsi.org/t/introduction-erik-koning/25432,,2026Q2,164,other,"learning_onboarding,community_process",CommonDataModel,,,none,False,no_reply,True,True,,high,no_reply,True
f25436,forums,General,5 days left to upload your submission for the Global Symposium showcase!,,2026-06-01 14:22:11.805000+00:00,2026-06-01 14:22:11.866000+00:00,u_8f4021bf34,2,False,1,0,1,0,,14,0,,open,,,https://forums.ohdsi.org/t/5-days-left-to-upload-your-submission-for-the-global-symposium-showcase/25436,,2026Q2,63,announcement,community_process,,,,none,False,no_reply,False,False,,high,no_reply,True
f25438,forums,General,"Weekly OHDSI Digest - June 1, 2026",,2026-06-01 16:48:38.720000+00:00,2026-06-01 16:48:38.762000+00:00,u_8f4021bf34,2,False,1,0,1,0,,36,0,,open,,,https://forums.ohdsi.org/t/weekly-ohdsi-digest-june-1-2026/25438,,2026Q2,1648,announcement,community_process,,,,none,False,no_reply,False,False,,high,no_reply,True
f25441,forums,General,"LLM Research Community Call series begins June 2, 11 am ET",,2026-06-02 13:14:57.051000+00:00,2026-06-02 13:14:57.118000+00:00,u_ded4baaf3b,2,False,1,0,1,0,,32,0,,open,,,https://forums.ohdsi.org/t/llm-research-community-call-series-begins-june-2-11-am-et/25441,,2026Q2,163,announcement,community_process,,,,none,False,no_reply,False,False,,high,no_reply,True
f25445,forums,Implementers,"Enabling the ""Explore Evidence"" feature in a private ATLAS instance",atlas,2026-06-02 15:43:47.837000+00:00,2026-06-03 19:12:08.616000+00:00,u_5621d21dd0,1,False,3,2,2,1,2026-06-03 17:49:11.210000+00:00,53,1,,open,,,https://forums.ohdsi.org/t/enabling-the-explore-evidence-feature-in-a-private-atlas-instance/25445,26.089825833333336,2026Q2,115,question,infrastructure_deployment,"Atlas,WebAPI,CemConnector,HADES","The Common Evidence Model (CEM) repository is deprecated, and it is unclear whether building CEM is still the recommended approach for Explore Evidence in ATLAS.",Set up the Explore Evidence feature in a private ATLAS instance with current data sources.,major,True,partially,False,False,"CEM repo was last updated 5+ years ago, and according to FAIRsharing.org the CEM is deprecated",high,partially,True
f25452,forums,General,Submissions due tomorrow June 5th by 8pm ET,,2026-06-04 15:29:39.642000+00:00,2026-06-04 15:29:39.704000+00:00,u_8f4021bf34,2,False,1,0,1,0,,17,0,,open,,,https://forums.ohdsi.org/t/submissions-due-tomorrow-june-5th-by-8pm-et/25452,,2026Q2,63,announcement,community_process,,,,none,False,no_reply,False,False,,high,no_reply,True
f25453,forums,General,A reminder on submissions,,2026-06-04 15:59:58.284000+00:00,2026-06-04 15:59:58.324000+00:00,u_8f4021bf34,2,False,1,0,1,0,,16,0,,open,,,https://forums.ohdsi.org/t/a-reminder-on-submissions/25453,,2026Q2,39,announcement,community_process,,,,none,False,no_reply,False,False,,high,no_reply,True
f25455,forums,General,AI use in Medical Device,,2026-06-05 03:26:58.865000+00:00,2026-06-05 03:26:58.916000+00:00,u_c5421726fc,1,False,1,0,1,0,,24,0,,open,,,https://forums.ohdsi.org/t/ai-use-in-medical-device/25455,,2026Q2,84,discussion,"governance_privacy,community_process",,Regulators struggle to approve AI-based and LLM-based medical devices due to unclear regulatory frameworks and limited guidance.,Explore regulatory approaches and standards for AI and LLMs in medical device development.,major,False,unresolved,False,False,It will be difficult for regulators to approve those products,medium,no_reply,True
f25466,forums,General,"Weekly OHDSI Digest - June 8, 2026",,2026-06-08 22:21:33.083000+00:00,2026-06-08 22:21:33.131000+00:00,u_8f4021bf34,2,False,1,0,1,0,,29,0,,open,,,https://forums.ohdsi.org/t/weekly-ohdsi-digest-june-8-2026/25466,,2026Q2,996,announcement,community_process,,,,none,False,no_reply,False,False,,high,no_reply,True
f25471,forums,Researchers,Seeking collaborators — GLP-1 pharmacovigilance using OMOP CDM,,2026-06-09 15:21:27.790000+00:00,2026-07-10 07:40:53.849000+00:00,u_cef2ad9844,0,False,6,5,5,4,2026-06-11 11:52:15.328000+00:00,142,0,,open,,,https://forums.ohdsi.org/t/seeking-collaborators-glp-1-pharmacovigilance-using-omop-cdm/25471,44.513205,2026Q2,86,discussion,"characterization,estimation,network_study_execution",CommonDataModel,,Conduct cross-national pharmacovigilance analysis on GLP-1 receptor agonists using harmonized OMOP CDM data.,none,False,resolved,True,True,,high,resolved,False
f25472,forums,Researchers,Seeking collaborators — Dengue epidemiology in OMOP CDM (Latin America),,2026-06-09 15:23:57.757000+00:00,2026-06-09 15:23:57.798000+00:00,u_cef2ad9844,0,False,1,0,1,0,,35,0,,open,,,https://forums.ohdsi.org/t/seeking-collaborators-dengue-epidemiology-in-omop-cdm-latin-america/25472,,2026Q2,54,discussion,"characterization,network_study_execution",CommonDataModel,,Conduct dengue epidemiology research using administrative health data standardized in OMOP CDM.,none,False,no_reply,True,True,,high,no_reply,True
f25480,forums,Researchers,How are gastroenterology practices handling coding consistency for colonoscopy and endoscopy claims data?,,2026-06-10 19:23:32.648000+00:00,2026-06-15 14:55:41.869000+00:00,u_27cea2b8dd,0,False,2,1,1,0,,42,0,,open,,,https://forums.ohdsi.org/t/how-are-gastroenterology-practices-handling-coding-consistency-for-colonoscopy-and-endoscopy-claims-data/25480,,2026Q2,69,question,"data_quality,etl_cdm_conversion",,"Healthcare claims data for GI procedures exhibits variations in coding, reimbursement outcomes, and documentation gaps across practices.",Standardize and identify coding inconsistencies in GI procedure claims data for improved data quality and revenue cycle analytics.,minor,True,partially,False,True,variations in coding and reimbursement outcomes for colonoscopies and upper GI endoscopies,medium,no_reply,True
f25502,forums,General,Book your hotel room for the Global Symposium!,,2026-06-15 13:21:22.390000+00:00,2026-06-15 13:21:22.431000+00:00,u_8f4021bf34,2,False,1,0,1,0,,21,0,,open,,,https://forums.ohdsi.org/t/book-your-hotel-room-for-the-global-symposium/25502,,2026Q2,34,announcement,community_process,,,,none,False,no_reply,False,False,,high,no_reply,True
f25506,forums,General,"Weekly OHDSI Digest - June 15, 2026",,2026-06-15 19:06:13.479000+00:00,2026-06-15 19:06:13.530000+00:00,u_8f4021bf34,2,False,1,0,1,0,,28,0,,open,,,https://forums.ohdsi.org/t/weekly-ohdsi-digest-june-15-2026/25506,,2026Q2,1171,announcement,community_process,,,,none,False,no_reply,False,False,,high,no_reply,True
f25507,forums,General,Present a poster for your Chapter or Node at the Global Symposium in October!,,2026-06-15 19:21:57.031000+00:00,2026-06-15 19:21:57.077000+00:00,u_8f4021bf34,2,False,1,0,1,0,,23,0,,open,,,https://forums.ohdsi.org/t/present-a-poster-for-your-chapter-or-node-at-the-global-symposium-in-october/25507,,2026Q2,64,announcement,community_process,,,,none,False,no_reply,False,False,,high,no_reply,True
f25522,forums,General,Become an exhibitor at the Global Symposium!,,2026-06-18 12:56:36.768000+00:00,2026-06-18 12:56:36.815000+00:00,u_8f4021bf34,2,False,1,0,1,0,,26,0,,open,,,https://forums.ohdsi.org/t/become-an-exhibitor-at-the-global-symposium/25522,,2026Q2,34,announcement,community_process,,,,none,False,no_reply,False,False,,high,no_reply,True
f25524,forums,Implementers,Mapping microbiology laboratory data and AST results to OMOP CDM,"cdm,vocabularies,estimationmethods",2026-06-18 14:05:16.912000+00:00,2026-06-18 14:05:17.006000+00:00,u_550a5586d7,0,False,1,0,1,0,,38,0,,open,,,https://forums.ohdsi.org/t/mapping-microbiology-laboratory-data-and-ast-results-to-omop-cdm/25524,,2026Q2,209,question,"etl_cdm_conversion,vocabulary_mapping,data_quality","CommonDataModel,Vocabulary","Microbiology data including AST results, organism taxonomy, and local terminology lack clear OMOP CDM representation standards.",Develop an ETL pipeline to represent microbiology laboratory data and antimicrobial susceptibility testing in OMOP CDM.,major,False,unresolved,False,True,Representation of antimicrobial susceptibility testing results and quantitative measurements in OMOP,high,no_reply,True
f25527,forums,Implementers,Handling missing DRUG_STRENGTH rows in dose calculation,,2026-06-18 16:15:04.555000+00:00,2026-07-08 21:04:32.071000+00:00,u_4c02f6bf08,1,True,5,4,3,2,2026-06-18 19:21:43.843000+00:00,74,1,,open,,,https://forums.ohdsi.org/t/handling-missing-drug-strength-rows-in-dose-calculation/25527,3.1109133333333334,2026Q2,379,question,etl_cdm_conversion,"CommonDataModel,Vocabulary","Many drug concepts lack corresponding DRUG_STRENGTH rows, making dose calculations impossible for certain drug types like vaccines and multi-component packs.",Handle dose calculations appropriately when drug concepts lack DRUG_STRENGTH entries in the OMOP CDM.,major,True,partially,False,True,join to DRUG_STRENGTH yields no row...dose is non-calculable,high,partially,True
f25528,forums,Developers,Exploring Malloy + OMOP,cdm,2026-06-18 19:14:37.672000+00:00,2026-07-26 08:27:30.356000+00:00,u_877ecf1459,0,False,5,4,2,2,2026-07-10 17:24:46.036000+00:00,127,1,,open,,,https://forums.ohdsi.org/t/exploring-malloy-omop/25528,526.16899,2026Q2,150,discussion,characterization,"SQL,Python,R",Current SQL-based approaches to querying OMOP data are error-prone and do not readily support AI agents running queries.,"Develop a semantic data model layer above OMOP to enable reusable, AI-friendly query definitions.",minor,False,unresolved,False,False,"accelerate querying OMOP data, prevent errors, AI agents to run queries",medium,unresolved,True
f25529,forums,Developers,PSDL Inspector (MIT): authoring + governance layer for OMOP phenotypes and SQL preflight — looking for feedback,,2026-06-20 14:46:02.482000+00:00,2026-10-02 10:48:38.674000+00:00,u_79c9030a99,1,False,2,1,2,1,2026-10-02 10:48:38.674000+00:00,48,0,,open,,,https://forums.ohdsi.org/t/psdl-inspector-mit-authoring-governance-layer-for-omop-phenotypes-and-sql-preflight-looking-for-feedback/25529,2492.0433866666667,2026Q2,346,discussion,"cohort_definition,governance_privacy","Atlas,Python,SQL,Usagi","Cohort and detection logic is buried in SQL or notebooks, making review difficult and performance issues discoverable only after execution.","Provide an authoring and governance layer for OMOP phenotypes with validation, concept mapping, and SQL analysis.",minor,False,unresolved,False,False,cohort and detection logic often ends up buried in SQL or notebooks,medium,unresolved,True
f25535,forums,General,Seeking guidance on OMOP CDM data access for LVAD cohort feasibility,,2026-06-21 07:25:31.472000+00:00,2026-06-22 05:59:00.520000+00:00,u_5e59db6622,0,False,2,1,2,1,2026-06-22 05:59:00.520000+00:00,34,0,,open,,,https://forums.ohdsi.org/t/seeking-guidance-on-omop-cdm-data-access-for-lvad-cohort-feasibility/25535,22.558068888888887,2026Q2,126,question,"learning_onboarding,characterization","Eunomia,HADES,CommonDataModel","LVAD patients are rare and not represented in public synthetic OMOP CDM datasets, making initial feasibility testing difficult.",Find or create OMOP CDM datasets containing LVAD patient data for initial feasibility assessment of adverse outcome studies.,major,True,partially,False,True,"LVAD implantation...very specific procedure, usually performed only in specialized cardiac centers",high,partially,True
f25537,forums,Developers,HADES AI support - seeking input,,2026-06-22 14:17:36.846000+00:00,2026-06-23 19:17:32.516000+00:00,u_6668879772,2,False,2,1,1,0,,83,0,,open,,,https://forums.ohdsi.org/t/hades-ai-support-seeking-input/25537,,2026Q2,177,discussion,"learning_onboarding,characterization,estimation","HADES,CohortMethod,Strategus",,Provide AI-assisted study design shells for HADES packages to help users define and execute studies.,none,False,unresolved,False,False,,medium,no_reply,True
f25538,forums,Developers,Help wanted - developers for HADES shiny viewer,,2026-06-22 14:49:27.389000+00:00,2026-08-26 13:48:27.995000+00:00,u_4aab25953d,2,False,7,6,4,4,2026-07-02 01:22:46.745000+00:00,175,3,,open,,,https://forums.ohdsi.org/t/help-wanted-developers-for-hades-shiny-viewer/25538,226.5553766666667,2026Q2,155,job_or_event,community_process,"HADES,R",HADES result viewers are slow and lack modern UI/UX for effectively exploring study results.,,none,False,resolved,False,False,,high,resolved,False
f25540,forums,General,"Weekly OHDSI Digest - June 22, 2026",,2026-06-22 21:53:18.825000+00:00,2026-06-22 21:53:18.870000+00:00,u_8f4021bf34,2,False,1,0,1,0,,29,0,,open,,,https://forums.ohdsi.org/t/weekly-ohdsi-digest-june-22-2026/25540,,2026Q2,800,announcement,community_process,,,,none,False,no_reply,False,False,,high,no_reply,True
f25542,forums,General,Community Survey: Does data standardization still matter in the era of foundation models?,,2026-06-23 06:21:27.892000+00:00,2026-06-23 06:21:27.946000+00:00,u_f76921998c,1,False,1,0,1,0,,61,0,,open,,,https://forums.ohdsi.org/t/community-survey-does-data-standardization-still-matter-in-the-era-of-foundation-models/25542,,2026Q2,298,discussion,"community_process,learning_onboarding",,,Assess community perception of OMOP CDM value in the context of LLM-based approaches to medical data processing.,none,False,unresolved,False,False,,medium,no_reply,True
f25543,forums,Implementers,"Medical Imaging, esp DICOM, ETL conventions",themis,2026-06-23 17:19:58.486000+00:00,2026-06-23 17:19:58.539000+00:00,u_851569cbe4,1,False,1,0,1,0,,36,0,,open,,,https://forums.ohdsi.org/t/medical-imaging-esp-dicom-etl-conventions/25543,,2026Q2,68,announcement,"etl_cdm_conversion,community_process",CommonDataModel,,,none,False,no_reply,False,True,,high,no_reply,True
f25547,forums,Vocabulary Users,T1DX vocabulary as a complex community contribution - request for community feedback,,2026-06-25 14:54:05.534000+00:00,2026-06-25 14:54:05.581000+00:00,u_991645cf79,1,False,1,0,1,0,,35,0,,open,,,https://forums.ohdsi.org/t/t1dx-vocabulary-as-a-complex-community-contribution-request-for-community-feedback/25547,,2026Q2,426,feature_request,"vocabulary_mapping,data_quality","Vocabulary,Atlas,Athena","T1D Exchange data specification includes compound survey concepts that do not map cleanly to OMOP vocabulary, complicating standardization.",Develop OMOP vocabulary mappings for T1D Exchange diabetes data specification to standardize type 1 diabetes research.,major,False,unresolved,True,True,compound survey concepts...do not map cleanly to OMOP,high,no_reply,True
f25552,forums,CDM Builders,Request for SynPUF datasets (SynPUF_1K and SynPUF_5%),,2026-06-26 12:14:50.256000+00:00,2026-06-26 12:14:50.323000+00:00,u_eb497d30a2,0,False,1,0,1,0,,29,0,,open,,,https://forums.ohdsi.org/t/request-for-synpuf-datasets-synpuf-1k-and-synpuf-5/25552,,2026Q2,38,question,learning_onboarding,CommonDataModel,The poster cannot locate SynPUF datasets in OMOP CDM v5.2.2 format for development and testing.,Access synthetic OMOP CDM datasets for software development and testing.,minor,False,unresolved,False,False,looking for the SynPUF datasets in OMOP CDM v5.2.2 format,high,no_reply,True
f25560,forums,General,Atlas WG Community call changes for July and August,,2026-06-29 02:43:24.844000+00:00,2026-06-29 02:43:24.898000+00:00,u_c919d1b15d,2,False,1,0,1,0,,17,0,,open,,,https://forums.ohdsi.org/t/atlas-wg-community-call-changes-for-july-and-august/25560,,2026Q2,90,announcement,community_process,,,,none,False,no_reply,False,False,,high,no_reply,True
f25562,forums,Implementers,"Flat OMOP, would love your opinions",,2026-06-29 14:09:14.520000+00:00,2026-07-02 16:59:56.237000+00:00,u_e91d10fc64,0,False,3,2,3,2,2026-06-29 16:18:27.909000+00:00,75,0,,open,,,https://forums.ohdsi.org/t/flat-omop-would-love-your-opinions/25562,2.153719166666667,2026Q2,132,discussion,"infrastructure_deployment,etl_cdm_conversion","CommonDataModel,Vocabulary,SQL",OMOP's normalized model is problematic for large insurance analytics because migrating claims data to OMOP is cost-prohibitive and doesn't fit traditional BI use cases.,Develop a denormalized BI-centric alternative model based on OMOP vocabulary for claims analytics.,major,True,unresolved,False,True,layout has always been problematic...cost prohibitive for our customer,high,unresolved,True
f25563,forums,General,"Weekly OHDSI Digest - June 29, 2026",,2026-06-29 16:50:41.363000+00:00,2026-06-29 16:50:41.426000+00:00,u_8f4021bf34,2,False,1,0,1,0,,40,0,,open,,,https://forums.ohdsi.org/t/weekly-ohdsi-digest-june-29-2026/25563,,2026Q2,1312,announcement,community_process,,,,none,False,no_reply,False,False,,high,no_reply,True
f25567,forums,General,AI and Data Forum: Building trustworthy AI on strong data foundations,,2026-06-30 12:14:52.479000+00:00,2026-06-30 12:14:52.532000+00:00,u_d1cb658a4b,1,False,1,0,1,0,,32,0,,open,,,https://forums.ohdsi.org/t/ai-and-data-forum-building-trustworthy-ai-on-strong-data-foundations/25567,,2026Q2,236,announcement,"governance_privacy,community_process",,,,none,False,no_reply,False,False,,high,no_reply,True
f25571,forums,General,Job Opportunity: Clinical Research Scientist at DataUnite,,2026-06-30 17:53:18.516000+00:00,2026-06-30 17:53:18.561000+00:00,u_ebbb4feb20,0,False,1,0,1,0,,52,0,,open,,,https://forums.ohdsi.org/t/job-opportunity-clinical-research-scientist-at-dataunite/25571,,2026Q2,71,job_or_event,,Python,,,none,False,no_reply,False,False,,high,no_reply,True
f25576,forums,Vocabulary Users,Finding pneumonia vaccines across vocabularies,,2026-07-01 19:26:11.674000+00:00,2026-07-01 20:40:31.179000+00:00,u_5725efb4e9,2,False,2,1,1,0,,27,1,,open,,,https://forums.ohdsi.org/t/finding-pneumonia-vaccines-across-vocabularies/25576,,2026Q3,204,question,vocabulary_mapping,"Vocabulary,CVX,RxNorm","Diphtheria concepts appear related to pneumococcal vaccines in OMOP vocabulary, which seems incorrect and confuses vaccine mapping.",Understand the relationship between pneumococcal vaccine concepts and diphtheria in OMOP vocabulary for accurate mappings.,minor,True,resolved,False,True,Diptheria is present...confused...not covered solely with DTaP,high,resolved_self,False
f25579,forums,Researchers,[New Publication in JBI] ARKE: Framing Medical Ontologies as Cognitive Guardrails for LLM Agents in Radiology Standardization,,2026-07-02 00:55:02.750000+00:00,2026-07-07 23:47:55.600000+00:00,u_f5a2206407,2,False,3,2,2,1,2026-07-07 13:37:51.084000+00:00,94,5,,open,,,https://forums.ohdsi.org/t/new-publication-in-jbi-arke-framing-medical-ontologies-as-cognitive-guardrails-for-llm-agents-in-radiology-standardization/25579,132.7134261111111,2026Q3,329,discussion,"etl_cdm_conversion,vocabulary_mapping","LOINC,RadLex,Python","Mapping local radiology procedure names to standard vocabularies is difficult due to abbreviations, mixed languages, and institution-specific shorthand.",Improve mapping of local radiology procedure names to standard vocabularies using constrained LLM approaches.,major,True,resolved,False,True,"mapping local radiology procedure names...messy...abbreviations, mixed languages",high,resolved,False
f25584,forums,General,CDM v5.5 Coming this August!,,2026-07-02 14:59:55.152000+00:00,2026-08-26 20:23:06.273000+00:00,u_6590a1d640,2,True,3,2,2,2,2026-08-19 07:46:14.758000+00:00,288,4,,open,,,https://forums.ohdsi.org/t/cdm-v5-5-coming-this-august/25584,1144.772112777778,2026Q3,218,announcement,"infrastructure_deployment,community_process","CommonDataModel,Vocabulary",,,none,False,no_reply,False,True,,high,no_reply,True
f25599,forums,Developers,Rwevalidate: an R package for FDA-aligned validation of RWE cohorts on the OMOP CDM,,2026-07-05 17:21:21.884000+00:00,2026-07-30 21:30:01.054000+00:00,u_4f99a2282d,1,True,2,1,2,1,2026-07-30 21:30:01.054000+00:00,56,0,,open,,,https://forums.ohdsi.org/t/rwevalidate-an-r-package-for-fda-aligned-validation-of-rwe-cohorts-on-the-omop-cdm/25599,604.1442138888889,2026Q3,251,announcement,characterization,"rwevalidate,DataQualityDashboard,Achilles",Existing database characterization tools do not answer the narrower question of whether a particular cohort is fit for a specific real-world evidence study in regulatory terms.,Validate whether a patient cohort meets regulatory standards for a real-world evidence study.,none,False,resolved,False,False,"I kept needing to answer a narrower, study-specific question, is this particular cohort fit.",high,resolved,False
f25602,forums,General,Commercial Solutions for OMOP/OHDSI Research Acceleration,"cdm,atlas,webapi,phenotyping,workinggroup",2026-07-06 01:37:03.287000+00:00,2026-07-17 23:14:59.633000+00:00,u_5b9ece9490,2,False,4,3,3,2,2026-07-11 15:45:04.747000+00:00,124,2,,open,,,https://forums.ohdsi.org/t/commercial-solutions-for-omop-ohdsi-research-acceleration/25602,134.1337388888889,2026Q3,377,discussion,community_process,"Broadsea,Atlas,HADES",Commercial solutions for OMOP research have failed to gain traction in the OHDSI community despite capability and investment.,,none,False,partially,True,False,I have reached out to community leaders and received little or no response.,medium,partially,True
f25606,forums,General,"Weekly OHDSI Digest - July 6, 2026",,2026-07-06 13:47:16.658000+00:00,2026-07-06 13:47:16.705000+00:00,u_8f4021bf34,2,False,1,0,1,0,,31,0,,open,,,https://forums.ohdsi.org/t/weekly-ohdsi-digest-july-6-2026/25606,,2026Q3,1088,announcement,community_process,,,,none,False,resolved,False,False,,high,resolved_self,False
f25626,forums,Developers,Concept set critic for ATLAS/OMOP phenotypes — looking for feedback,"cdm,vocabularies,phenotyping",2026-07-08 14:58:16.003000+00:00,2026-09-24 00:17:39.252000+00:00,u_cb999e3eb4,1,True,6,5,2,3,2026-07-08 21:20:22.561000+00:00,92,0,,open,,,https://forums.ohdsi.org/t/concept-set-critic-for-atlas-omop-phenotypes-looking-for-feedback/25626,6.3684883333333335,2026Q3,197,feature_request,cohort_definition,"Atlas,Phenotype Library,OMOP","ATLAS phenotype development lacks systematic, evidence-backed validation that automatically identifies over-broad descendants, suspicious mappings, and missing candidate concepts.",Validate ATLAS concept sets against phenotype intent descriptions to catch reliability issues before execution.,minor,False,unclear,False,False,LLM does not invent concept IDs; it only judges candidates retrieved from vocabulary.,medium,unclear,False
f25628,forums,General,Global Symposium Reminders!,,2026-07-08 17:47:44.198000+00:00,2026-07-08 17:47:44.250000+00:00,u_8f4021bf34,2,False,1,0,1,0,,21,0,,open,,,https://forums.ohdsi.org/t/global-symposium-reminders/25628,,2026Q3,67,announcement,community_process,,,,none,False,resolved,False,False,,high,resolved_self,False
f25634,forums,Researchers,Call for participation: OHDSI network study on nitrofurantoin-associated pulmonary toxicity,,2026-07-09 13:06:53.741000+00:00,2026-07-09 13:06:53.827000+00:00,u_faba96ab46,0,False,1,0,1,0,,39,1,,open,,,https://forums.ohdsi.org/t/call-for-participation-ohdsi-network-study-on-nitrofurantoin-associated-pulmonary-toxicity/25634,,2026Q3,221,announcement,"network_study_execution,characterization","Atlas,OMOP CDM",,Estimate real-world incidence and risk factors for nitrofurantoin-associated pulmonary toxicity across multiple OMOP CDM databases.,none,False,no_reply,True,False,,high,no_reply,True
f25637,forums,Researchers,[New Publication in JAMIA Open] THESEUS: An AI Agent for Automating Executable Strategus R Scripts from Free-Text Study Designs,,2026-07-09 23:20:32.990000+00:00,2026-07-09 23:20:33.037000+00:00,u_f5a2206407,2,False,1,0,1,0,,49,5,,open,,,https://forums.ohdsi.org/t/new-publication-in-jamia-open-theseus-an-ai-agent-for-automating-executable-strategus-r-scripts-from-free-text-study-designs/25637,,2026Q3,205,announcement,"learning_onboarding,estimation","Strategus,R,OMOP CDM","Translating conceptual target trial emulation study designs into reproducible R code requires deep OHDSI expertise, creating a bottleneck for researchers.",Automate generation of executable Strategus R scripts from natural language study descriptions.,major,False,resolved,False,False,Translating a target trial emulation design into reproducible R code requires deep OHDSI expertise.,high,resolved_self,False
f25652,forums,General,"Weekly OHDSI Digest - July 13, 2026",,2026-07-13 19:01:51.981000+00:00,2026-07-13 19:01:52.032000+00:00,u_8f4021bf34,2,False,1,0,1,0,,43,0,,open,,,https://forums.ohdsi.org/t/weekly-ohdsi-digest-july-13-2026/25652,,2026Q3,1115,announcement,community_process,,,,none,False,resolved,False,False,,high,resolved_self,False
f25666,forums,Uncategorized,OHDSI Global Symposium- Register - Book a Hotel-Room - Join the Jam Session!,,2026-07-16 11:11:30.631000+00:00,2026-07-16 11:11:30.680000+00:00,u_8f4021bf34,2,False,1,0,1,0,,12,0,,open,,,https://forums.ohdsi.org/t/ohdsi-global-symposium-register-book-a-hotel-room-join-the-jam-session/25666,,2026Q3,67,announcement,community_process,,,,none,False,resolved,False,False,,high,resolved_self,False
f25682,forums,General,"Weekly OHDSI Digest - July 20, 2026",,2026-07-20 18:00:05.662000+00:00,2026-07-20 18:00:05.712000+00:00,u_8f4021bf34,2,False,1,0,1,0,,41,0,,open,,,https://forums.ohdsi.org/t/weekly-ohdsi-digest-july-20-2026/25682,,2026Q3,1232,announcement,community_process,,,,none,False,resolved,False,False,,high,resolved_self,False
f25689,forums,Researchers,Literature/examples on integrating and validating two independently-OMOP'd datasets?,,2026-07-21 16:59:57.065000+00:00,2026-08-18 09:54:42.578000+00:00,u_c87e55e6b8,0,False,7,6,3,3,2026-07-23 15:36:52.813000+00:00,125,1,,open,,,https://forums.ohdsi.org/t/literature-examples-on-integrating-and-validating-two-independently-omopd-datasets/25689,46.61548555555555,2026Q3,202,question,"etl_cdm_conversion,data_quality,network_study_execution","OMOP CDM,Athena,DataQualityDashboard","When combining two independently-OMOPed datasets, it is unclear how to validate consistency between them, risking results that reflect mapping differences rather than true data differences.",Validate semantic consistency between two independently-converted OMOP instances before combining them in multi-site analysis.,major,False,partially,True,True,"Any differences could reflect differences in how each dataset was mapped, undermining conclusions.",high,partially,True
f25695,forums,Researchers,"PoC: compiling ClinicalTrials.gov eligibility prose into a gate-verified Circe cohort, with refusal as a first-class output","cdm,atlas,vocabularies",2026-07-22 08:01:23.957000+00:00,2026-07-28 09:02:19.560000+00:00,u_c947377e68,0,True,8,7,2,3,2026-07-23 07:36:52.190000+00:00,131,1,,open,,,https://forums.ohdsi.org/t/poc-compiling-clinicaltrials-gov-eligibility-prose-into-a-gate-verified-circe-cohort-with-refusal-as-a-first-class-output/25695,23.59117583333333,2026Q3,410,feature_request,"cohort_definition,learning_onboarding","CirceR,SqlRender,DatabaseConnector,OMOP CDM",Manually encoding ClinicalTrials.gov eligibility criteria into OMOP cohort definitions is error-prone and cannot handle ambiguous criteria without inventing concept membership.,"Automate translation of ClinicalTrials.gov eligibility criteria into deterministic, verifiable OHDSI Circe cohort definitions.",major,False,resolved,False,False,"LLM emits Circe cohort only after passing verification gates, refusing ambiguous criteria.",high,resolved,False
f25709,forums,CDM Builders,Guidance on mapping deprecated CDT/HCPCS dental procedure codes to OMOP standard concepts,"cdm,vocabularies",2026-07-24 12:41:23.148000+00:00,2026-07-29 13:59:56.839000+00:00,u_d09aa5633c,0,True,2,1,2,1,2026-07-29 13:59:56.839000+00:00,46,0,,open,,,https://forums.ohdsi.org/t/guidance-on-mapping-deprecated-cdt-hcpcs-dental-procedure-codes-to-omop-standard-concepts/25709,121.30935861111111,2026Q3,228,question,"etl_cdm_conversion,vocabulary_mapping","Athena,OMOP CDM,Usagi","CDT/HCPCS dental procedure codes in Athena appear as deprecated concepts with no visible mappings to standard OMOP concepts, blocking dental data ETL.",Map deprecated dental procedure codes to standard OMOP concepts for Epic EHR dental data ETL.,major,False,unresolved,False,True,Dental procedure codes appear as deprecated without visible mapping to standard concepts.,high,unresolved,True
f25712,forums,Vocabulary Users,Vocabulary WG meeting July 28 [August release],,2026-07-24 16:17:19.627000+00:00,2026-07-29 14:47:04.106000+00:00,u_8b1a42a943,2,False,2,1,1,0,,49,1,,open,,,https://forums.ohdsi.org/t/vocabulary-wg-meeting-july-28-august-release/25712,,2026Q3,37,announcement,"vocabulary_mapping,community_process",,,,none,False,resolved,False,False,,high,resolved_self,False
f25721,forums,General,Reminder to book your hotel room at the Global Symposium- before they sell out!,,2026-07-27 14:02:48.243000+00:00,2026-07-27 14:02:48.288000+00:00,u_8f4021bf34,2,False,1,0,1,0,,19,0,,open,,,https://forums.ohdsi.org/t/reminder-to-book-your-hotel-room-at-the-global-symposium-before-they-sell-out/25721,,2026Q3,42,announcement,community_process,,,,none,False,resolved,False,False,,high,resolved_self,False
f25722,forums,General,"Weekly OHDSI Digest - July 27, 2026",,2026-07-27 16:15:02.828000+00:00,2026-07-27 16:15:02.877000+00:00,u_8f4021bf34,2,False,1,0,1,0,,39,0,,open,,,https://forums.ohdsi.org/t/weekly-ohdsi-digest-july-27-2026/25722,,2026Q3,1361,announcement,community_process,,,,none,False,resolved,False,False,,high,resolved_self,False
f25725,forums,General,[Research Survey] Motivations for contributing to the OHDSI community ($25 gift card drawing),,2026-07-28 14:53:54.001000+00:00,2026-07-28 14:53:54.092000+00:00,u_c561eaa26f,0,False,1,0,1,0,,33,0,,open,,,https://forums.ohdsi.org/t/research-survey-motivations-for-contributing-to-the-ohdsi-community-25-gift-card-drawing/25725,,2026Q3,156,discussion,community_process,,,,none,False,no_reply,False,False,,high,no_reply,True
f25729,forums,Vocabulary Users,FHIR to OMOP IG page on Modifiers,,2026-07-28 17:22:38.653000+00:00,2026-07-28 17:22:38.705000+00:00,u_9b1b02090e,2,False,1,0,1,0,,23,0,,open,,,https://forums.ohdsi.org/t/fhir-to-omop-ig-page-on-modifiers/25729,,2026Q3,56,announcement,"etl_cdm_conversion,community_process","FHIR,OMOP",,,none,False,no_reply,False,True,,high,no_reply,True
f25730,forums,Implementers,Call for collaborators: detecting cross-site semantic divergence before network studies,"cdm,vocabularies,phenotyping",2026-07-28 17:33:52.879000+00:00,2026-07-28 17:33:52.926000+00:00,u_89a19af3d0,1,False,1,0,1,0,,41,0,,open,,,https://forums.ohdsi.org/t/call-for-collaborators-detecting-cross-site-semantic-divergence-before-network-studies/25730,,2026Q3,403,feature_request,"data_quality,network_study_execution",OMOP CDM,"When two sites both report the same cohort, they may encode concepts differently due to local practices, causing study results to be silently wrong without surfacing in standard data quality tools.",Detect semantic divergence of concept definitions across sites before network studies to ensure cohort comparability.,major,False,unresolved,True,True,"When two sites report a cohort of heart failure patients, they may not mean the same thing.",high,no_reply,True
f25731,forums,Implementers,"FHIR to OMOP Implementation Guide is up for STU ballot, pool closes August 13",,2026-07-28 18:46:08.443000+00:00,2026-08-13 10:01:17.808000+00:00,u_9b1b02090e,2,False,2,1,2,1,2026-08-13 10:01:17.808000+00:00,66,2,,open,,,https://forums.ohdsi.org/t/fhir-to-omop-implementation-guide-is-up-for-stu-ballot-pool-closes-august-13/25731,375.2526013888889,2026Q3,485,announcement,"etl_cdm_conversion,community_process","FHIR,OMOP,HL7",,,none,False,no_reply,False,True,,high,no_reply,True
f25733,forums,Researchers,Using OHDSI tools on UK Biobank Research Analysis Platform (UKB-RAP),,2026-07-29 14:01:43.397000+00:00,2026-08-12 07:29:05.140000+00:00,u_97a622a7d4,2,True,2,1,1,0,,50,1,,open,,,https://forums.ohdsi.org/t/using-ohdsi-tools-on-uk-biobank-research-analysis-platform-ukb-rap/25733,,2026Q3,126,question,"infrastructure_deployment,network_study_execution","DatabaseConnector,Spark,HADES,Postgres,SQL Server","UK Biobank's OMOP data is exposed via Spark, but DatabaseConnector may not support direct connection to RAP's Spark endpoint, blocking OHDSI tool usage.",Connect OHDSI tools to UK Biobank's Spark-backed OMOP CDM on Research Analysis Platform.,major,True,unresolved,False,False,"OMOP data exposed via Spark-backed database, not a standard RDBMS.",high,no_reply,True
f25737,forums,Implementers,Running DQD on a large SQL Server database (resources on what indexes to create),,2026-07-30 13:24:15.376000+00:00,2026-07-30 13:24:15.439000+00:00,u_1176bd0bb6,1,False,1,0,1,0,,32,0,,open,,,https://forums.ohdsi.org/t/running-dqd-on-a-large-sql-server-database-resources-on-what-indexes-to-create/25737,,2026Q3,82,question,data_quality,"DataQualityDashboard,R,SQL Server","DataQualityDashboard R script times out on large SQL Server databases and requires re-authentication, making it difficult to run DQD at scale.",Run DataQualityDashboard successfully on large SQL Server databases without timeouts.,major,False,unresolved,False,True,R script would not successfully complete; had to run SQL scripts manually.,high,no_reply,True
f25738,forums,General,"Exhibit, Sponsor and Donate to OHDSI",,2026-07-30 16:37:25.764000+00:00,2026-07-30 16:37:25.810000+00:00,u_8f4021bf34,2,False,1,0,1,0,,21,0,,open,,,https://forums.ohdsi.org/t/exhibit-sponsor-and-donate-to-ohdsi/25738,,2026Q3,166,announcement,community_process,,,,none,False,resolved,False,False,,high,resolved_self,False
f25739,forums,Researchers,When a clinical criterion isn’t directly observable in OMOP data,"cdm,phenotyping,cohort",2026-07-31 07:24:02.017000+00:00,2026-08-04 08:38:53.173000+00:00,u_46bfa1d1af,2,False,7,6,4,4,2026-07-31 10:12:24.837000+00:00,107,3,,open,,,https://forums.ohdsi.org/t/when-a-clinical-criterion-isn-t-directly-observable-in-omop-data/25739,2.806338888888889,2026Q3,189,question,"cohort_definition,characterization",OMOP CDM,"Clinical trial criteria not directly observable in OMOP data require proxy encoding at some sites but not others, making it hard to distinguish missing data from no-eligible-patients in multi-site studies.",Handle and document clinical trial eligibility criteria that are not directly observable in OMOP data across multiple sites.,major,False,partially,True,False,"Blood glucose after reperfusion may be available, but reperfusion time may not exist as distinct event.",high,partially,True
f25742,forums,CDM Builders,Mapping curated NHS data sets to OMOP,,2026-07-31 12:21:37.380000+00:00,2026-07-31 12:21:37.449000+00:00,u_d6ce5b70bc,1,False,1,0,1,0,,46,1,,open,,,https://forums.ohdsi.org/t/mapping-curated-nhs-data-sets-to-omop/25742,,2026Q3,255,discussion,"etl_cdm_conversion,vocabulary_mapping",OMOP CDM,Mapping curated NHS data sets to OMOP loses granularity and contains unmappable data points that curated ETL approaches cannot handle as well as direct EHR ETL.,Map curated NHS health data sets to OMOP CDM while managing data granularity losses and unmappable concepts.,minor,True,resolved,False,True,Working with curated data rather than direct EHR left gaps we couldn't easily fill.,high,resolved_self,False
f25746,forums,General,LLM tools for dirty death data,,2026-08-03 18:00:31.442000+00:00,2026-08-03 18:00:31.484000+00:00,u_4f6d298bed,3,False,1,0,1,0,,32,0,,open,,,https://forums.ohdsi.org/t/llm-tools-for-dirty-death-data/25746,,2026Q3,166,question,"vocabulary_mapping,data_quality",OMOP CDM,"Death data with multiple causes requires ranking and mapping decisions, but no existing tool ranks causes by clinical precedence to select the primary OMOP concept.",Automatically rank and map multiple causes of death to a single standard OMOP concept.,minor,False,no_reply,False,True,Multiple cause-of-death sources need ranking to decide which maps to standard concept.,medium,no_reply,True
f25747,forums,General,"Weekly OHDSI Digest - August 3, 2026",,2026-08-03 20:16:00.261000+00:00,2026-08-03 20:16:00.308000+00:00,u_8f4021bf34,2,False,1,0,1,0,,42,0,,open,,,https://forums.ohdsi.org/t/weekly-ohdsi-digest-august-3-2026/25747,,2026Q3,1210,announcement,community_process,,,,none,False,resolved,False,False,,high,resolved_self,False
f25750,forums,Developers,Help and feedback wanted: terminology service using OHDSI vocabulary,"vocabularies,webapi",2026-08-04 15:26:58.856000+00:00,2026-08-24 21:18:06.423000+00:00,u_c28ec525c9,0,False,5,4,3,2,2026-08-05 01:55:57.496000+00:00,95,3,,open,,,https://forums.ohdsi.org/t/help-and-feedback-wanted-terminology-service-using-ohdsi-vocabulary/25750,10.482955555555556,2026Q3,234,feature_request,learning_onboarding,"Athena,OHDSI Vocabulary,HPO,SNOMED","OHDSI vocabulary combines many ontologies with their own properties and relationships, making it unclear how to correctly map and expose the multi-ontology nature.",Provide efficient API-based access to OHDSI and other biomedical vocabularies with semantic search and ontological exploration.,minor,False,unresolved,False,False,"OHDSI vocabulary combines many ontologies, each keeping original properties with OHDSI IDs.",medium,unresolved,True
f25754,forums,CDM Builders,Measurements for missing precoordinated terms,cdm,2026-08-05 09:53:59.413000+00:00,2026-08-10 10:41:46.748000+00:00,u_b18e0722ca,2,False,2,1,2,1,2026-08-10 10:41:46.748000+00:00,56,0,,open,,,https://forums.ohdsi.org/t/measurements-for-missing-precoordinated-terms/25754,120.79648194444445,2026Q3,94,question,"vocabulary_mapping,data_quality",OMOP CDM,"There is no clean way to represent measurements of substances that exist as ingredients but not as precoordinated measurement concepts, and MEASUREMENT lacks qualifiers.",Represent measurements of non-precoordinated substance ingredients in OMOP CDM.,minor,True,partially,False,True,No precoordinated measurement concepts exist for all ingredients in OMOP.,medium,partially,True
f25759,forums,General,Less than 15 guestrooms left at the Hyatt in the OHDSI room block- Book now!,,2026-08-06 14:27:09.548000+00:00,2026-08-06 14:27:09.591000+00:00,u_8f4021bf34,2,False,1,0,1,0,,19,0,,open,,,https://forums.ohdsi.org/t/less-than-15-guestrooms-left-at-the-hyatt-in-the-ohdsi-room-block-book-now/25759,,2026Q3,42,announcement,community_process,,,,none,False,resolved,False,False,,high,resolved_self,False
f25764,forums,Vocabulary Users,August 2026 upcoming changes are available,,2026-08-10 14:09:38.299000+00:00,2026-08-10 14:09:38.344000+00:00,u_dea3b89267,2,False,1,0,1,0,,34,0,,open,,,https://forums.ohdsi.org/t/august-2026-upcoming-changes-are-available/25764,,2026Q3,37,announcement,"vocabulary_mapping,community_process",Athena,,,none,False,no_reply,False,False,,high,no_reply,True
f25766,forums,General,"Weekly OHDSI Digest - August 10, 2026",,2026-08-10 16:06:41.487000+00:00,2026-08-10 16:06:41.537000+00:00,u_8f4021bf34,2,False,1,0,1,0,,47,0,,open,,,https://forums.ohdsi.org/t/weekly-ohdsi-digest-august-10-2026/25766,,2026Q3,1235,announcement,community_process,,,,none,False,resolved,False,False,,high,resolved_self,False
f25767,forums,General,OHDSI Global Symposium Tutorial: Integrating Geospatial Data into OMOP CDM,,2026-08-10 17:11:33.318000+00:00,2026-08-10 17:11:33.360000+00:00,u_40cff4e6f3,1,False,1,0,1,0,,31,0,,open,,,https://forums.ohdsi.org/t/ohdsi-global-symposium-tutorial-integrating-geospatial-data-into-omop-cdm/25767,,2026Q3,68,announcement,"learning_onboarding,characterization","GIS,OMOP CDM",,,none,False,no_reply,False,False,,high,no_reply,True
f25770,forums,General,"Achilles on Postgres — analysis 117 extremely slow, Query drops silently, numThreads fails",,2026-08-11 16:21:53.647000+00:00,2026-08-18 11:01:30.282000+00:00,u_f67fe9a370,1,True,4,3,4,3,2026-08-12 03:26:23.602000+00:00,69,0,,open,,,https://forums.ohdsi.org/t/achilles-on-postgres-analysis-117-extremely-slow-query-drops-silently-numthreads-fails/25770,11.0749875,2026Q3,134,question,"data_quality,infrastructure_deployment","Achilles,PostgreSQL,DatabaseConnector,R","Achilles analyses on PostgreSQL exhibit extreme variability in runtime (18 seconds to 60+ minutes), drop without error messages, and multi-threading fails with connection evaluation errors.",Run Achilles efficiently and reliably on large PostgreSQL OMOP CDM databases.,major,True,partially,False,True,Analysis 117 normally runs in 18 seconds but sometimes takes an hour or more.,high,partially,True
f25775,forums,Vocabulary Users,Dinutuximab ATC hierarchy stops at ATC 5th level in concept_ancestor table,,2026-08-12 14:52:52.254000+00:00,2026-08-12 14:52:52.292000+00:00,u_b5b18a96b0,1,True,1,0,1,0,,25,0,,open,,,https://forums.ohdsi.org/t/dinutuximab-atc-hierarchy-stops-at-atc-5th-level-in-concept-ancestor-table/25775,,2026Q3,240,question,"vocabulary_mapping,data_quality","Athena,OMOP CDM","One RxNorm ingredient for dinutuximab shows only an invalid ATC 5th-level concept while another shows the full hierarchy, making it unclear how to retrieve complete concept ancestors reliably.",Retrieve complete ATC hierarchies for drug ingredients consistently from OMOP vocabulary.,minor,True,partially,False,True,ATC ancestors show only invalid 5th level for one ingredient but full hierarchy for another.,high,no_reply,True
f25776,forums,General,Atlas3 Testing Workshop 8/13 to 9/3,,2026-08-13 01:38:29.287000+00:00,2026-09-03 13:36:15.699000+00:00,u_c919d1b15d,2,False,2,1,1,0,,76,3,,open,,,https://forums.ohdsi.org/t/atlas3-testing-workshop-8-13-to-9-3/25776,,2026Q3,106,announcement,community_process,Atlas,,,none,False,resolved,False,False,,high,resolved_self,False
f25784,forums,Uncategorized,Less than 10 rooms available in the Hyatt Room block for symposium Book now,,2026-08-17 14:17:46.503000+00:00,2026-08-17 14:17:46.552000+00:00,u_8f4021bf34,2,False,1,0,1,0,,15,0,,open,,,https://forums.ohdsi.org/t/less-than-10-rooms-available-in-the-hyatt-room-block-for-symposium-book-now/25784,,2026Q3,42,announcement,community_process,,,,none,False,resolved,False,False,,high,resolved_self,False
f25785,forums,General,"Weekly OHDSI Digest - August 17, 2026",,2026-08-17 16:24:49.762000+00:00,2026-08-17 16:24:49.812000+00:00,u_8f4021bf34,2,False,1,0,1,0,,27,0,,open,,,https://forums.ohdsi.org/t/weekly-ohdsi-digest-august-17-2026/25785,,2026Q3,1082,announcement,community_process,,,,none,False,resolved,False,False,,high,resolved_self,False
f25789,forums,Vocabulary Users,Vocabulary WG meeting August 25 [Surveys],,2026-08-18 01:43:59.169000+00:00,2026-09-02 17:46:15.078000+00:00,u_8b1a42a943,2,False,2,1,1,0,,47,0,,open,,,https://forums.ohdsi.org/t/vocabulary-wg-meeting-august-25-surveys/25789,,2026Q3,109,announcement,"vocabulary_mapping,community_process",OMOP,,,none,False,no_reply,False,False,,high,no_reply,True
f25792,forums,General,Nominate a community member for a 2026 Titan Award for Global Symposium!,,2026-08-18 15:19:00.518000+00:00,2026-08-18 15:19:00.561000+00:00,u_8f4021bf34,2,False,1,0,1,0,,38,0,,open,,,https://forums.ohdsi.org/t/nominate-a-community-member-for-a-2026-titan-award-for-global-symposium/25792,,2026Q3,336,announcement,community_process,,,,none,False,no_reply,False,False,,high,no_reply,True
f25800,forums,General,Authentication of athena,,2026-08-20 01:46:32.172000+00:00,2026-08-24 11:18:34.580000+00:00,u_eafc431a17,1,False,2,1,2,1,2026-08-24 11:18:34.580000+00:00,42,0,,open,,,https://forums.ohdsi.org/t/authentication-of-athena/25800,105.53400222222223,2026Q3,22,question,community_process,Athena,User cannot re-authenticate their Athena account due to popup authentication message.,Regain access to Athena account after authentication failure.,blocker,False,resolved,False,False,Popup message preventing reauthentication to Athena.,high,resolved,False
f25803,forums,General,Job Opportunity - RWD Data Science,,2026-08-20 15:47:18.095000+00:00,2026-08-20 15:47:18.149000+00:00,u_81f3c3c2fd,2,False,1,0,1,0,,61,1,,open,,,https://forums.ohdsi.org/t/job-opportunity-rwd-data-science/25803,,2026Q3,103,job_or_event,,,,,none,False,no_reply,False,False,,high,no_reply,True
f25806,forums,OHDSI in Korea,2026 OHDSI APAC Symposium 관련 안내드립니다,,2026-08-21 05:38:13.128000+00:00,2026-08-24 00:27:55.671000+00:00,u_f5a2206407,2,False,2,1,2,1,2026-08-24 00:27:55.671000+00:00,79,4,,open,,,https://forums.ohdsi.org/t/2026-ohdsi-apac-symposium/25806,66.82848416666667,2026Q3,151,announcement,community_process,"OMOP CDM,MIMIC-IV",,,none,False,no_reply,True,False,,high,no_reply,True
f25807,forums,Implementers,"Required ""OMOP"" resources & capabilities at a hospital or healthcare region",,2026-08-21 08:55:55.878000+00:00,2026-08-21 08:55:55.942000+00:00,u_5a5ee36172,1,False,1,0,1,0,,36,2,,open,,,https://forums.ohdsi.org/t/required-omop-resources-capabilities-at-a-hospital-or-healthcare-region/25807,,2026Q3,114,discussion,infrastructure_deployment,OMOP CDM,"Healthcare organizations lack clarity on what resources, staffing, and capabilities are required to establish and sustain a long-term OMOP infrastructure.",Determine staffing model and resource requirements for implementing and maintaining OMOP infrastructure at a healthcare organization.,major,False,no_reply,True,False,"Need to understand resources, skills, and capabilities required for sustainable OMOP infrastructure.",medium,no_reply,True
f25810,forums,General,Introducing #imaging tag!,,2026-08-21 18:15:22.641000+00:00,2026-08-21 18:15:22.686000+00:00,u_851569cbe4,1,False,1,0,1,0,,24,0,,open,,,https://forums.ohdsi.org/t/introducing-imaging-tag/25810,,2026Q3,121,announcement,learning_onboarding,"OMOP CDM imaging extension,DICOM",,,none,False,no_reply,False,True,,high,no_reply,True
f25812,forums,General,"Join Us in Seoul: 2026 OHDSI APAC Symposium (November 13–15, 2026)",,2026-08-22 03:46:39.650000+00:00,2026-08-24 23:55:41.380000+00:00,u_f5a2206407,2,False,2,1,2,1,2026-08-24 23:55:41.380000+00:00,53,1,,open,,,https://forums.ohdsi.org/t/join-us-in-seoul-2026-ohdsi-apac-symposium-november-13-15-2026/25812,68.15048055555556,2026Q3,241,job_or_event,community_process,MIMIC-IV,,,none,False,no_reply,True,False,,high,no_reply,True
f25815,forums,General,Reminder- less than 10 Hyatt guestrooms left for Global Symposium,,2026-08-22 14:06:16.433000+00:00,2026-08-24 17:21:37.984000+00:00,u_8f4021bf34,2,False,6,5,2,2,2026-08-24 11:46:33.238000+00:00,49,0,,open,,,https://forums.ohdsi.org/t/reminder-less-than-10-hyatt-guestrooms-left-for-global-symposium/25815,45.67133472222222,2026Q3,42,bug,community_process,,Registration system does not process credit card payments when users attempt to place an order.,Book a hotel room for the OHDSI symposium using the online registration system.,major,True,partially,False,False,"nothing happens after clicking PLACE ORDER, also i dont see where to report",high,partially,True
f25821,forums,OHDSI in China,欢迎参加2026 ohdsi 亚太地区研讨会！,,2026-08-24 00:30:15.678000+00:00,2026-08-24 00:30:15.728000+00:00,u_3f9faf676d,1,False,1,0,1,0,,15,0,,open,,,https://forums.ohdsi.org/t/2026-ohdsi/25821,,2026Q3,320,job_or_event,community_process,MIMIC-IV,,,none,False,no_reply,True,False,,high,no_reply,True
f25822,forums,OHDSI in Europe,Welcome to 2026 OHDSI APAC Symposium!,,2026-08-24 00:31:12.508000+00:00,2026-08-24 00:31:12.551000+00:00,u_3f9faf676d,1,False,1,0,1,0,,27,0,,open,,,https://forums.ohdsi.org/t/welcome-to-2026-ohdsi-apac-symposium/25822,,2026Q3,247,job_or_event,community_process,MIMIC-IV,,,none,False,no_reply,True,False,,high,no_reply,True
f25823,forums,OHDSI in Japan,2026 OHDSI APAC Symposium へようこそ！,,2026-08-24 00:32:29.899000+00:00,2026-08-24 00:32:29.939000+00:00,u_3f9faf676d,1,False,1,0,1,0,,15,0,,open,,,https://forums.ohdsi.org/t/2026-ohdsi-apac-symposium/25823,,2026Q3,302,job_or_event,community_process,MIMIC-IV,,,none,False,no_reply,True,False,,high,no_reply,True
f25824,forums,OHDSI en Español,¡Bienvenidos al 2026 OHDSI APAC Symposium!,,2026-08-24 00:33:43.940000+00:00,2026-08-24 00:33:43.995000+00:00,u_3f9faf676d,1,False,1,0,1,0,,17,0,,open,,,https://forums.ohdsi.org/t/bienvenidos-al-2026-ohdsi-apac-symposium/25824,,2026Q3,523,job_or_event,community_process,MIMIC-IV,,,none,False,no_reply,True,False,,high,no_reply,True
f25825,forums,OHDSI in Taiwan,歡迎參加 2026 OHDSI APAC Symposium！,,2026-08-24 00:35:08.089000+00:00,2026-08-24 00:35:08.121000+00:00,u_3f9faf676d,1,False,1,0,1,0,,11,0,,open,,,https://forums.ohdsi.org/t/2026-ohdsi-apac-symposium/25825,,2026Q3,327,job_or_event,community_process,MIMIC-IV,,,none,False,no_reply,True,False,,high,no_reply,True
f25826,forums,OHDSI em Português,Bem-vindos ao 2026 OHDSI APAC Symposium!,,2026-08-24 00:35:56.631000+00:00,2026-08-24 00:35:56.668000+00:00,u_3f9faf676d,1,False,1,0,1,0,,16,0,,open,,,https://forums.ohdsi.org/t/bem-vindos-ao-2026-ohdsi-apac-symposium/25826,,2026Q3,498,job_or_event,community_process,MIMIC-IV,,,none,False,no_reply,True,False,,high,no_reply,True
f25833,forums,General,"Weekly OHDSI Digest - August 24, 2026",,2026-08-24 17:28:08.854000+00:00,2026-08-24 17:28:08.901000+00:00,u_8f4021bf34,2,False,1,0,1,0,,33,0,,open,,,https://forums.ohdsi.org/t/weekly-ohdsi-digest-august-24-2026/25833,,2026Q3,1346,announcement,community_process,,,,none,False,no_reply,False,False,,high,no_reply,True
f25842,forums,Uncategorized,Nominate a community member for a Titan Award!,,2026-08-25 13:24:51.351000+00:00,2026-08-25 13:24:51.404000+00:00,u_8f4021bf34,2,False,1,0,1,0,,15,1,,open,,,https://forums.ohdsi.org/t/nominate-a-community-member-for-a-titan-award/25842,,2026Q3,336,job_or_event,community_process,,,,none,False,no_reply,False,False,,high,no_reply,True
f25843,forums,General,2026 OHDSI Global Symposium Sponsorship,,2026-08-25 13:28:22.187000+00:00,2026-08-25 13:28:22.225000+00:00,u_8f4021bf34,2,False,1,0,1,0,,20,0,,open,,,https://forums.ohdsi.org/t/2026-ohdsi-global-symposium-sponsorship/25843,,2026Q3,99,announcement,community_process,,,,none,False,no_reply,False,False,,high,no_reply,True
f25844,forums,General,Exhibit at the 2026 OHDSI Global Symposium! a few spots left!,,2026-08-25 13:32:23.278000+00:00,2026-08-25 13:32:23.324000+00:00,u_8f4021bf34,2,False,1,0,1,0,,26,0,,open,,,https://forums.ohdsi.org/t/exhibit-at-the-2026-ohdsi-global-symposium-a-few-spots-left/25844,,2026Q3,48,announcement,community_process,,,,none,False,no_reply,False,False,,high,no_reply,True
f25858,forums,Vocabulary Users,Meddra EULA how do you get access to mappings in Athena?,vocabularies,2026-08-26 13:12:13.942000+00:00,2026-08-27 08:01:06.423000+00:00,u_f17ecbbe6c,1,False,2,1,2,1,2026-08-27 08:01:06.423000+00:00,29,0,,open,,,https://forums.ohdsi.org/t/meddra-eula-how-do-you-get-access-to-mappings-in-athena/25858,18.814578055555554,2026Q3,62,question,vocabulary_mapping,"Athena,Vocabulary",User cannot access MedDRA mappings in Athena because the EULA link is not clickable.,Map CTCAE to OMOP standard vocabularies using a MedDRA license.,major,False,resolved,False,True,In the portal there is a non-link little clock with EULA,high,resolved,False
f25861,forums,Vocabulary Users,"ICD10CM G23.1 maps to sibling SNOMED concept, unreachable from PSP ancestor via CONCEPT_ANCESTOR",,2026-08-26 15:24:19.882000+00:00,2026-08-28 07:15:07.635000+00:00,u_5afcb4d0a7,1,True,5,4,2,2,2026-08-27 07:52:21.024000+00:00,49,1,,open,,,https://forums.ohdsi.org/t/icd10cm-g23-1-maps-to-sibling-snomed-concept-unreachable-from-psp-ancestor-via-concept-ancestor/25861,16.46698388888889,2026Q3,339,bug,"vocabulary_mapping,cohort_definition","Athena,Vocabulary,Atlas","ICD-10-CM code G23.1 is not reachable through CONCEPT_ANCESTOR hierarchy, causing ATLAS cohort definitions to miss all patients coded with this PSP code.",Build cohort definitions for Progressive Supranuclear Palsy that capture all patients coded with ICD-10-CM G23.1 using CONCEPT_ANCESTOR.,blocker,True,unresolved,True,True,897 patients in our system under G23.1 invisible to hierarchy-based query,high,unresolved,True
f25864,forums,General,Last Days to Comment on Survey Best Practices Proposal,,2026-08-26 20:52:42.061000+00:00,2026-08-26 20:52:42.103000+00:00,u_2be2abf568,2,False,1,0,1,0,,17,0,,open,,,https://forums.ohdsi.org/t/last-days-to-comment-on-survey-best-practices-proposal/25864,,2026Q3,42,announcement,community_process,,,,none,False,no_reply,False,False,,high,no_reply,True
f25865,forums,General,"Introducing myself and seeking to collaborate, help and assist",,2026-08-26 23:22:05.185000+00:00,2026-08-26 23:22:05.248000+00:00,u_63a91efbc2,0,False,1,0,1,0,,47,1,,open,,,https://forums.ohdsi.org/t/introducing-myself-and-seeking-to-collaborate-help-and-assist/25865,,2026Q3,572,discussion,community_process,,,Find collaborators to integrate GeroScience and systems biology approaches with cardiovascular medicine using observational health data.,none,False,no_reply,False,False,,medium,no_reply,True
f25870,forums,Vocabulary Users,Using CONCEPT_ANCESTOR to generate ICD-10-CM code lists for EHR source queries — findings from three clinical domains,,2026-08-27 17:52:46.816000+00:00,2026-08-31 07:27:53.393000+00:00,u_5afcb4d0a7,1,True,3,2,3,2,2026-08-30 14:48:33.707000+00:00,61,0,,open,,,https://forums.ohdsi.org/t/using-concept-ancestor-to-generate-icd-10-cm-code-lists-for-ehr-source-queries-findings-from-three-clinical-domains/25870,68.92969194444444,2026Q3,998,discussion,"vocabulary_mapping,cohort_definition,data_quality","Atlas,Athena,Vocabulary,Epic",Using CONCEPT_ANCESTOR to map SNOMED to ICD-10-CM for EHR queries produces incomplete code lists missing thousands of patients compared to manual enumeration.,Build hierarchy-based EHR cohort definitions that self-maintain across ICD-10-CM updates without manual enumeration.,major,False,unresolved,True,True,"hierarchy misses 21,667 patients manual enumeration finds in congenital heart disease",high,unresolved,True
f25881,forums,General,OMOP CDM v5.5 Release!,,2026-08-28 14:29:07.228000+00:00,2026-08-28 14:29:07.272000+00:00,u_6590a1d640,2,False,1,0,1,0,,319,5,,open,,,https://forums.ohdsi.org/t/omop-cdm-v5-5-release/25881,,2026Q3,560,announcement,etl_cdm_conversion,"CommonDataModel,Athena,Vocabulary",,,none,False,no_reply,False,False,,high,no_reply,True
f25883,forums,General,Hiring: Sr. Scientist – Translational Genetics & Real-World Evidence at Arrowhead Pharmaceuticals,,2026-08-29 07:51:18.468000+00:00,2026-08-29 07:51:18.545000+00:00,u_82dc26c3cf,1,False,1,0,1,0,,43,0,,open,,,https://forums.ohdsi.org/t/hiring-sr-scientist-translational-genetics-real-world-evidence-at-arrowhead-pharmaceuticals/25883,,2026Q3,292,job_or_event,"learning_onboarding,community_process",OHDSI,,,none,False,no_reply,True,False,,high,no_reply,True
f25886,forums,Uncategorized,Nominate a community member for a 2026 Titan Award!,,2026-08-29 13:25:13.649000+00:00,2026-08-29 13:25:13.693000+00:00,u_8f4021bf34,2,False,1,0,1,0,,17,0,,open,,,https://forums.ohdsi.org/t/nominate-a-community-member-for-a-2026-titan-award/25886,,2026Q3,11,job_or_event,community_process,,,,none,False,no_reply,False,False,,high,no_reply,True
f25897,forums,Vocabulary Users,August 2026 vocabulary release is available in Athena!,,2026-08-31 09:32:25.628000+00:00,2026-08-31 09:32:25.673000+00:00,u_dea3b89267,2,False,1,0,1,0,,75,4,,open,,,https://forums.ohdsi.org/t/august-2026-vocabulary-release-is-available-in-athena/25897,,2026Q3,187,announcement,"vocabulary_mapping,learning_onboarding","Athena,Vocabulary,SNOMED,LOINC",,,none,False,no_reply,False,True,,high,no_reply,True
f25898,forums,General,3 weeks left to make a hotel room at the Hyatt Regency for the Global Symposium,,2026-08-31 14:34:14.748000+00:00,2026-08-31 14:34:14.786000+00:00,u_8f4021bf34,2,False,1,0,1,0,,26,0,,open,,,https://forums.ohdsi.org/t/3-weeks-left-to-make-a-hotel-room-at-the-hyatt-regency-for-the-global-symposium/25898,,2026Q3,49,announcement,community_process,,,,none,False,no_reply,False,False,,high,no_reply,True
f25899,forums,General,"Weekly OHDSI Digest - August 31, 2026",,2026-08-31 15:09:18.467000+00:00,2026-08-31 15:09:18.506000+00:00,u_8f4021bf34,2,False,1,0,1,0,,47,0,,open,,,https://forums.ohdsi.org/t/weekly-ohdsi-digest-august-31-2026/25899,,2026Q3,1215,announcement,"community_process,vocabulary_mapping","Vocabulary,MIMIC-IV",,,none,False,no_reply,False,False,,high,no_reply,True
f25905,forums,Vocabulary Users,LOINC 2.83 changes and Athena/OMOP impacts,"vocabularies,vocab",2026-09-01 15:21:50.495000+00:00,2026-09-01 15:21:50.562000+00:00,u_25a3c6a5a6,1,False,1,0,1,0,,36,0,,open,,,https://forums.ohdsi.org/t/loinc-2-83-changes-and-athena-omop-impacts/25905,,2026Q3,159,question,"vocabulary_mapping,harmonization_context","Athena,LOINC,Vocabulary",LOINC 2.83 post-coordination approach may not align with US lab systems that cannot decouple methods from test orders.,Understand how post-coordinated LOINC will be represented in Athena vocabulary and OMOP Measurement table.,major,False,unresolved,False,True,No LISs/labs in the US have capability to map to multiple LOINCs,medium,no_reply,True
f25916,forums,General,How to marry cost and care through coding and outcomes data,"atlas,vocabularies,patientprediction,estimationmethods,metadata",2026-09-02 18:37:45.701000+00:00,2026-09-03 17:42:47.264000+00:00,u_1ede4c9153,0,False,2,1,2,1,2026-09-03 17:42:47.264000+00:00,38,0,,open,,,https://forums.ohdsi.org/t/how-to-marry-cost-and-care-through-coding-and-outcomes-data/25916,23.083767499999997,2026Q3,175,discussion,community_process,OHDSI,,Connect cost data with health outcomes to understand how coding and compensation models affect volume versus value in healthcare systems.,none,False,partially,True,False,,medium,partially,True
f25924,forums,Uncategorized,5 guestrooms left in the OHDSI Discounted Room block for the Global Symposium!,,2026-09-03 15:20:55.463000+00:00,2026-09-03 15:20:55.513000+00:00,u_8f4021bf34,2,False,1,0,1,0,,28,0,,open,,,https://forums.ohdsi.org/t/5-guestrooms-left-in-the-ohdsi-discounted-room-block-for-the-global-symposium/25924,,2026Q3,47,announcement,community_process,,,,none,False,no_reply,False,False,,high,no_reply,True
f25926,forums,Uncategorized,Clinical Trials/Registry tutorial at OHDSI symposium,,2026-09-03 17:37:03.892000+00:00,2026-09-03 17:37:03.940000+00:00,u_9c94568ef1,2,False,1,0,1,0,,29,0,,open,,,https://forums.ohdsi.org/t/clinical-trials-registry-tutorial-at-ohdsi-symposium/25926,,2026Q3,40,job_or_event,"community_process,learning_onboarding",,,,none,False,no_reply,False,False,,high,no_reply,True
f25942,forums,Developers,Introducing the Custom Vocabulary Browser: exploring OMOP-compatible concepts beyond Athena,vocabularies,2026-09-07 14:10:03.297000+00:00,2026-09-29 15:01:36.919000+00:00,u_0f05fd9988,2,True,3,2,2,1,2026-09-08 16:27:40.096000+00:00,124,12,,open,,,https://forums.ohdsi.org/t/introducing-the-custom-vocabulary-browser-exploring-omop-compatible-concepts-beyond-athena/25942,26.293555277777777,2026Q3,583,announcement,"vocabulary_mapping,learning_onboarding","Athena,OHDSI",Custom OMOP-compatible concepts outside Athena distribution lack simple discovery and inspection tools.,Search and inspect custom OMOP concepts maintained outside standard Athena distribution.,minor,False,resolved,False,False,"there should be a simple, transparent way to find, inspect, review concepts",high,resolved,False
f25947,forums,General,Titan Award Deadline Sept 22nd! Please nominate a deserving community member,,2026-09-08 12:06:03.045000+00:00,2026-09-08 12:06:03.091000+00:00,u_8f4021bf34,2,False,1,0,1,0,,28,0,,open,,,https://forums.ohdsi.org/t/titan-award-deadline-sept-22nd-please-nominate-a-deserving-community-member/25947,,2026Q3,11,announcement,community_process,,,,none,False,no_reply,False,False,,high,no_reply,True
f25949,forums,Uncategorized,Reminder- only a few guestrooms left at the hyatt! book your hotel room for the global symposium today,,2026-09-08 13:08:11.250000+00:00,2026-09-08 13:08:11.317000+00:00,u_8f4021bf34,2,False,1,0,1,0,,26,0,,open,,,https://forums.ohdsi.org/t/reminder-only-a-few-guestrooms-left-at-the-hyatt-book-your-hotel-room-for-the-global-symposium-today/25949,,2026Q3,56,announcement,community_process,,,,none,False,no_reply,False,False,,high,no_reply,True
f25954,forums,General,OHDSI Boston Node,,2026-09-09 04:20:57.402000+00:00,2026-10-02 17:15:48.784000+00:00,u_81f3c3c2fd,2,False,9,8,8,7,2026-09-09 11:10:06.376000+00:00,133,10,,open,,,https://forums.ohdsi.org/t/ohdsi-boston-node/25954,6.819159444444444,2026Q3,470,discussion,"community_process,network_study_execution","Strategus,OHDSI",,Start a regional OHDSI node in Boston to generate public health evidence through federated network studies.,none,False,partially,True,False,,medium,partially,True
f25979,forums,General,Register for the Global Symposium! Oct 20-22,,2026-09-14 14:14:38.829000+00:00,2026-09-14 14:14:38.880000+00:00,u_8f4021bf34,2,False,1,0,1,0,,24,0,,open,,,https://forums.ohdsi.org/t/register-for-the-global-symposium-oct-20-22/25979,,2026Q3,25,announcement,community_process,,,,none,False,no_reply,False,False,,high,no_reply,True
f25982,forums,General,"Weekly OHDSI Digest - September 14, 2026",,2026-09-14 17:21:27.629000+00:00,2026-09-14 17:21:27.679000+00:00,u_8f4021bf34,2,False,1,0,1,0,,31,0,,open,,,https://forums.ohdsi.org/t/weekly-ohdsi-digest-september-14-2026/25982,,2026Q3,1131,announcement,community_process,OHDSI,,,none,False,no_reply,False,False,,high,no_reply,True
f25987,forums,General,OHDSI Jam Session Song Signup,,2026-09-15 07:12:47.133000+00:00,2026-09-30 04:32:25.760000+00:00,u_185b1c1438,4,False,3,2,1,0,,171,2,,open,,,https://forums.ohdsi.org/t/ohdsi-jam-session-song-signup/25987,,2026Q3,257,job_or_event,community_process,,,,none,False,partially,False,False,,high,no_reply,True
f25994,forums,Researchers,Seeking Collaborators: Understanding Site-specific Data Differences,,2026-09-16 15:40:32.747000+00:00,2026-09-16 15:40:32.795000+00:00,u_917cdfabc4,0,False,1,0,1,0,,37,2,,open,,,https://forums.ohdsi.org/t/seeking-collaborators-understanding-site-specific-data-differences/25994,,2026Q3,170,discussion,"data_quality,learning_onboarding",OHDSI,,Understand and detect site-specific data differences that impact analysis validity across multiple OHDSI datasets.,none,False,no_reply,True,False,,medium,no_reply,True
f26001,forums,Implementers,Is Synthea procedures.csv mapping to multiple OMOP tables  expected under domain-driven ETL?,,2026-09-18 05:27:39.173000+00:00,2026-09-22 17:09:21.765000+00:00,u_8c3c8edbf7,0,False,3,2,2,1,2026-09-21 15:01:28.269000+00:00,46,1,,open,,,https://forums.ohdsi.org/t/is-synthea-procedures-csv-mapping-to-multiple-omop-tables-expected-under-domain-driven-etl/26001,81.56363777777779,2026Q3,268,question,"etl_cdm_conversion,vocabulary_mapping","Synthea,CommonDataModel","Synthea procedures.csv routes to multiple OMOP tables via domain-driven ETL, diverging from ETL-Synthea's simpler table-oriented approach.",Verify whether domain-driven ETL routing source rows by standard concept domain is correct OMOP practice.,minor,False,resolved,False,True,large share of Synthea procedures map to Measurement or Observation standard concepts,high,resolved,False
f26005,forums,General,4 More Days to Nominate a 2026 Titan! Nominate Now!,,2026-09-18 13:25:20.628000+00:00,2026-09-18 13:25:20.679000+00:00,u_8f4021bf34,2,False,1,0,1,0,,13,0,,open,,,https://forums.ohdsi.org/t/4-more-days-to-nominate-a-2026-titan-nominate-now/26005,,2026Q3,8,announcement,community_process,,,,none,False,no_reply,False,False,,high,no_reply,True
f26006,forums,General,HMA/EMA multistakeholder AI and Data forum - 12&13 November 2026,,2026-09-18 13:36:30.315000+00:00,2026-09-18 13:36:30.366000+00:00,u_d1cb658a4b,1,False,1,0,1,0,,33,0,,open,,,https://forums.ohdsi.org/t/hma-ema-multistakeholder-ai-and-data-forum-12-13-november-2026/26006,,2026Q3,366,job_or_event,"governance_privacy,community_process",,,,none,False,no_reply,True,False,,high,no_reply,True
f26008,forums,Uncategorized,Will AI Help or Hurt OHDSI's Global Mission?,,2026-09-18 22:26:20.632000+00:00,2026-09-18 22:26:20.684000+00:00,u_82dc26c3cf,1,False,1,0,1,0,,33,0,,open,,,https://forums.ohdsi.org/t/will-ai-help-or-hurt-ohdsis-global-mission/26008,,2026Q3,200,discussion,community_process,,,,none,False,no_reply,False,False,,medium,no_reply,True
f26010,forums,Uncategorized,3 more days to nominate a 2026 Titan!,,2026-09-19 17:46:59.535000+00:00,2026-09-19 17:46:59.591000+00:00,u_8f4021bf34,2,False,1,0,1,0,,16,0,,open,,,https://forums.ohdsi.org/t/3-more-days-to-nominate-a-2026-titan/26010,,2026Q3,8,announcement,community_process,,,,none,False,no_reply,False,False,,high,no_reply,True
f26014,forums,Implementers,Large-Scale Propensity Score implementation,,2026-09-20 11:17:18.730000+00:00,2026-09-20 11:17:18.805000+00:00,u_3c365a3d4c,1,False,1,0,1,0,,26,0,,open,,,https://forums.ohdsi.org/t/large-scale-propensity-score-implementation/26014,,2026Q3,97,question,estimation,"Atlas,CohortMethod",User lacks guidance on implementing Large-Scale Propensity Scores in locally deployed ATLAS for multi-treatment comparisons.,Implement Large-Scale Propensity Score analysis in ATLAS to compare safety and adverse drug reactions across five JAK inhibitors.,major,False,no_reply,False,False,very interested in learning how to implement Large-Scale Propensity Scores in ATLAS,high,no_reply,True
f26018,forums,General,"Weekly OHDSI Digest - September 21, 2026",,2026-09-21 15:36:56.446000+00:00,2026-09-21 15:36:56.494000+00:00,u_8f4021bf34,2,False,1,0,1,0,,25,0,,open,,,https://forums.ohdsi.org/t/weekly-ohdsi-digest-september-21-2026/26018,,2026Q3,1268,announcement,community_process,OHDSI,,,none,False,no_reply,False,False,,high,no_reply,True
f26019,forums,General,Deadline to Nominate a 2026 Titan is tomorrow by 8pm!,,2026-09-21 15:38:55.775000+00:00,2026-09-21 15:38:55.815000+00:00,u_8f4021bf34,2,False,1,0,1,0,,18,0,,open,,,https://forums.ohdsi.org/t/deadline-to-nominate-a-2026-titan-is-tomorrow-by-8pm/26019,,2026Q3,8,announcement,community_process,,,,none,False,no_reply,False,False,,high,no_reply,True
f26029,forums,Vocabulary Users,Current alternatives to Usagi for scalable concept assignment?,"cdm,vocabularies",2026-09-22 14:52:39.202000+00:00,2026-09-30 19:44:57.753000+00:00,u_79a8c19418,1,False,6,5,3,2,2026-09-24 14:36:28.478000+00:00,75,2,,open,,,https://forums.ohdsi.org/t/current-alternatives-to-usagi-for-scalable-concept-assignment/26029,47.73035444444445,2026Q3,170,question,"vocabulary_mapping,etl_cdm_conversion","Usagi,Athena,Vocabulary,Keun",Usagi's local Java installation is problematic in enterprise environment and no scalable web-based alternative with human validation workflow is available.,Find scalable web-based tool for assigning standard OMOP concepts to local EHR source values with human review.,major,False,partially,False,True,Usagi's local Java installation problematic in our enterprise environment,high,partially,True
f26034,forums,Vocabulary Users,Vocabulary WG meeting October 13 [Surveys],,2026-09-23 12:22:46.789000+00:00,2026-09-23 12:22:46.842000+00:00,u_8b1a42a943,2,False,1,0,1,0,,18,0,,open,,,https://forums.ohdsi.org/t/vocabulary-wg-meeting-october-13-surveys/26034,,2026Q3,26,job_or_event,"vocabulary_mapping,community_process",Vocabulary,,,none,False,no_reply,False,False,,high,no_reply,True
f26045,forums,Implementers,Running ACHILLES with large postgres OMOP database,,2026-09-24 19:17:15.950000+00:00,2026-09-24 19:17:15.998000+00:00,u_1f91332d60,1,False,1,0,1,0,,27,0,,open,,,https://forums.ohdsi.org/t/running-achilles-with-large-postgres-omop-database/26045,,2026Q3,155,question,"data_quality,infrastructure_deployment","Achilles,Postgres,SqlRender,R,SQL Server",Running Achilles on large OMOP databases with billions of rows in Postgres is slow or fails silently.,Optimize and execute Achilles analysis queries on very large OMOP databases with acceptable performance.,major,True,no_reply,False,False,long queries in our postgres database...SqlRender() version for postgres are often not efficient,high,no_reply,True
f26050,forums,Researchers,Drug Dose Data,,2026-09-25 13:14:26.873000+00:00,2026-10-01 14:09:21.833000+00:00,u_989a8dc31b,0,False,2,1,2,1,2026-10-01 14:09:21.833000+00:00,36,1,,open,,,https://forums.ohdsi.org/t/drug-dose-data/26050,144.91526666666667,2026Q3,102,question,"network_study_execution,data_quality,characterization",CommonDataModel,"Sites map drugs to different granularity levels and populate quantity differently, preventing consistent dose derivation across sites.",Calculate drug dose consistently across multiple OMOP sites despite variation in drug mapping and quantity representation.,major,False,no_reply,True,True,sites map drugs to different levels of granularity...populate their quantity differently,high,no_reply,True
f26057,forums,Uncategorized,Register for the global symposium and tutorials- less than a month away,,2026-09-26 13:54:45.636000+00:00,2026-09-26 13:54:45.684000+00:00,u_8f4021bf34,2,False,1,0,1,0,,10,0,,open,,,https://forums.ohdsi.org/t/register-for-the-global-symposium-and-tutorials-less-than-a-month-away/26057,,2026Q3,0,,,,,,,,,,,,,no_reply,True
f26065,forums,Uncategorized,MEASUREMENT vs OBSERVATION,vocabularies,2026-09-28 03:42:42.519000+00:00,2026-09-29 20:11:43.505000+00:00,u_fb41d4a681,1,False,3,2,2,1,2026-09-28 15:30:29.679000+00:00,44,0,,open,,,https://forums.ohdsi.org/t/measurement-vs-observation/26065,11.796433333333335,2026Q3,49,question,"vocabulary_mapping,data_quality","Vocabulary,CommonDataModel",It is unclear why pregnancy weight gain is coded as an OBSERVATION rather than a MEASUREMENT concept.,Understand the conceptual distinction between MEASUREMENT and OBSERVATION domains for weight-related concepts in OMOP vocabulary.,minor,False,resolved,False,True,birthweight is MEASUREMENT...pregnancy weight gain is OBSERVATION. Why is pregnancy weight gain...MEASUREMENT?,high,resolved,False
f26066,forums,Uncategorized,Mapping birth delivery method,cdm,2026-09-28 04:08:35.925000+00:00,2026-09-28 08:23:20.938000+00:00,u_fb41d4a681,1,False,2,1,2,1,2026-09-28 08:23:20.938000+00:00,22,0,,open,,,https://forums.ohdsi.org/t/mapping-birth-delivery-method/26066,4.245836944444445,2026Q3,63,question,"vocabulary_mapping,data_quality,etl_cdm_conversion",CommonDataModel,It is unclear how to map repeat C-section when it has both a procedure_concept_id and observation_concept_id.,"Map birth delivery method source data correctly to OMOP, handling both primary and repeat C-section appropriately.",minor,False,partially,False,True,Repeat C-section has observation_concept_id. Should I create a record in both PROCEDURE and OBSERVATION?,high,partially,True
f26068,forums,Developers,WhiteRabbit / Rabbit in a Hat version 1.1.0 with CDM 5.5 support release candidate,,2026-09-28 09:26:15.359000+00:00,2026-09-28 09:26:15.416000+00:00,u_e686088933,1,False,1,0,1,0,,21,0,,open,,,https://forums.ohdsi.org/t/whiterabbit-rabbit-in-a-hat-version-1-1-0-with-cdm-5-5-support-release-candidate/26068,,2026Q3,45,announcement,etl_cdm_conversion,"WhiteRabbit,RabbitInAHat,Databricks,Java",,,none,False,no_reply,False,True,,high,no_reply,True
f26073,forums,General,"Weekly OHDSI Digest - September 28, 2026",,2026-09-28 17:03:40.086000+00:00,2026-09-28 17:03:40.141000+00:00,u_8f4021bf34,2,False,1,0,1,0,,20,0,,open,,,https://forums.ohdsi.org/t/weekly-ohdsi-digest-september-28-2026/26073,,2026Q3,1499,announcement,"community_process,results_sharing_dissemination",,,,none,False,no_reply,False,False,,high,no_reply,True
f26074,forums,Uncategorized,Fact_relationship.relationship_concept_id (table fact_relationship revisited in 2026),,2026-09-28 21:44:56.383000+00:00,2026-10-01 17:53:55.133000+00:00,u_9c94568ef1,2,True,5,4,4,4,2026-09-29 15:09:33.477000+00:00,38,1,,open,,,https://forums.ohdsi.org/t/fact-relationship-relationship-concept-id-table-fact-relationship-revisited-in-2026/26074,17.410303888888887,2026Q3,167,discussion,"characterization,data_quality,community_process","Atlas,CommonDataModel",Current use cases and best practices for the fact_relationship table in OMOP CDM are unclear and not well standardized.,Identify and standardize best practices for using fact_relationship to link related records in OMOP CDM.,minor,False,unresolved,False,False,could you post what you are using [fact_relationship table] for? compare notes,high,unresolved,True
f26079,forums,Vocabulary Users,MedDRA License,,2026-09-30 18:04:31.454000+00:00,2026-09-30 18:04:31.519000+00:00,u_7574c9a4c2,0,False,1,0,1,0,,17,0,,open,,,https://forums.ohdsi.org/t/meddra-license/26079,,2026Q3,63,question,"vocabulary_mapping,governance_privacy","Athena,Vocabulary",Accessing MedDRA vocabulary requires a license and the process for sharing a corporate license across multiple user accounts is unclear.,Obtain MedDRA vocabulary access through corporate license to use in mapping source data to OMOP.,minor,False,no_reply,False,True,colleague has corporate entity license...will I be able to add it to mine too?,high,no_reply,True
